# 3ds Max Wavefront OBJ Exporter v0.99 - (c)2007 guruware
# File Created: 15.01.2022 08:38:15

mtllib FullBody.mtl

#
# object LowBody
#

v  2538.0950 261.5244 282.2668
v  2537.4250 261.4651 317.6658
v  2584.7991 233.0226 312.5609
v  2585.3259 235.0456 277.0378
v  2560.3621 737.5246 -21.0841
v  2563.9990 747.5337 -21.0841
v  2561.7461 748.9091 169.9036
v  2558.6460 738.7140 170.0799
v  2468.8770 738.7442 726.8616
v  2473.9561 731.4495 727.1061
v  2490.0779 738.9797 720.8060
v  2487.3650 747.3822 718.9207
v  2487.2549 906.0344 -21.0841
v  2385.6951 911.8341 -21.0841
v  2383.6670 910.8744 203.8548
v  2493.8379 904.4439 227.5937
v  2525.5859 261.6275 602.8943
v  2571.8911 233.1415 610.9243
v  2575.8369 235.8043 494.8972
v  2534.4050 258.8844 489.6698
v  -1507.7209 587.2447 467.3491
v  -1507.3740 580.8069 470.3600
v  -1505.9919 580.8176 475.5766
v  -1505.5000 592.2460 482.3890
v  2519.5750 260.6896 646.5121
v  2547.4900 290.4211 609.1749
v  2542.4241 295.0184 659.9860
v  2230.9480 237.4832 753.8545
v  2103.1589 224.2245 770.1829
v  2109.1599 201.6901 779.1483
v  2239.7959 212.5810 763.9551
v  -1492.4600 705.2811 612.4418
v  -1517.0160 709.7157 507.3154
v  -1510.3870 692.1367 522.8370
v  -1494.1160 692.8644 600.0781
v  2361.0681 709.5306 758.8296
v  2359.2129 734.8731 756.6351
v  2178.8711 734.5272 781.6375
v  1829.0680 743.3332 764.6329
v  1832.9969 726.4077 801.7116
v  2031.3280 732.2249 794.1467
v  2037.1370 745.5138 760.4592
v  -1509.4740 544.2787 430.7628
v  -1507.7450 512.5355 437.7833
v  -1502.1429 561.2324 469.2105
v  -1507.7209 567.9180 456.2993
v  2627.8811 355.6230 252.7559
v  2623.6121 353.3524 341.1324
v  2560.1260 291.3587 308.2265
v  2562.2400 292.0360 212.3620
v  -774.0688 858.9637 311.0659
v  -916.0624 846.7335 305.3052
v  -903.4731 842.8871 397.9741
v  -766.6249 854.4926 404.3200
v  -1465.1240 708.7121 648.9430
v  -1346.1040 742.4088 670.8281
v  -1352.4550 757.6718 618.9937
v  -1470.7190 719.7792 612.8986
v  2494.3140 496.3783 742.9265
v  2490.1721 503.3993 733.1771
v  2390.7981 496.9827 764.0298
v  -1521.0140 674.2550 463.2588
v  -1531.4139 708.4860 438.6340
v  -1527.7980 690.0033 432.3592
v  -1520.9640 670.1312 455.0141
v  -1645.4700 369.9489 -21.0841
v  -1595.5900 354.3808 -21.0841
v  -1590.4611 355.8108 141.6717
v  -1646.3890 374.4443 146.7192
v  2504.1399 258.9722 673.8707
v  2469.5520 256.2842 696.7316
v  2493.0601 229.1507 710.2087
v  2540.6260 232.3031 686.0632
v  2558.8940 225.3532 653.2424
v  2568.2610 224.4797 607.9169
v  2563.1189 233.7363 656.7628
v  -1517.3480 514.0949 383.2667
v  -1512.7159 487.9977 385.0596
v  -1503.2430 488.2130 439.0421
v  2527.4641 717.9368 169.4386
v  2529.5061 718.1232 -21.0841
v  -169.5573 899.1780 665.5146
v  -125.5160 943.4915 653.2039
v  -176.9275 970.2155 636.0297
v  -240.1045 918.9600 649.1974
v  -1360.1740 456.6163 769.5415
v  -1364.3610 384.4182 773.5962
v  -1291.6680 387.4295 788.8406
v  -1272.7220 456.6911 786.8630
v  2587.8020 345.1626 675.7199
v  2600.8301 377.2120 695.5524
v  2538.2571 370.0803 726.0010
v  2536.5740 334.9578 708.0599
v  2545.4021 769.7186 548.7660
v  2555.5901 769.0758 347.0608
v  2550.7019 835.7986 354.8740
v  2540.3340 836.9725 549.8743
v  -332.1192 910.4786 610.0417
v  -409.5873 865.5849 629.7792
v  -347.0680 826.9083 698.2386
v  -285.1197 880.0833 656.3132
v  2446.6089 557.4703 744.9219
v  2489.1201 540.5569 732.7538
v  -1520.1689 245.2005 477.7345
v  -1549.0360 185.7476 482.0699
v  -1484.0000 183.6918 703.5004
v  -1453.4611 247.8742 704.1194
v  -1570.0590 373.5885 599.9430
v  -1543.4250 372.7614 672.2802
v  -1549.5129 382.2497 673.8301
v  -1572.6190 381.5343 599.8472
v  1605.6630 1275.3810 428.9181
v  1642.6591 1257.0450 431.7899
v  1655.0291 1267.2310 345.1048
v  1618.1920 1283.5510 339.0481
v  2342.0391 848.7593 679.9796
v  2357.4661 740.5710 747.7137
v  2426.8491 792.1541 711.5958
v  2463.1221 846.8011 674.3225
v  2145.2200 852.7731 680.2441
v  2040.9919 852.9553 683.1161
v  2166.1111 746.1194 754.9900
v  -1346.8180 536.6400 753.7542
v  -1434.8860 535.8118 711.2653
v  -1422.7200 488.3850 716.3722
v  -1346.6429 485.1650 755.7023
v  -1523.9200 487.6433 322.2898
v  -1556.5800 486.0914 142.9529
v  -1641.0800 471.6848 162.5210
v  -1617.8770 471.8245 336.3777
v  -41.3805 1083.5000 597.8878
v  -5.3754 1050.2850 619.3627
v  2537.7200 225.3481 680.4587
v  1465.4139 1331.9620 244.6811
v  1312.1930 1342.8750 177.8793
v  1305.1560 1338.0110 333.5718
v  1457.7600 1328.0850 336.1552
v  2137.2690 904.4730 659.1022
v  2214.9490 907.3337 540.7374
v  2107.9541 908.9240 547.4430
v  2070.1389 908.0721 615.8644
v  2227.1880 273.7824 762.0108
v  2393.0320 248.2948 723.5835
v  2396.3950 284.3336 731.0326
v  -56.3805 528.3288 751.7248
v  784.7310 544.4064 756.0237
v  777.0313 733.6852 755.1329
v  -67.5727 718.4072 754.5241
v  2501.4509 840.7641 668.9351
v  2469.5659 895.4451 650.9760
v  2493.9141 839.2416 675.1744
v  2342.9670 899.5801 657.2500
v  2355.1021 903.6882 543.6667
v  2456.7690 707.6407 736.1071
v  2466.3411 707.7876 732.9860
v  -1193.6550 828.5493 157.8645
v  -1333.6000 805.5850 147.8641
v  -1269.0490 806.4492 294.7859
v  -1128.8940 825.5581 295.6813
v  -1590.8990 368.9435 428.9533
v  -1583.1760 369.0648 471.4838
v  -1595.2180 373.7097 472.8787
v  -1601.7830 372.7473 430.1714
v  -1546.0010 658.0606 265.8691
v  -1554.4449 711.0449 299.2599
v  -1577.2810 712.5631 129.0440
v  -1574.6689 658.2643 94.0112
v  1549.1260 597.6903 815.1548
v  1678.3820 607.2983 810.7029
v  1684.5950 727.0364 801.7571
v  1504.6281 725.1337 797.7957
v  -1517.7560 738.3955 292.3433
v  -1411.3420 778.2708 291.6069
v  -1462.6060 775.4265 139.9372
v  -1542.8970 742.9092 122.9242
v  2554.7000 503.8635 -21.0841
v  2554.7151 534.5003 -21.0841
v  2554.1479 534.6815 132.1592
v  2551.5120 503.9104 134.7280
v  2555.4700 738.0994 258.6068
v  2559.3521 749.3643 259.9743
v  1993.6541 304.3007 797.0558
v  2099.4661 315.8411 789.8468
v  2091.7219 362.2286 801.1639
v  1987.7070 355.3333 808.5453
v  2643.8301 493.6671 247.1435
v  2644.7200 376.8786 255.4515
v  2646.3269 377.2286 142.0151
v  2645.2839 493.5614 140.1594
v  2628.8611 355.2057 141.8153
v  2526.5459 720.1822 260.1542
v  2618.2791 350.2200 409.8557
v  2642.3899 376.2963 345.2415
v  2640.1169 376.2354 412.9301
v  2491.3040 222.6954 702.5852
v  2466.5759 799.6608 703.7862
v  2498.7639 811.6360 689.8793
v  2509.0979 816.2552 675.1186
v  2530.9939 836.2806 667.7335
v  2522.2930 876.3114 654.7541
v  -747.2887 595.2803 815.2394
v  -626.6604 489.1277 802.8649
v  -543.2014 535.5960 793.0562
v  -701.0778 697.1693 793.0192
v  2480.9741 897.8214 543.3214
v  -1545.1541 355.6684 412.9569
v  -1529.8730 355.8433 484.1315
v  -1517.2440 658.5234 466.8260
v  -1516.1010 649.7389 466.9300
v  2243.1709 914.9512 169.0184
v  2235.5691 913.6078 282.7568
v  2371.9270 909.5419 315.8835
v  -1566.5210 368.7952 544.9260
v  -1580.5790 374.3011 546.7419
v  -1456.3970 489.3867 666.5224
v  -1463.1780 525.5696 666.3197
v  -1470.6100 514.9742 623.2532
v  -1468.2130 488.4108 624.7416
v  2098.8000 255.4370 774.4932
v  -1220.6090 779.8735 627.7534
v  -1232.6760 795.9702 518.0921
v  -1370.3051 771.4578 511.8041
v  -1513.3230 656.9648 481.1406
v  -1512.5670 648.0970 484.0252
v  237.0371 1238.5389 538.3786
v  280.3590 1251.4380 531.2062
v  275.5815 1284.1130 497.4075
v  200.9433 1273.2290 502.7447
v  -1487.1400 675.3221 624.0142
v  -1483.7100 696.7650 644.3781
v  -205.8146 279.3034 689.5333
v  -41.1793 283.2490 713.6360
v  -228.7647 525.0259 749.5088
v  -1598.9890 383.1348 479.7541
v  -1579.7550 388.3126 496.0145
v  -1585.3409 388.5619 476.7260
v  -1608.6760 384.8697 430.2313
v  -1585.6920 448.9379 475.9723
v  -1608.9351 454.7783 427.8699
v  -1551.6530 457.0359 671.8355
v  -1545.6530 452.6120 630.0027
v  -1543.7900 388.4880 630.2303
v  2046.6920 604.3715 806.1533
v  1792.9060 586.3114 811.7138
v  2539.8899 504.1760 579.6882
v  2548.7820 503.9761 349.0367
v  2549.5391 541.1380 350.9722
v  2539.0139 534.4807 579.6928
v  -1589.6840 456.8113 521.8188
v  -1575.5861 456.9095 586.5693
v  -1571.6410 471.0489 585.0096
v  -1585.3130 471.5488 519.8821
v  2560.6201 774.3989 178.0098
v  2563.1340 774.2888 -21.0841
v  2556.2671 848.4658 -21.0841
v  2554.7200 842.4771 203.6679
v  -1289.2800 351.1430 774.3772
v  -1291.9650 361.8381 781.4474
v  -1362.0699 364.1186 766.2647
v  -1361.5890 354.3965 754.3243
v  -1500.2700 561.6780 479.7842
v  -1342.9640 678.2089 730.9626
v  -1462.1180 679.2441 675.5590
v  -1456.7360 659.1346 690.2314
v  -1343.9480 658.4116 738.4602
v  -1518.5220 355.6602 531.6800
v  2545.7881 746.0396 547.8141
v  2538.2310 738.1950 546.1720
v  2551.1521 738.5005 345.3299
v  2556.3579 747.4852 344.1834
v  2585.1670 501.3427 633.7118
v  2602.2051 500.9023 417.9920
v  2525.2891 534.9279 707.8966
v  2525.2681 570.0214 711.1598
v  2497.9209 574.4381 730.6115
v  -968.4664 628.2460 807.3771
v  -999.0789 685.2526 786.9312
v  -1065.0970 637.2576 796.1563
v  -1053.8510 602.9140 805.0661
v  -1448.6591 386.0689 750.5801
v  -1454.9310 459.0425 751.1608
v  1525.5341 852.8691 690.2068
v  1510.6591 740.3405 761.3934
v  1684.8040 742.3215 762.5822
v  1690.3540 853.1508 689.4720
v  -363.1046 532.0758 756.1854
v  -349.8877 709.0264 761.2597
v  -1559.7050 470.1819 634.5516
v  -1480.3040 488.3507 569.9247
v  2547.6240 279.9780 347.8692
v  2524.6809 583.0313 712.1320
v  2495.3279 584.0197 731.5334
v  -1493.4460 546.3987 516.4783
v  -1499.9919 567.0128 495.0561
v  -1494.9110 514.1771 502.9406
v  -1491.6760 488.3763 504.3183
v  -989.4551 704.4080 742.7880
v  -852.3264 708.7513 749.0114
v  -863.3761 798.6735 696.8971
v  -995.6378 786.9294 693.0837
v  2545.6130 560.1121 254.6362
v  2543.7070 537.2745 235.8568
v  2531.8989 579.7024 256.2474
v  2543.1960 581.7304 262.1879
v  -1238.7310 240.8381 785.0485
v  -1275.7770 248.0480 774.4602
v  -1277.8110 243.2618 778.8062
v  1853.4821 1055.1250 587.7855
v  1770.2531 1121.5840 559.5555
v  1711.6190 1084.1190 599.8820
v  1789.5200 991.9811 634.8287
v  961.4377 1273.0710 521.8224
v  974.1382 1307.8690 489.5790
v  893.7358 1309.0750 487.3174
v  893.5703 1273.0100 521.7342
v  1554.9380 1307.6410 348.4654
v  2398.0430 369.3173 760.4688
v  2489.0029 368.7973 740.3591
v  2534.3601 580.1462 132.2970
v  2504.1841 703.1965 168.3601
v  2502.0669 703.8547 254.4412
v  -719.4480 832.2114 633.3849
v  -450.1891 886.2527 557.2731
v  -742.8807 846.6716 524.5002
v  2641.5300 493.4744 350.5946
v  2640.6211 490.7211 414.6431
v  1690.6379 868.8454 676.3758
v  1528.7230 868.9213 674.5453
v  2232.9360 328.4246 776.6887
v  -1092.2791 814.1030 517.5687
v  -996.0330 824.3694 517.5669
v  -1008.8660 832.5599 402.8431
v  -1105.1331 821.9361 409.8167
v  -1612.8420 369.7252 319.0927
v  -1620.7531 372.9271 319.6762
v  811.0068 1336.6379 422.8059
v  797.9535 1343.3110 363.9282
v  402.3662 1327.9310 366.3795
v  390.1922 1317.4980 440.4051
v  -1532.9500 368.9303 669.6989
v  -1488.2650 365.9136 715.6799
v  -1496.4810 370.6017 724.9208
v  -1473.0760 604.9902 646.1320
v  -1466.2690 589.8720 687.1709
v  -1476.1180 651.8726 673.6686
v  -1477.5420 633.6268 646.2468
v  -1068.3040 687.2607 778.5278
v  -1098.6610 660.6939 784.4130
v  -1549.2920 245.1554 315.5513
v  -1579.7510 185.8514 317.8630
v  2624.1919 492.7180 651.5941
v  793.7412 863.2994 677.7365
v  787.5344 845.4813 694.9543
v  928.9233 845.5571 695.9737
v  924.6825 862.9019 677.8062
v  1247.8270 866.4303 674.7571
v  1246.5160 848.7712 694.0156
v  1872.1840 899.2347 667.4576
v  1690.1390 931.1010 657.5328
v  778.3419 175.0495 754.3433
v  944.0127 178.5081 758.3830
v  931.2562 278.4661 734.4603
v  787.6516 282.0985 719.3417
v  2436.0740 736.5311 736.5860
v  -1212.6130 679.1612 759.9420
v  -1193.4080 656.9430 771.6266
v  1451.5350 557.9759 814.4322
v  1218.0660 727.4072 781.4594
v  1230.5800 548.1913 800.8831
v  1389.4150 501.3640 798.2975
v  -1481.7980 513.5955 570.4357
v  -1437.7190 352.3060 721.2311
v  -1463.4370 354.0268 696.6120
v  -1445.1910 251.6458 694.2125
v  -1422.7061 251.6064 718.6214
v  -1562.3710 355.3157 312.1972
v  2552.1550 534.4520 241.5595
v  2553.8730 503.8855 240.7481
v  -1428.3260 246.3010 728.6122
v  -1352.6639 245.4931 759.5889
v  -1348.7841 250.3517 752.9838
v  -1437.3409 364.0486 739.5485
v  -1362.7939 369.6875 770.7523
v  -1442.9690 369.0238 746.7408
v  -442.7681 912.4006 241.7776
v  -511.7166 907.1346 251.3707
v  -502.1288 900.0084 332.5317
v  -432.5831 909.1562 330.9032
v  -1563.6390 456.9569 633.5053
v  -1447.6880 505.9931 693.6125
v  -1445.3270 489.3495 692.5479
v  2507.2209 889.1859 653.4518
v  -1485.9780 731.2819 510.2405
v  -1169.1840 603.3203 791.2958
v  2546.6851 537.2745 131.3448
v  2525.9580 900.8013 236.8073
v  2495.3989 902.2755 342.2780
v  2526.7510 896.9492 351.6244
v  1878.9230 1065.4210 564.8702
v  2032.0200 906.8214 639.9923
v  2530.1790 534.7686 662.2192
v  2534.8669 568.5983 674.1846
v  -1514.7740 346.4083 534.5686
v  -1501.2510 346.1250 587.0519
v  -1503.6230 354.3772 587.5964
v  -1472.3910 558.3952 623.2126
v  -1462.7620 544.5200 680.1802
v  -1472.2220 575.8932 636.4315
v  -216.5856 847.7607 677.6646
v  2580.3440 224.4219 193.7563
v  2577.7729 227.6141 106.5670
v  2587.0549 233.2090 108.2338
v  2585.3330 237.1673 195.1879
v  -1539.9410 338.8059 412.9387
v  -1523.5040 346.1945 497.4402
v  1309.7090 174.5219 770.8483
v  1317.4860 303.3328 776.0056
v  1235.4709 285.7788 779.9927
v  1222.3800 178.6701 764.2802
v  -441.5924 300.3894 745.7882
v  -335.6955 283.4357 717.4773
v  1039.2000 1346.6720 328.4677
v  1022.8180 1337.2531 419.0418
v  1304.9659 1330.7271 407.9650
v  -1584.7520 381.6502 546.5415
v  1235.2800 737.7289 758.5095
v  2455.7690 600.2473 742.9596
v  2469.4729 581.3540 739.4605
v  2472.1030 591.2898 738.9813
v  2463.1489 603.7383 741.0884
v  1656.4530 1215.3320 515.7049
v  1593.1130 1211.5861 543.7647
v  2538.0049 493.7000 730.5375
v  2527.6780 503.8793 704.2038
v  1450.4390 1320.5980 416.4720
v  -205.6017 172.8892 742.0953
v  -41.3272 176.2781 746.4171
v  -496.5930 900.4969 405.7494
v  2396.8799 216.3509 728.1974
v  2237.3059 204.4357 755.9694
v  2299.8430 246.3561 418.0650
v  2438.0129 266.0981 421.4284
v  -1556.5950 388.2223 588.7039
v  -1581.3060 329.5343 142.7274
v  -1558.0310 336.9056 313.0510
v  2539.7639 261.8942 111.7598
v  2539.4600 261.5459 201.0038
v  1824.0811 850.2427 689.4485
v  -1544.0410 471.1234 677.3190
v  -1191.3820 487.1575 785.6782
v  -1149.7350 542.8461 796.7771
v  -1226.3420 548.1274 783.4675
v  -1257.2570 485.5826 772.6304
v  -1502.5740 383.5897 728.5526
v  -1504.6121 459.1233 730.4288
v  1261.1650 190.9385 424.6484
v  1297.4370 192.0557 -21.0841
v  1322.1770 193.2053 423.8055
v  207.0946 1299.6650 440.2047
v  142.0215 1281.8650 423.3485
v  132.6054 1269.3990 465.5719
v  -1567.7640 563.4067 101.7659
v  -1574.6100 555.7588 -21.0841
v  -1562.2850 508.1302 -21.0841
v  -1554.8340 512.4656 142.9507
v  -1596.3571 472.9751 453.4137
v  -1603.6790 458.4373 454.9982
v  -239.7463 827.4358 699.3237
v  2565.1350 294.0794 118.2442
v  -1453.3730 475.3558 743.2825
v  -1500.1000 474.7862 723.9093
v  2558.6621 774.4849 257.2185
v  2554.3030 840.8652 246.0203
v  2399.2439 223.2111 736.0253
v  1635.2980 1017.8660 627.5643
v  2565.6851 502.1490 676.3301
v  2532.0720 503.9861 659.4045
v  -1067.6490 801.6044 622.6329
v  -974.6282 810.8523 629.6270
v  2512.5991 894.0394 546.1003
v  1995.8400 240.8126 780.9080
v  -879.2434 835.3618 520.0980
v  -874.5061 820.2675 630.6641
v  -1528.0170 514.0704 321.4314
v  140.5090 1232.1680 531.1649
v  176.1337 1199.2271 558.6546
v  -1458.3690 182.8294 728.0245
v  2580.4939 224.5380 275.4599
v  -1100.6780 578.7176 802.4797
v  2200.3391 500.7536 794.3237
v  2071.1641 503.0021 807.1311
v  2227.3931 368.0362 787.4055
v  2625.4250 376.6300 644.7220
v  1997.6650 211.1691 780.0873
v  925.7910 540.9950 762.8191
v  932.4449 732.2826 755.7164
v  1467.2290 1339.4410 -21.0841
v  1311.6980 1352.1050 -21.0841
v  -438.4927 175.3896 751.0816
v  -336.5667 174.9436 743.4564
v  2038.8760 905.6273 660.8931
v  -1099.1390 840.4427 168.8786
v  -1032.6980 835.7480 299.8532
v  -1472.1960 345.3213 675.9411
v  -1481.3430 354.1258 659.5145
v  -1479.4220 345.5330 657.7455
v  2479.1399 289.1775 706.5364
v  2646.4871 491.3182 -21.0841
v  -1566.6830 388.2875 547.4351
v  105.7068 1244.7070 495.9456
v  -73.5697 1101.1591 565.9459
v  943.3052 1088.9449 602.7230
v  848.8901 1089.4399 602.7519
v  -1244.8750 803.1041 421.0918
v  2430.0859 595.5675 749.2346
v  -1386.3660 775.8763 429.8282
v  -1559.5460 453.0163 574.9537
v  -1552.4390 453.4257 603.4778
v  350.6892 1329.7250 304.5978
v  347.1655 1339.2850 158.3226
v  284.0467 1334.5530 170.9772
v  289.7715 1323.6940 326.6090
v  -1518.8730 676.1706 474.6435
v  2587.2600 233.3949 -21.0841
v  2540.2319 261.7269 -21.0841
v  307.5282 1311.2650 444.4974
v  -1272.2870 471.9808 788.7830
v  -1364.5120 472.3262 770.1096
v  2196.4250 602.8972 791.4465
v  -1573.8690 614.1182 93.1685
v  -1585.1630 659.8499 -21.0841
v  -1582.5880 611.1169 -21.0841
v  2599.5891 491.8541 699.5046
v  210.3332 1311.1140 337.2509
v  137.6054 1286.7841 348.9495
v  2541.4900 569.2016 579.6117
v  2551.4180 568.3567 352.8138
v  2551.9050 583.1799 353.7506
v  2541.7300 583.1061 584.0333
v  -1336.4890 598.3549 755.7471
v  816.6929 1272.7889 521.6236
v  814.0793 1307.8230 492.0064
v  365.5284 1294.1580 493.2604
v  2514.4561 290.2845 687.4481
v  2106.4199 193.2005 769.0190
v  -1482.0630 670.3871 662.7853
v  -1481.5730 654.3849 638.7501
v  -700.0267 710.9116 756.6957
v  -853.6021 693.5894 793.5460
v  -1607.9630 471.4298 400.3222
v  2604.7429 349.8235 635.1113
v  -860.2115 628.1626 811.5535
v  -1553.2900 368.5955 597.4714
v  1429.4930 1302.8870 481.5130
v  1401.5840 1255.2810 530.8599
v  1442.6940 1231.5480 542.1297
v  1548.2050 1267.1160 507.9222
v  2541.8899 879.1135 355.1826
v  2529.8611 879.9312 547.4733
v  2647.2671 381.4477 -21.0841
v  2373.2620 593.3152 761.6335
v  201.3152 1322.7300 -21.0841
v  120.9221 1295.6650 -21.0531
v  124.8703 1292.4080 171.9982
v  203.3186 1319.3101 170.1661
v  -1342.3290 686.5332 713.6177
v  -1212.4070 694.4752 728.4887
v  -1214.2540 763.2717 682.0508
v  -1572.0800 453.1602 522.7411
v  1648.8340 1240.6620 469.8152
v  1618.3910 1251.6030 486.0637
v  1675.6650 1219.8750 491.3092
v  -1578.5970 453.6175 490.4283
v  842.0878 1345.5900 345.4934
v  896.2091 1336.8470 424.9922
v  937.6875 1348.5170 318.2243
v  860.1914 1348.4900 311.1433
v  -1646.6200 461.2514 161.9652
v  -1624.1970 457.1475 331.6827
v  -1292.5450 369.8067 786.1945
v  -1230.6530 370.1461 800.8988
v  -1229.2111 383.7516 803.5952
v  279.7939 1338.8640 -21.0841
v  2552.6270 272.4037 451.6560
v  2550.2629 283.7416 396.1418
v  2557.7549 291.2297 398.9792
v  2535.0249 757.9762 689.1478
v  -1232.5341 353.3973 787.4651
v  -1536.2020 564.0555 272.7079
v  -421.6824 906.8584 404.1766
v  -1065.2230 700.7210 740.9611
v  2437.3560 704.5870 741.2622
v  1998.7560 192.4798 788.0283
v  1998.7920 184.7303 782.4840
v  1016.3320 190.9619 406.8995
v  2535.7830 576.2401 -21.0841
v  2505.8689 700.2535 -21.0841
v  1519.0590 1153.9100 575.1093
v  -218.2925 982.6887 610.6630
v  -281.3314 938.7130 617.0122
v  -1447.9890 593.6799 706.1848
v  -1507.2350 251.4737 471.9960
v  -698.3667 814.1817 696.8575
v  -1518.0420 533.3807 379.4346
v  -1526.0120 547.2125 342.1435
v  366.8030 1327.0480 346.9520
v  1303.2390 1314.0590 470.9896
v  2576.6941 225.8496 494.6180
v  -1536.6470 251.1465 313.4436
v  2152.5840 914.8712 277.4326
v  -1372.5970 181.1229 762.2846
v  -1563.2531 245.6566 130.2061
v  1302.7740 1270.6700 522.2255
v  1047.1541 1358.5930 146.8043
v  946.1165 1360.1250 136.3465
v  -61.7451 847.3149 681.2419
v  -63.0920 833.2978 697.9728
v  -1066.3710 780.4814 689.9382
v  1547.5940 1299.7350 424.2936
v  -1288.7209 178.8001 781.7128
v  -1513.0170 669.5629 495.7509
v  -942.9568 856.7288 197.0615
v  2578.8000 224.3282 310.3658
v  -576.9827 344.2546 789.7108
v  866.7667 1360.0909 131.4071
v  2549.3369 564.5679 256.1805
v  -1546.5120 613.3411 268.8928
v  -775.7328 871.9465 212.5177
v  -1420.4399 180.8486 716.1303
v  -1481.5670 184.7167 396.8544
v  -1279.5510 180.8934 426.5245
v  -1238.1320 173.8919 792.8024
v  366.1502 1260.3080 526.2286
v  2535.2571 746.6448 690.5818
v  2523.4670 739.0871 692.4020
v  2554.5229 583.5311 262.4048
v  -1544.8220 648.9370 310.6766
v  -1541.8459 614.8246 304.1543
v  2486.0610 333.7699 727.0275
v  -1508.5680 608.4711 478.9119
v  -1509.5930 606.8026 472.7997
v  2544.5220 884.1616 241.9821
v  -563.0747 175.0751 765.5801
v  2160.0991 916.0641 150.3558
v  -1232.0341 361.0582 796.6232
v  -244.5590 714.8796 753.7587
v  2399.4590 329.7332 747.6088
v  -1209.3459 450.4638 806.5071
v  1670.4340 1272.3390 -21.0841
v  1629.2820 1291.0020 -21.0841
v  -1561.2321 486.8149 -21.0841
v  -1649.5590 470.7583 -21.0841
v  -1626.8459 386.9331 323.6260
v  -1663.9380 390.7638 154.1309
v  -1660.8740 375.4420 149.6314
v  -1545.5540 711.4734 349.9039
v  -1536.5690 710.1431 406.1869
v  -1501.5740 737.8218 391.3107
v  -1509.2200 737.6919 351.1282
v  2509.5120 738.8134 711.2784
v  2521.2439 750.5786 692.8637
v  2506.8569 748.6731 710.2278
v  1033.1541 190.9549 -21.0841
v  -1512.8870 181.6694 -21.0841
v  -1281.6520 180.8788 -21.0841
v  -1511.9780 626.0242 473.3458
v  -1510.4380 626.8419 479.2841
v  -1495.7980 736.0586 434.5846
v  -1545.4600 672.1998 324.3286
v  -1542.4399 695.2784 356.4026
v  1926.2729 497.8243 820.4221
v  -1533.2910 699.4700 407.2450
v  2534.4290 583.2233 678.6299
v  -1572.4709 240.5659 130.8634
v  2563.8110 292.6259 -21.0841
v  -1200.5480 471.0281 803.7986
v  -530.3376 191.2570 412.6401
v  -399.9037 191.5475 393.1331
v  -1481.6040 532.9420 564.5124
v  -1500.6150 264.4415 496.5239
v  -1454.4330 264.1701 674.3135
v  -363.1627 904.0086 583.3535
v  -386.0833 904.0574 542.9616
v  -1533.7490 571.1152 318.1720
v  1787.1500 1135.5270 534.9267
v  -1475.1970 542.9578 603.4963
v  -1551.9010 741.2815 -21.0841
v  -1585.5190 714.1933 -21.0841
v  -1602.1890 184.4287 132.3587
v  2545.0271 537.8312 -21.0841
v  944.2212 1361.8970 -21.0841
v  866.0048 1362.3900 -21.0841
v  1045.9840 1360.7200 -21.0841
v  2561.9050 999.9426 559.2334
v  2566.5010 1016.8950 560.3894
v  2540.8999 964.3306 606.6606
v  2540.3230 953.3794 591.7320
v  2360.0229 980.0859 599.5485
v  2422.4939 1017.2760 565.9576
v  2409.0000 1003.0730 551.7636
v  2357.5901 971.6562 583.8829
v  2522.4080 915.1724 607.9063
v  2517.8870 913.8994 635.2411
v  2285.3491 935.8527 608.2131
v  2281.1631 933.4080 631.0101
v  2511.7019 894.6948 614.4498
v  2507.7581 896.9615 643.3094
v  2236.8030 907.0234 625.1418
v  2231.0320 905.5243 647.2385
v  2426.8660 1018.2300 524.1616
v  2412.5120 1004.1630 518.4296
v  2564.1121 1002.2370 545.0574
v  2561.1870 1018.0110 519.4288
v  2436.7219 1018.0190 -21.0841
v  2436.2671 1000.9740 -21.0841
v  2577.9490 1003.0220 -21.0841
v  2571.9399 1016.8180 -21.0841
v  -1510.3700 343.7961 535.5037
v  -1497.6720 343.8748 586.1818
v  -1476.9210 343.7801 655.2617
v  -1470.0510 343.3446 672.0040
v  -1453.1320 266.3218 670.9673
v  -1498.0930 267.0612 498.7075
v  -1518.7990 343.7827 500.1020
v  -1468.5341 343.2606 533.4390
v  -1447.6880 343.2130 586.8371
v  -1440.3690 342.9857 653.4819
v  -1442.0380 342.4258 671.5400
v  -1425.3870 266.7265 669.5583
v  -1422.4120 266.8369 640.8236
v  -1489.6390 343.4086 500.6701
v  -1471.0420 267.1217 499.4930
v  -1425.5110 266.9445 599.9305
v  -1439.6880 267.0384 551.7211
v  -1576.5930 390.0863 496.2360
v  -1580.4790 391.6655 478.4365
v  -1580.7841 447.9219 478.4199
v  -1541.7020 452.7133 628.6452
v  -1541.5190 390.1250 628.8300
v  -1553.5480 389.9988 587.9332
v  -1563.9060 390.0629 547.3922
v  -1551.6520 453.0161 574.0363
v  -1547.1541 453.0208 603.1178
v  -1566.8669 453.0114 521.4656
v  -1574.7230 452.9959 490.0456
v  -1554.2880 390.1197 493.3564
v  -1562.0950 391.8200 478.6146
v  -1561.6630 451.5602 479.3935
v  -1532.4260 451.5582 629.0622
v  -1533.5800 390.3127 629.3344
v  -1529.0730 389.9952 589.8223
v  -1534.4100 390.0669 544.3770
v  -1529.2200 452.6421 574.9177
v  -1529.1840 452.5941 605.7518
v  -1542.6591 452.6209 518.4051
v  -1556.0920 452.5137 489.3647
v  -1474.9270 691.3740 524.0464
v  -1468.0389 695.2410 591.6375
v  -1461.3390 676.4901 622.1700
v  -1471.3680 546.0294 519.1298
v  -1471.4540 566.6462 496.2045
v  -1461.4170 631.7894 645.3614
v  -1460.1639 604.9901 646.1320
v  -1461.0980 576.5717 636.0378
v  -1461.2061 559.1786 623.2676
v  -1461.3760 653.7852 638.2198
v  -1473.0420 589.0976 484.1152
v  -1474.4561 669.9163 498.0586
v  -1473.6610 608.3181 479.8049
v  -1473.2810 627.8459 479.9451
v  -1476.7080 650.4827 486.2665
v  -1468.4940 533.5885 565.6804
v  -1462.2930 543.6202 602.7909
v  -1473.3879 674.2533 532.1671
v  -1468.0090 677.2731 584.9489
v  -1462.7770 662.6304 608.7917
v  -1470.6090 560.7538 528.3276
v  -1470.6760 576.8534 510.4254
v  -1462.8380 627.7237 626.9019
v  -1461.8590 606.7962 627.5035
v  -1462.5890 584.6042 619.6210
v  -1462.6730 571.0220 609.6488
v  -1462.8051 644.9001 621.3250
v  -1471.9160 594.3857 500.9848
v  -1473.0200 657.4969 511.8732
v  -1472.3990 609.3950 497.6189
v  -1472.1021 624.6443 497.7284
v  -1474.7791 642.3214 502.6647
v  -1468.3640 551.0387 564.6790
v  -1463.5220 558.8724 593.6585
v  -1458.7200 648.2021 544.5235
v  -1455.6379 649.9327 574.7714
v  -1452.6390 641.5415 588.4351
v  -1457.1281 583.1586 542.3232
v  -1457.1660 592.3848 532.0638
v  -1452.6740 621.5374 598.8135
v  -1452.1130 609.5443 599.1583
v  -1452.5310 596.8267 594.6411
v  -1452.5800 589.0431 588.9263
v  -1452.6560 631.3807 595.6177
v  -1457.8770 602.4322 526.6538
v  -1458.5090 638.5996 532.8936
v  -1458.1541 611.0336 524.7249
v  -1457.9840 619.7725 524.7875
v  -1459.5170 629.9028 527.6165
v  -1455.8409 577.5911 563.1552
v  -1453.0660 582.0804 579.7626
v  -1455.5760 613.2333 561.1099
v  -1481.1500 566.4555 455.2938
v  -1482.6010 544.9468 430.7631
v  -1480.8900 687.8449 433.3802
v  -1479.0551 668.9603 454.4202
v  -1478.1270 650.6926 465.3078
v  -1479.0710 585.4152 466.0187
v  -1484.8000 533.5234 386.8045
v  -1490.8800 546.8436 343.6050
v  -1495.3390 612.1587 305.3059
v  -1496.6949 648.9096 311.4192
v  -1478.8020 604.4651 471.5514
v  -1478.2520 621.4882 472.2198
v  -1495.8979 671.7551 325.4358
v  -1492.8870 693.3156 353.8344
v  -1487.1570 699.5234 399.1154
v  -1491.4720 568.1819 320.7590
v  -1481.6350 571.9244 449.5109
v  -1482.9360 552.6532 427.5320
v  -1481.4030 680.6865 429.8769
v  -1479.7581 663.7664 448.7282
v  -1478.9270 647.3989 458.4832
v  -1479.7729 588.9119 459.1203
v  -1484.9060 542.4180 388.1461
v  -1490.3530 554.3526 349.4403
v  -1494.3490 612.8735 315.1252
v  -1495.5630 645.8015 320.6026
v  -1479.5320 605.9802 464.0774
v  -1479.0389 621.2324 464.6763
v  -1494.8490 666.2704 333.1612
v  -1492.1520 685.5881 358.6057
v  -1487.0179 691.1502 399.1764
v  -1490.8840 573.4713 328.9709
v  -1467.4150 597.3271 411.8371
v  -1467.9510 589.3710 402.7632
v  -1467.3190 642.2288 403.7314
v  -1466.6390 635.2435 411.5139
v  -1466.2960 628.4862 415.5413
v  -1466.6460 604.3402 415.8043
v  -1468.7650 585.1455 386.5030
v  -1471.0140 590.0727 370.5236
v  -1472.6630 614.2326 356.3568
v  -1473.1650 627.8267 358.6181
v  -1466.5460 611.3867 417.8507
v  -1466.3420 617.6836 418.0981
v  -1472.8700 636.2772 363.8029
v  -1471.7560 644.2524 374.3075
v  -1469.6370 646.5487 391.0568
v  -1471.2330 597.9657 362.0729
v  -1469.1410 616.7743 391.2738
v  1571.7000 1314.9230 -21.0841
v  2525.1660 902.7803 -21.0841
v  -1580.9670 326.6560 -21.0841
v  -1567.6110 242.2256 -21.0841
v  2252.5020 915.4631 -21.0841
v  -1654.3459 459.3514 -21.0841
v  -939.2250 858.6567 -21.0841
v  -1110.9640 841.0319 -21.0841
v  -785.0983 872.2842 -21.0841
v  -1661.4740 391.6622 -21.0841
v  -518.4697 908.9734 -21.0841
v  -1657.4160 373.4795 -21.0841
v  -1575.7600 236.1573 -21.0841
v  2464.4651 263.0898 -21.0841
v  2469.4360 263.6122 -21.0841
v  -1472.5520 774.9370 -21.0841
v  2545.8369 888.5524 -21.0841
v  2633.2329 359.2465 -21.0841
v  -904.9442 186.0752 419.5823
v  -866.0226 186.1883 -21.0841
v  -450.3932 191.4978 -21.0841
v  -1607.3370 183.5934 -21.0841
v  -1345.3730 806.2269 -21.0841
v  -455.5840 918.7582 -21.0841
v  -1205.8440 829.1258 -21.0841
v  2581.1370 227.1193 -21.0841
v  -330.2427 175.3896 -13.4844
v  -331.4978 175.6807 -21.0841
v  348.7476 1343.2500 -21.0841
v  -747.2886 595.2802 436.7191
v  -626.6604 489.1276 436.7191
v  -1053.8510 602.9139 436.7191
v  -968.4663 628.2460 436.7191
v  -1200.5480 471.0280 436.7191
v  -1149.7350 542.8461 436.7191
v  -1100.6780 578.7175 436.7191
v  -860.2115 628.1625 436.7191
v  -1230.6530 370.1461 436.7191
v  -1267.5540 240.8380 436.7191
v  -576.9827 344.2546 436.7191
v  -1543.7230 156.0633 484.2343
v  -1479.2510 157.5931 700.3341
v  -1574.0811 155.5653 321.2205
v  -1445.1801 156.7565 728.3513
v  -1368.3320 153.8825 756.4857
v  -1288.3950 153.2891 775.5203
v  -1241.0790 151.9409 783.8532
v  -1599.5500 157.5260 133.0026
v  -1607.3370 155.7149 -21.0841
v  1549.1260 597.6903 419.6524
v  1678.3820 607.2983 419.6524
v  1987.7070 355.3333 419.6524
v  1993.6541 304.3007 419.6524
v  1389.4150 501.3640 419.6524
v  1451.5350 557.9759 419.6524
v  1317.4860 303.3328 419.6524
v  1995.8400 240.8126 419.6524
v  1997.6650 211.1691 419.6524
v  1792.9060 586.3114 419.6524
v  1926.2729 497.8243 419.6524
v  2088.7759 223.6083 -21.0841
v  1693.0730 208.7028 -21.0841
v  1659.9210 202.1872 421.7290
v  778.3418 175.0495 389.3936
v  -41.3272 176.2781 381.4674
v  886.5917 175.0495 -10.2228
v  66.9227 176.2781 -18.1489
v  2473.1150 729.0660 717.2376
v  2486.4299 737.3018 712.3273
v  2466.8611 706.1269 722.9117
v  2550.0840 735.9286 266.9434
v  2527.2520 718.9837 265.3994
v  2534.8040 736.9494 547.3325
v  2547.6809 737.0552 344.4225
v  2518.0540 585.0380 707.0745
v  2494.3040 585.6731 722.5233
v  2474.2661 592.3672 727.9550
v  2467.5549 606.3987 728.9854
v  2547.4209 585.2623 356.6564
v  2536.1641 585.1595 582.9566
v  2519.0559 737.6183 686.9069
v  2550.4971 584.7083 266.7964
v  2544.2029 584.1226 265.7473
v  2504.7390 737.6281 704.4903
v  2529.3059 585.0223 679.4034
v  2493.1060 601.7151 720.9495
v  2487.7800 623.7950 721.9592
v  2498.9309 610.3209 718.6760
v  2481.6011 645.5320 722.7756
v  2480.4871 677.7562 721.0335
v  2483.3540 698.6276 718.3157
v  2494.5000 714.2633 712.5866
v  2505.8921 594.4813 715.8922
v  2509.8521 601.8960 713.4718
v  2519.5161 595.3161 705.1265
v  2524.6709 590.3527 684.6351
v  2535.9250 590.4838 584.4679
v  2507.6760 724.4490 704.2538
v  2519.5471 731.1102 687.6974
v  2534.2639 732.5822 548.0626
v  2547.3589 732.6898 342.1071
v  2550.4990 732.7265 273.5235
v  2550.4409 689.8136 273.4514
v  2550.3999 660.0997 273.4015
v  2550.2891 660.7639 266.8704
v  2550.2109 689.3525 266.8982
v  2550.3069 591.2098 273.2857
v  2547.6189 591.2098 355.9675
v  2479.7900 608.2983 717.1125
v  2465.9299 620.3764 719.1339
v  2465.3049 647.8257 715.0972
v  2465.6240 679.2366 712.8696
v  2466.2170 698.3595 712.9730
v  2470.7119 714.2536 711.9941
v  2492.6370 601.0900 711.8512
v  2504.6389 595.0056 703.8391
v  2508.9070 590.3526 684.6351
v  2515.7600 590.5818 574.6608
v  2491.9121 724.4489 704.2538
v  2504.7480 730.9640 687.6371
v  2518.5000 732.5822 548.0626
v  2531.5950 732.6897 342.1071
v  2534.7351 732.7264 273.5235
v  2550.3530 625.1928 273.3428
v  2519.7820 622.0209 274.0642
v  2534.5420 591.2098 273.2857
v  2529.3149 591.0350 357.1599
v  2550.3831 626.1313 266.8367
v  2516.9480 691.5889 273.7876
v  2512.5530 655.1534 273.8475
v  2481.7480 620.1609 710.9648
v  2475.3059 647.8711 708.3726
v  2475.2571 678.6415 706.2994
v  2479.6831 699.6938 705.0250
v  2489.7661 701.1507 691.8523
v  2484.8411 678.1763 692.4886
v  2484.7129 647.9266 695.7479
v  2492.1799 620.7286 698.3928
v  2501.6609 691.5888 566.0787
v  2512.6931 691.5889 355.1336
v  2504.4961 622.0209 566.3553
v  2515.5281 622.0209 355.4102
v  2497.2661 655.1533 566.1387
v  2508.2991 655.1534 355.1935
v  2161.8430 916.5909 -21.0841
v  120.9227 1295.6650 -21.0841
v  2496.0820 691.5887 672.7382
v  2498.9170 622.0208 673.0147
v  2491.6880 655.1533 672.7982
v  2547.3430 660.7718 332.0203
v  2546.4500 660.7718 342.6404
v  2545.0439 587.1216 342.6404
v  2545.0439 587.1216 332.0203
v  2542.9380 734.4221 332.0203
v  2490.4451 660.7718 332.0203
v  2487.8340 734.4221 332.0203
v  2490.4451 660.7718 342.6404
v  2493.0569 587.1216 342.6404
v  2542.9380 734.4221 342.6404
v  2493.0569 587.1216 332.0203
v  2487.8340 734.4221 342.6404
v  2544.6770 660.7719 434.7795
v  2543.7839 660.7719 445.3996
v  2542.3779 587.1217 445.3996
v  2542.3779 587.1217 434.7795
v  2540.2729 734.4221 434.7795
v  2487.7800 660.7719 434.7795
v  2485.1689 734.4221 434.7795
v  2487.7800 660.7719 445.3996
v  2490.3911 587.1217 445.3996
v  2540.2729 734.4221 445.3996
v  2490.3911 587.1217 434.7795
v  2485.1689 734.4221 445.3996
v  2534.4390 660.7718 544.3466
v  2533.5459 660.7718 554.9666
v  2534.8130 587.1216 554.9666
v  2534.8130 587.1216 544.3466
v  2529.5911 734.4221 544.3466
v  2480.2151 660.7718 544.3466
v  2477.6040 734.4221 544.3466
v  2480.2151 660.7718 554.9666
v  2482.8269 587.1216 554.9666
v  2529.5911 734.4221 554.9666
v  2482.8269 587.1216 544.3466
v  2477.6040 734.4221 554.9666
v  2527.6169 660.7718 630.2516
v  2526.7241 660.7718 640.8716
v  2527.9910 587.1216 640.8716
v  2527.9910 587.1216 630.2516
v  2522.7681 734.4221 630.2516
v  2473.3931 660.7718 630.2516
v  2470.7820 734.4221 630.2516
v  2473.3931 660.7718 640.8716
v  2476.0039 587.1216 640.8716
v  2522.7681 734.4221 640.8716
v  2476.0039 587.1216 630.2516
v  2470.7820 734.4221 640.8716
v  2584.7991 233.0226 -354.7291
v  2537.4250 261.4651 -359.8340
v  2538.0950 261.5244 -324.4349
v  2585.3259 235.0456 -319.2059
v  2561.7461 748.9091 -212.0717
v  2558.6460 738.7140 -212.2481
v  2490.0779 738.9797 -762.9741
v  2473.9561 731.4495 -769.2742
v  2468.8770 738.7442 -769.0298
v  2487.3650 747.3822 -761.0889
v  2383.6670 910.8744 -246.0229
v  2493.8379 904.4439 -269.7618
v  2525.5859 261.6275 -645.0624
v  2534.4050 258.8844 -531.8380
v  2575.8369 235.8043 -537.0653
v  2571.8911 233.1415 -653.0923
v  -1507.7209 587.2447 -509.5172
v  -1505.5000 592.2460 -524.5571
v  -1505.9919 580.8176 -517.7448
v  -1507.3740 580.8069 -512.5281
v  2519.5750 260.6896 -688.6802
v  2542.4241 295.0184 -702.1541
v  2547.4900 290.4211 -651.3430
v  2230.9480 237.4832 -796.0226
v  2239.7959 212.5810 -806.1232
v  2109.1599 201.6901 -821.3165
v  2103.1589 224.2245 -812.3510
v  -1492.4600 705.2811 -654.6099
v  -1494.1160 692.8644 -642.2463
v  -1510.3870 692.1367 -565.0052
v  -1517.0160 709.7157 -549.4835
v  2361.0681 709.5306 -800.9977
v  2178.8711 734.5272 -823.8057
v  2359.2129 734.8731 -798.8033
v  2031.3280 732.2249 -836.3148
v  1832.9969 726.4077 -843.8798
v  1829.0680 743.3332 -806.8010
v  2037.1370 745.5138 -802.6274
v  -1509.4740 544.2787 -472.9310
v  -1507.7209 567.9180 -498.4674
v  -1502.1429 561.2324 -511.3786
v  -1507.7450 512.5355 -479.9514
v  2627.8811 355.6230 -294.9240
v  2562.2400 292.0360 -254.5302
v  2560.1260 291.3587 -350.3946
v  2623.6121 353.3524 -383.3005
v  -774.0688 858.9637 -353.2340
v  -766.6249 854.4926 -446.4882
v  -903.4731 842.8871 -440.1422
v  -916.0624 846.7335 -347.4734
v  -1352.4550 757.6718 -661.1618
v  -1346.1040 742.4088 -712.9962
v  -1465.1240 708.7121 -691.1111
v  -1470.7190 719.7792 -655.0667
v  2494.3140 496.3783 -785.0947
v  2390.7981 496.9827 -806.1979
v  2490.1721 503.3993 -775.3453
v  -1521.0140 674.2550 -505.4269
v  -1520.9640 670.1312 -497.1822
v  -1527.7980 690.0033 -474.5274
v  -1531.4139 708.4860 -480.8022
v  -1590.4611 355.8108 -183.8398
v  -1646.3890 374.4443 -188.8873
v  2493.0601 229.1507 -752.3768
v  2469.5520 256.2842 -738.8997
v  2504.1399 258.9722 -716.0389
v  2540.6260 232.3031 -728.2313
v  2558.8940 225.3532 -695.4106
v  2563.1189 233.7363 -698.9308
v  2568.2610 224.4797 -650.0850
v  -1512.7159 487.9977 -427.2277
v  -1517.3480 514.0949 -425.4348
v  -1503.2430 488.2130 -481.2102
v  2527.4641 717.9368 -211.6068
v  -176.9275 970.2155 -678.1978
v  -125.5160 943.4915 -695.3719
v  -169.5573 899.1780 -707.6828
v  -240.1045 918.9600 -691.3655
v  -1291.6680 387.4295 -831.0087
v  -1364.3610 384.4182 -815.7643
v  -1360.1740 456.6163 -811.7097
v  -1272.7220 456.6911 -829.0311
v  2587.8020 345.1626 -717.8880
v  2536.5740 334.9578 -750.2280
v  2538.2571 370.0803 -768.1691
v  2600.8301 377.2120 -737.7205
v  2545.4021 769.7186 -590.9341
v  2540.3340 836.9725 -592.0424
v  2550.7019 835.7986 -397.0421
v  2555.5901 769.0758 -389.2289
v  -332.1192 910.4786 -652.2098
v  -285.1197 880.0833 -698.4813
v  -347.0680 826.9083 -740.4068
v  -409.5873 865.5849 -671.9474
v  2446.6089 557.4703 -787.0901
v  2489.1201 540.5569 -774.9219
v  -1520.1689 245.2005 -519.9026
v  -1453.4611 247.8742 -746.2875
v  -1484.0000 183.6918 -745.6685
v  -1549.0360 185.7476 -524.2380
v  -1570.0590 373.5885 -642.1111
v  -1572.6190 381.5343 -642.0153
v  -1549.5129 382.2497 -715.9982
v  -1543.4250 372.7614 -714.4482
v  1655.0291 1267.2310 -387.2729
v  1642.6591 1257.0450 -473.9580
v  1605.6630 1275.3810 -471.0862
v  1618.1920 1283.5510 -381.2162
v  2426.8491 792.1541 -753.7640
v  2357.4661 740.5710 -789.8819
v  2342.0391 848.7593 -722.1477
v  2463.1221 846.8011 -716.4907
v  2145.2200 852.7731 -722.4123
v  2166.1111 746.1194 -797.1581
v  2040.9919 852.9553 -725.2843
v  -1346.8180 536.6400 -795.9224
v  -1346.6429 485.1650 -797.8704
v  -1422.7200 488.3850 -758.5403
v  -1434.8860 535.8118 -753.4335
v  -1523.9200 487.6433 -364.4579
v  -1617.8770 471.8245 -378.5458
v  -1641.0800 471.6848 -204.6891
v  -1556.5800 486.0914 -185.1211
v  -41.3805 1083.5000 -640.0558
v  -5.3754 1050.2850 -661.5309
v  2537.7200 225.3481 -722.6269
v  1465.4139 1331.9620 -286.8492
v  1457.7600 1328.0850 -378.3233
v  1305.1560 1338.0110 -375.7400
v  1312.1930 1342.8750 -220.0474
v  2107.9541 908.9240 -589.6111
v  2214.9490 907.3337 -582.9055
v  2137.2690 904.4730 -701.2704
v  2070.1389 908.0721 -658.0325
v  2393.0320 248.2948 -765.7516
v  2227.1880 273.7824 -804.1789
v  2396.3950 284.3336 -773.2007
v  -56.3805 528.3288 -793.8929
v  -67.5727 718.4072 -796.6923
v  777.0313 733.6852 -797.3010
v  784.7310 544.4064 -798.1918
v  2469.5659 895.4451 -693.1442
v  2501.4509 840.7641 -711.1031
v  2493.9141 839.2416 -717.3426
v  2355.1021 903.6882 -585.8348
v  2342.9670 899.5801 -699.4181
v  2456.7690 707.6407 -778.2752
v  2466.3411 707.7876 -775.1541
v  -1269.0490 806.4492 -336.9541
v  -1333.6000 805.5850 -190.0322
v  -1193.6550 828.5493 -200.0326
v  -1128.8940 825.5581 -337.8494
v  -1595.2180 373.7097 -515.0469
v  -1583.1760 369.0648 -513.6519
v  -1590.8990 368.9435 -471.1214
v  -1601.7830 372.7473 -472.3395
v  -1546.0010 658.0606 -308.0372
v  -1574.6689 658.2643 -136.1793
v  -1577.2810 712.5631 -171.2121
v  -1554.4449 711.0449 -341.4280
v  1549.1260 597.6903 -857.3230
v  1504.6281 725.1337 -839.9638
v  1684.5950 727.0364 -843.9252
v  1678.3820 607.2983 -852.8711
v  -1462.6060 775.4265 -182.1053
v  -1411.3420 778.2708 -333.7751
v  -1517.7560 738.3955 -334.5114
v  -1542.8970 742.9092 -165.0923
v  2554.1479 534.6815 -174.3273
v  2551.5120 503.9104 -176.8961
v  2555.4700 738.0994 -300.7749
v  2559.3521 749.3643 -302.1425
v  1993.6541 304.3007 -839.2239
v  1987.7070 355.3333 -850.7134
v  2091.7219 362.2286 -843.3320
v  2099.4661 315.8411 -832.0149
v  2646.3269 377.2286 -184.1832
v  2644.7200 376.8786 -297.6196
v  2643.8301 493.6671 -289.3116
v  2645.2839 493.5614 -182.3275
v  2628.8611 355.2057 -183.9834
v  2526.5459 720.1822 -302.3224
v  2642.3899 376.2963 -387.4096
v  2618.2791 350.2200 -452.0238
v  2640.1169 376.2354 -455.0983
v  2491.3040 222.6954 -744.7533
v  2498.7639 811.6360 -732.0474
v  2466.5759 799.6608 -745.9543
v  2522.2930 876.3114 -696.9222
v  2530.9939 836.2806 -709.9017
v  2509.0979 816.2552 -717.2867
v  -543.2014 535.5960 -835.2244
v  -626.6604 489.1277 -845.0330
v  -747.2887 595.2803 -857.4075
v  -701.0778 697.1693 -835.1874
v  2480.9741 897.8214 -585.4896
v  -1529.8730 355.8433 -526.2996
v  -1545.1541 355.6684 -455.1250
v  -1517.2440 658.5234 -508.9941
v  -1516.1010 649.7389 -509.0981
v  2235.5691 913.6078 -324.9250
v  2243.1709 914.9512 -211.1866
v  2371.9270 909.5419 -358.0516
v  -1580.5790 374.3011 -588.9100
v  -1566.5210 368.7952 -587.0941
v  -1456.3970 489.3867 -708.6905
v  -1468.2130 488.4108 -666.9097
v  -1470.6100 514.9742 -665.4214
v  -1463.1780 525.5696 -708.4879
v  2098.8000 255.4370 -816.6614
v  -1232.6760 795.9702 -560.2603
v  -1220.6090 779.8735 -669.9214
v  -1370.3051 771.4578 -553.9722
v  -1513.3230 656.9648 -523.3087
v  -1512.5670 648.0970 -526.1934
v  237.0371 1238.5389 -580.5468
v  200.9433 1273.2290 -544.9128
v  275.5815 1284.1130 -539.5756
v  280.3590 1251.4380 -573.3743
v  -1487.1400 675.3221 -666.1823
v  -1483.7100 696.7650 -686.5462
v  -205.8146 279.3034 -731.7014
v  -228.7647 525.0259 -791.6769
v  -41.1793 283.2490 -755.8041
v  -1598.9890 383.1348 -521.9222
v  -1608.6760 384.8697 -472.3994
v  -1585.3409 388.5619 -518.8941
v  -1579.7550 388.3126 -538.1826
v  -1608.9351 454.7783 -470.0380
v  -1585.6920 448.9379 -518.1404
v  -1551.6530 457.0359 -714.0037
v  -1543.7900 388.4880 -672.3984
v  -1545.6530 452.6120 -672.1709
v  2046.6920 604.3715 -848.3214
v  1792.9060 586.3114 -853.8820
v  2549.5391 541.1380 -393.1403
v  2548.7820 503.9761 -391.2049
v  2539.8899 504.1760 -621.8563
v  2539.0139 534.4807 -621.8610
v  -1589.6840 456.8113 -563.9869
v  -1585.3130 471.5488 -562.0502
v  -1571.6410 471.0489 -627.1778
v  -1575.5861 456.9095 -628.7374
v  2560.6201 774.3989 -220.1779
v  2554.7200 842.4771 -245.8360
v  -1362.0699 364.1186 -808.4328
v  -1291.9650 361.8381 -823.6155
v  -1289.2800 351.1430 -816.5453
v  -1361.5890 354.3965 -796.4924
v  -1500.2700 561.6780 -521.9523
v  -1342.9640 678.2089 -773.1308
v  -1343.9480 658.4116 -780.6284
v  -1456.7360 659.1346 -732.3995
v  -1462.1180 679.2441 -717.7271
v  -1518.5220 355.6602 -573.8481
v  2551.1521 738.5005 -387.4980
v  2538.2310 738.1950 -588.3401
v  2545.7881 746.0396 -589.9822
v  2556.3579 747.4852 -386.3515
v  2602.2051 500.9023 -460.1601
v  2585.1670 501.3427 -675.8799
v  2525.2681 570.0214 -753.3279
v  2525.2891 534.9279 -750.0648
v  2497.9209 574.4381 -772.7796
v  -1065.0970 637.2576 -838.3243
v  -999.0789 685.2526 -829.0993
v  -968.4664 628.2460 -849.5453
v  -1053.8510 602.9140 -847.2343
v  -1448.6591 386.0689 -792.7483
v  -1454.9310 459.0425 -793.3290
v  1684.8040 742.3215 -804.7503
v  1510.6591 740.3405 -803.5615
v  1525.5341 852.8691 -732.3749
v  1690.3540 853.1508 -731.6401
v  -349.8877 709.0264 -803.4278
v  -363.1046 532.0758 -798.3535
v  -1480.3040 488.3507 -612.0929
v  -1559.7050 470.1819 -676.7197
v  2547.6240 279.9780 -390.0373
v  2495.3279 584.0197 -773.7015
v  2524.6809 583.0313 -754.3002
v  -1493.4460 546.3987 -558.6464
v  -1494.9110 514.1771 -545.1088
v  -1499.9919 567.0128 -537.2242
v  -1491.6760 488.3763 -546.4865
v  -989.4551 704.4080 -784.9562
v  -995.6378 786.9294 -735.2518
v  -863.3761 798.6735 -739.0652
v  -852.3264 708.7513 -791.1795
v  2545.6130 560.1121 -296.8043
v  2543.1960 581.7304 -304.3560
v  2531.8989 579.7024 -298.4155
v  2543.7070 537.2745 -278.0249
v  -1238.7310 240.8381 -827.2166
v  -1277.8110 243.2618 -820.9743
v  -1275.7770 248.0480 -816.6283
v  1711.6190 1084.1190 -642.0501
v  1770.2531 1121.5840 -601.7236
v  1853.4821 1055.1250 -629.9537
v  1789.5200 991.9811 -676.9968
v  961.4377 1273.0710 -563.9905
v  893.5703 1273.0100 -563.9023
v  893.7358 1309.0750 -529.4855
v  974.1382 1307.8690 -531.7471
v  1554.9380 1307.6410 -390.6335
v  2398.0430 369.3173 -802.6370
v  2489.0029 368.7973 -782.5272
v  2502.0669 703.8547 -296.6093
v  2504.1841 703.1965 -210.5282
v  2534.3601 580.1462 -174.4651
v  -719.4480 832.2114 -675.5530
v  -742.8807 846.6716 -566.6683
v  -450.1891 886.2527 -599.4412
v  2641.5300 493.4744 -392.7627
v  2640.6211 490.7211 -456.8112
v  1528.7230 868.9213 -716.7134
v  1690.6379 868.8454 -718.5439
v  2232.9360 328.4246 -818.8568
v  -1092.2791 814.1030 -559.7368
v  -1105.1331 821.9361 -451.9848
v  -1008.8660 832.5599 -445.0112
v  -996.0330 824.3694 -559.7350
v  -1612.8420 369.7252 -361.2608
v  -1620.7531 372.9271 -361.8443
v  402.3662 1327.9310 -408.5477
v  797.9535 1343.3110 -406.0963
v  811.0068 1336.6379 -464.9740
v  390.1922 1317.4980 -482.5732
v  -1496.4810 370.6017 -767.0889
v  -1488.2650 365.9136 -757.8480
v  -1532.9500 368.9303 -711.8669
v  -1473.0760 604.9902 -688.3002
v  -1477.5420 633.6268 -688.4149
v  -1476.1180 651.8726 -715.8367
v  -1466.2690 589.8720 -729.3391
v  -1068.3040 687.2607 -820.6959
v  -1098.6610 660.6939 -826.5812
v  -1549.2920 245.1554 -357.7195
v  -1579.7510 185.8514 -360.0312
v  2624.1919 492.7180 -693.7621
v  928.9233 845.5571 -738.1418
v  787.5344 845.4813 -737.1224
v  793.7412 863.2994 -719.9045
v  924.6825 862.9019 -719.9742
v  1247.8270 866.4303 -716.9252
v  1246.5160 848.7712 -736.1838
v  1690.1390 931.1010 -699.7009
v  1872.1840 899.2347 -709.6257
v  778.3419 175.0495 -796.5114
v  787.6516 282.0985 -761.5099
v  931.2562 278.4661 -776.6284
v  944.0127 178.5081 -800.5511
v  2436.0740 736.5311 -778.7542
v  -1193.4080 656.9430 -813.7947
v  -1212.6130 679.1612 -802.1100
v  1230.5800 548.1913 -843.0512
v  1218.0660 727.4072 -823.6275
v  1451.5350 557.9759 -856.6003
v  1389.4150 501.3640 -840.4656
v  -1481.7980 513.5955 -612.6038
v  -1445.1910 251.6458 -736.3806
v  -1463.4370 354.0268 -738.7801
v  -1437.7190 352.3060 -763.3992
v  -1422.7061 251.6064 -760.7895
v  -1562.3710 355.3157 -354.3653
v  2552.1550 534.4520 -283.7277
v  2553.8730 503.8855 -282.9162
v  -1352.6639 245.4931 -801.7571
v  -1428.3260 246.3010 -770.7804
v  -1348.7841 250.3517 -795.1519
v  -1437.3409 364.0486 -781.7166
v  -1442.9690 369.0238 -788.9089
v  -1362.7939 369.6875 -812.9204
v  -442.7681 912.4006 -283.9457
v  -432.5831 909.1562 -373.0713
v  -502.1288 900.0084 -374.6999
v  -511.7166 907.1346 -293.5388
v  -1563.6390 456.9569 -675.6734
v  -1447.6880 505.9931 -735.7806
v  -1445.3270 489.3495 -734.7160
v  2507.2209 889.1859 -695.6200
v  -1485.9780 731.2819 -552.4086
v  -1169.1840 603.3203 -833.4640
v  2546.6851 537.2745 -173.5129
v  2495.3989 902.2755 -384.4461
v  2525.9580 900.8013 -278.9755
v  2526.7510 896.9492 -393.7925
v  2032.0200 906.8214 -682.1604
v  1878.9230 1065.4210 -607.0383
v  2534.8669 568.5983 -716.3527
v  2530.1790 534.7686 -704.3873
v  -1514.7740 346.4083 -576.7368
v  -1503.6230 354.3772 -629.7645
v  -1501.2510 346.1250 -629.2201
v  -1462.7620 544.5200 -722.3484
v  -1472.3910 558.3952 -665.3807
v  -1472.2220 575.8932 -678.5996
v  -216.5856 847.7607 -719.8327
v  2580.3440 224.4219 -235.9244
v  2585.3330 237.1673 -237.3561
v  2587.0549 233.2090 -150.4019
v  2577.7729 227.6141 -148.7352
v  -1539.9410 338.8059 -455.1068
v  -1523.5040 346.1945 -539.6083
v  1309.7090 174.5219 -813.0164
v  1222.3800 178.6701 -806.4483
v  1235.4709 285.7788 -822.1608
v  1317.4860 303.3328 -818.1737
v  -335.6955 283.4357 -759.6454
v  -441.5924 300.3894 -787.9564
v  1039.2000 1346.6720 -370.6358
v  1304.9659 1330.7271 -450.1331
v  1022.8180 1337.2531 -461.2099
v  -1584.7520 381.6502 -588.7097
v  1235.2800 737.7289 -800.6777
v  2455.7690 600.2473 -785.1277
v  2463.1489 603.7383 -783.2565
v  2472.1030 591.2898 -781.1495
v  2469.4729 581.3540 -781.6286
v  1656.4530 1215.3320 -557.8730
v  1593.1130 1211.5861 -585.9329
v  2538.0049 493.7000 -772.7057
v  2527.6780 503.8793 -746.3719
v  1450.4390 1320.5980 -458.6401
v  -41.3272 176.2781 -788.5853
v  -205.6017 172.8892 -784.2634
v  -496.5930 900.4969 -447.9175
v  2396.8799 216.3509 -770.3655
v  2438.0129 266.0981 -463.5966
v  2299.8430 246.3561 -460.2332
v  2237.3059 204.4357 -798.1375
v  -1556.5950 388.2223 -630.8721
v  -1558.0310 336.9056 -355.2191
v  -1581.3060 329.5343 -184.8955
v  2539.4600 261.5459 -243.1720
v  2539.7639 261.8942 -153.9279
v  1824.0811 850.2427 -731.6166
v  -1544.0410 471.1234 -719.4871
v  -1226.3420 548.1274 -825.6356
v  -1149.7350 542.8461 -838.9453
v  -1191.3820 487.1575 -827.8463
v  -1257.2570 485.5826 -814.7985
v  -1502.5740 383.5897 -770.7206
v  -1504.6121 459.1233 -772.5969
v  1261.1650 190.9385 -466.8165
v  1322.1770 193.2053 -465.9737
v  207.0946 1299.6650 -482.3728
v  132.6054 1269.3990 -507.7400
v  142.0215 1281.8650 -465.5167
v  -1567.7640 563.4067 -143.9340
v  -1554.8340 512.4656 -185.1189
v  -1603.6790 458.4373 -497.1663
v  -1596.3571 472.9751 -495.5818
v  -239.7463 827.4358 -741.4919
v  2565.1350 294.0794 -160.4123
v  -1453.3730 475.3558 -785.4507
v  -1500.1000 474.7862 -766.0774
v  2558.6621 774.4849 -299.3866
v  2554.3030 840.8652 -288.1885
v  2399.2439 223.2111 -778.1934
v  1635.2980 1017.8660 -669.7325
v  2565.6851 502.1490 -718.4982
v  2532.0720 503.9861 -701.5726
v  -1067.6490 801.6044 -664.8010
v  -974.6282 810.8523 -671.7951
v  2512.5991 894.0394 -588.2684
v  1995.8400 240.8126 -823.0761
v  -879.2434 835.3618 -562.2662
v  -874.5061 820.2675 -672.8322
v  -1528.0170 514.0704 -363.5995
v  176.1337 1199.2271 -600.8228
v  140.5090 1232.1680 -573.3330
v  -1458.3690 182.8294 -770.1927
v  2580.4939 224.5380 -317.6280
v  -1100.6780 578.7176 -844.6478
v  2200.3391 500.7536 -836.4919
v  2227.3931 368.0362 -829.5735
v  2071.1641 503.0021 -849.2993
v  2625.4250 376.6300 -686.8901
v  1997.6650 211.1691 -822.2554
v  932.4449 732.2826 -797.8845
v  925.7910 540.9950 -804.9872
v  -438.4927 175.3896 -793.2498
v  -336.5667 174.9436 -785.6246
v  2038.8760 905.6273 -703.0612
v  -1099.1390 840.4427 -211.0468
v  -1032.6980 835.7480 -342.0214
v  -1472.1960 345.3213 -718.1092
v  -1479.4220 345.5330 -699.9136
v  -1481.3430 354.1258 -701.6826
v  2479.1399 289.1775 -748.7045
v  -1566.6830 388.2875 -589.6032
v  105.7068 1244.7070 -538.1138
v  -73.5697 1101.1591 -608.1141
v  848.8901 1089.4399 -644.9200
v  943.3052 1088.9449 -644.8911
v  -1244.8750 803.1041 -463.2599
v  2430.0859 595.5675 -791.4027
v  -1386.3660 775.8763 -471.9963
v  -1552.4390 453.4257 -645.6460
v  -1559.5460 453.0163 -617.1218
v  350.6892 1329.7250 -346.7659
v  289.7715 1323.6940 -368.7772
v  284.0467 1334.5530 -213.1454
v  347.1655 1339.2850 -200.4907
v  -1518.8730 676.1706 -516.8116
v  307.5282 1311.2650 -486.6655
v  -1364.5120 472.3262 -812.2778
v  -1272.2870 471.9808 -830.9512
v  2196.4250 602.8972 -833.6146
v  -1573.8690 614.1182 -135.3366
v  2599.5891 491.8541 -741.6728
v  210.3332 1311.1140 -379.4190
v  137.6054 1286.7841 -391.1176
v  2541.4900 569.2016 -621.7798
v  2541.7300 583.1061 -626.2014
v  2551.9050 583.1799 -395.9187
v  2551.4180 568.3567 -394.9819
v  -1336.4890 598.3549 -797.9152
v  816.6929 1272.7889 -563.7917
v  814.0793 1307.8230 -534.1746
v  365.5284 1294.1580 -535.4285
v  2514.4561 290.2845 -729.6161
v  2106.4199 193.2005 -811.1871
v  -1481.5730 654.3849 -680.9182
v  -1482.0630 670.3871 -704.9534
v  -700.0267 710.9116 -798.8639
v  -853.6021 693.5894 -835.7141
v  -1607.9630 471.4298 -442.4903
v  2604.7429 349.8235 -677.2794
v  -860.2115 628.1626 -853.7216
v  -1553.2900 368.5955 -639.6395
v  1429.4930 1302.8870 -523.6812
v  1548.2050 1267.1160 -550.0903
v  1442.6940 1231.5480 -584.2979
v  1401.5840 1255.2810 -573.0280
v  2529.8611 879.9312 -589.6414
v  2541.8899 879.1135 -397.3507
v  2373.2620 593.3152 -803.8016
v  124.8703 1292.4080 -214.1663
v  120.9221 1295.6650 -21.1150
v  203.3186 1319.3101 -212.3342
v  -1214.2540 763.2717 -724.2189
v  -1212.4070 694.4752 -770.6568
v  -1342.3290 686.5332 -755.7859
v  -1572.0800 453.1602 -564.9092
v  1618.3910 1251.6030 -528.2318
v  1648.8340 1240.6620 -511.9833
v  1675.6650 1219.8750 -533.4773
v  -1578.5970 453.6175 -532.5964
v  842.0878 1345.5900 -387.6615
v  860.1914 1348.4900 -353.3114
v  937.6875 1348.5170 -360.3924
v  896.2091 1336.8470 -467.1604
v  -1624.1970 457.1475 -373.8508
v  -1646.6200 461.2514 -204.1333
v  -1230.6530 370.1461 -843.0670
v  -1292.5450 369.8067 -828.3626
v  -1229.2111 383.7516 -845.7634
v  2552.6270 272.4037 -493.8242
v  2557.7549 291.2297 -441.1473
v  2550.2629 283.7416 -438.3099
v  2535.0249 757.9762 -731.3159
v  -1232.5341 353.3973 -829.6332
v  -1536.2020 564.0555 -314.8760
v  -421.6824 906.8584 -446.3448
v  -1065.2230 700.7210 -783.1293
v  2437.3560 704.5870 -783.4303
v  1998.7560 192.4798 -830.1964
v  1998.7920 184.7303 -824.6521
v  1016.3320 190.9619 -449.0676
v  1519.0590 1153.9100 -617.2775
v  -281.3314 938.7130 -659.1803
v  -218.2925 982.6887 -652.8311
v  -1447.9890 593.6799 -748.3529
v  -1507.2350 251.4737 -514.1642
v  -698.3667 814.1817 -739.0257
v  -1526.0120 547.2125 -384.3116
v  -1518.0420 533.3807 -421.6027
v  366.8030 1327.0480 -389.1201
v  1303.2390 1314.0590 -513.1577
v  2576.6941 225.8496 -536.7861
v  -1536.6470 251.1465 -355.6117
v  2152.5840 914.8712 -319.6008
v  -1372.5970 181.1229 -804.4527
v  -1563.2531 245.6566 -172.3743
v  1302.7740 1270.6700 -564.3936
v  946.1165 1360.1250 -178.5146
v  1047.1541 1358.5930 -188.9724
v  -61.7451 847.3149 -723.4100
v  -63.0920 833.2978 -740.1410
v  -1066.3710 780.4814 -732.1063
v  1547.5940 1299.7350 -466.4618
v  -1288.7209 178.8001 -823.8809
v  -1513.0170 669.5629 -537.9190
v  -942.9568 856.7288 -239.2296
v  2578.8000 224.3282 -352.5340
v  -576.9827 344.2546 -831.8790
v  866.7667 1360.0909 -173.5752
v  2549.3369 564.5679 -298.3486
v  -1546.5120 613.3411 -311.0609
v  -775.7328 871.9465 -254.6859
v  -1279.5510 180.8934 -468.6926
v  -1481.5670 184.7167 -439.0225
v  -1420.4399 180.8486 -758.2985
v  -1238.1320 173.8919 -834.9705
v  366.1502 1260.3080 -568.3967
v  2523.4670 739.0871 -734.5701
v  2535.2571 746.6448 -732.7499
v  2554.5229 583.5311 -304.5730
v  -1544.8220 648.9370 -352.8447
v  -1541.8459 614.8246 -346.3224
v  2486.0610 333.7699 -769.1956
v  -1509.5930 606.8026 -514.9678
v  -1508.5680 608.4711 -521.0800
v  2544.5220 884.1616 -284.1502
v  -563.0747 175.0751 -807.7482
v  2160.0991 916.0641 -192.5239
v  -1232.0341 361.0582 -838.7913
v  -244.5590 714.8796 -795.9268
v  2399.4590 329.7332 -789.7769
v  -1209.3459 450.4638 -848.6752
v  -1660.8740 375.4420 -191.7995
v  -1663.9380 390.7638 -196.2990
v  -1626.8459 386.9331 -365.7942
v  -1501.5740 737.8218 -433.4789
v  -1536.5690 710.1431 -448.3550
v  -1545.5540 711.4734 -392.0721
v  -1509.2200 737.6919 -393.2963
v  2509.5120 738.8134 -753.4466
v  2506.8569 748.6731 -752.3959
v  2521.2439 750.5786 -735.0318
v  -1511.9780 626.0242 -515.5139
v  -1510.4380 626.8419 -521.4523
v  -1495.7980 736.0586 -476.7527
v  -1545.4600 672.1998 -366.4967
v  -1542.4399 695.2784 -398.5707
v  1926.2729 497.8243 -862.5901
v  -1533.2910 699.4700 -449.4131
v  2534.4290 583.2233 -720.7980
v  -1572.4709 240.5659 -173.0315
v  -1200.5480 471.0281 -845.9667
v  -399.9037 191.5475 -435.3012
v  -530.3376 191.2570 -454.8082
v  -1481.6040 532.9420 -606.6805
v  -1500.6150 264.4415 -538.6920
v  -1454.4330 264.1701 -716.4816
v  -363.1627 904.0086 -625.5217
v  -386.0833 904.0574 -585.1298
v  -1533.7490 571.1152 -360.3401
v  1787.1500 1135.5270 -577.0948
v  -1475.1970 542.9578 -645.6644
v  -1602.1890 184.4287 -174.5269
v  2540.8999 964.3306 -648.8287
v  2566.5010 1016.8950 -602.5575
v  2561.9050 999.9426 -601.4016
v  2540.3230 953.3794 -633.9001
v  2360.0229 980.0859 -641.7166
v  2357.5901 971.6562 -626.0510
v  2409.0000 1003.0730 -593.9317
v  2422.4939 1017.2760 -608.1258
v  2522.4080 915.1724 -650.0744
v  2517.8870 913.8994 -677.4092
v  2285.3491 935.8527 -650.3813
v  2281.1631 933.4080 -673.1783
v  2511.7019 894.6948 -656.6179
v  2507.7581 896.9615 -685.4776
v  2236.8030 907.0234 -667.3100
v  2231.0320 905.5243 -689.4066
v  2426.8660 1018.2300 -566.3297
v  2412.5120 1004.1630 -560.5977
v  2561.1870 1018.0110 -561.5969
v  2564.1121 1002.2370 -587.2255
v  -1497.6720 343.8748 -628.3499
v  -1510.3700 343.7961 -577.6719
v  -1470.0510 343.3446 -714.1721
v  -1476.9210 343.7801 -697.4299
v  -1498.0930 267.0612 -540.8756
v  -1453.1320 266.3218 -713.1355
v  -1518.7990 343.7827 -542.2701
v  -1447.6880 343.2130 -629.0052
v  -1468.5341 343.2606 -575.6071
v  -1442.0380 342.4258 -713.7081
v  -1440.3690 342.9857 -695.6501
v  -1422.4120 266.8369 -682.9917
v  -1425.3870 266.7265 -711.7264
v  -1489.6390 343.4086 -542.8383
v  -1471.0420 267.1217 -541.6611
v  -1425.5110 266.9445 -642.0986
v  -1439.6880 267.0384 -593.8892
v  -1580.4790 391.6655 -520.6046
v  -1576.5930 390.0863 -538.4042
v  -1580.7841 447.9219 -520.5880
v  -1541.5190 390.1250 -670.9981
v  -1541.7020 452.7133 -670.8133
v  -1553.5480 389.9988 -630.1013
v  -1563.9060 390.0629 -589.5603
v  -1547.1541 453.0208 -645.2859
v  -1551.6520 453.0161 -616.2044
v  -1566.8669 453.0114 -563.6338
v  -1574.7230 452.9959 -532.2137
v  -1562.0950 391.8200 -520.7827
v  -1554.2880 390.1197 -535.5246
v  -1561.6630 451.5602 -521.5616
v  -1533.5800 390.3127 -671.5025
v  -1532.4260 451.5582 -671.2303
v  -1529.0730 389.9952 -631.9905
v  -1534.4100 390.0669 -586.5451
v  -1529.1840 452.5941 -647.9199
v  -1529.2200 452.6421 -617.0858
v  -1542.6591 452.6209 -560.5732
v  -1556.0920 452.5137 -531.5328
v  -1468.0389 695.2410 -633.8056
v  -1474.9270 691.3740 -566.2145
v  -1461.3390 676.4901 -664.3381
v  -1471.4540 566.6462 -538.3726
v  -1471.3680 546.0294 -561.2979
v  -1460.1639 604.9901 -688.3001
v  -1461.4170 631.7894 -687.5295
v  -1461.2061 559.1786 -665.4358
v  -1461.0980 576.5717 -678.2059
v  -1461.3760 653.7852 -680.3879
v  -1473.0420 589.0976 -526.2834
v  -1474.4561 669.9163 -540.2267
v  -1473.6610 608.3181 -521.9730
v  -1473.2810 627.8459 -522.1132
v  -1476.7080 650.4827 -528.4346
v  -1468.4940 533.5885 -607.8486
v  -1462.2930 543.6202 -644.9590
v  -1468.0090 677.2731 -627.1170
v  -1473.3879 674.2533 -574.3351
v  -1462.7770 662.6304 -650.9598
v  -1470.6760 576.8534 -552.5934
v  -1470.6090 560.7538 -570.4958
v  -1461.8590 606.7962 -669.6717
v  -1462.8380 627.7237 -669.0699
v  -1462.6730 571.0220 -651.8170
v  -1462.5890 584.6042 -661.7892
v  -1462.8051 644.9001 -663.4931
v  -1471.9160 594.3857 -543.1530
v  -1473.0200 657.4969 -554.0413
v  -1472.3990 609.3950 -539.7870
v  -1472.1021 624.6443 -539.8965
v  -1474.7791 642.3214 -544.8329
v  -1468.3640 551.0387 -606.8472
v  -1463.5220 558.8724 -635.8267
v  -1455.6379 649.9327 -616.9395
v  -1458.7200 648.2021 -586.6916
v  -1452.6390 641.5415 -630.6032
v  -1457.1660 592.3848 -574.2320
v  -1457.1281 583.1586 -584.4913
v  -1452.1130 609.5443 -641.3265
v  -1452.6740 621.5374 -640.9816
v  -1452.5800 589.0431 -631.0944
v  -1452.5310 596.8267 -636.8092
v  -1452.6560 631.3807 -637.7858
v  -1457.8770 602.4322 -568.8219
v  -1458.5090 638.5996 -575.0617
v  -1458.1541 611.0336 -566.8930
v  -1457.9840 619.7725 -566.9557
v  -1459.5170 629.9028 -569.7845
v  -1455.8409 577.5911 -605.3234
v  -1453.0660 582.0804 -621.9308
v  -1455.5760 613.2333 -603.2780
v  -1482.6010 544.9468 -472.9312
v  -1481.1500 566.4555 -497.4619
v  -1479.0551 668.9603 -496.5883
v  -1480.8900 687.8449 -475.5484
v  -1478.1270 650.6926 -507.4759
v  -1479.0710 585.4152 -508.1869
v  -1490.8800 546.8436 -385.7731
v  -1484.8000 533.5234 -428.9726
v  -1496.6949 648.9096 -353.5873
v  -1495.3390 612.1587 -347.4740
v  -1478.8020 604.4651 -513.7195
v  -1478.2520 621.4882 -514.3879
v  -1492.8870 693.3156 -396.0025
v  -1495.8979 671.7551 -367.6039
v  -1487.1570 699.5234 -441.2835
v  -1491.4720 568.1819 -362.9272
v  -1482.9360 552.6532 -469.7001
v  -1481.6350 571.9244 -491.6790
v  -1479.7581 663.7664 -490.8963
v  -1481.4030 680.6865 -472.0450
v  -1478.9270 647.3989 -500.6514
v  -1479.7729 588.9119 -501.2884
v  -1490.3530 554.3526 -391.6085
v  -1484.9060 542.4180 -430.3143
v  -1495.5630 645.8015 -362.7707
v  -1494.3490 612.8735 -357.2934
v  -1479.5320 605.9802 -506.2455
v  -1479.0389 621.2324 -506.8444
v  -1492.1520 685.5881 -400.7738
v  -1494.8490 666.2704 -375.3293
v  -1487.0179 691.1502 -441.3445
v  -1490.8840 573.4713 -371.1390
v  -1467.9510 589.3710 -444.9313
v  -1467.4150 597.3271 -454.0052
v  -1466.6390 635.2435 -453.6821
v  -1467.3190 642.2288 -445.8995
v  -1466.2960 628.4862 -457.7094
v  -1466.6460 604.3402 -457.9724
v  -1471.0140 590.0727 -412.6917
v  -1468.7650 585.1455 -428.6711
v  -1473.1650 627.8267 -400.7862
v  -1472.6630 614.2326 -398.5250
v  -1466.5460 611.3867 -460.0189
v  -1466.3420 617.6836 -460.2662
v  -1471.7560 644.2524 -416.4756
v  -1472.8700 636.2772 -405.9710
v  -1469.6370 646.5487 -433.2249
v  -1471.2330 597.9657 -404.2411
v  -1469.1410 616.7743 -433.4419
v  -904.9442 186.0752 -461.7505
v  -330.2427 175.3896 -28.6837
v  -626.6604 489.1276 -478.8872
v  -747.2886 595.2802 -478.8872
v  -968.4663 628.2460 -478.8872
v  -1053.8510 602.9139 -478.8872
v  -1149.7350 542.8461 -478.8872
v  -1200.5480 471.0280 -478.8872
v  -1100.6780 578.7175 -478.8872
v  -860.2115 628.1625 -478.8872
v  -1230.6530 370.1461 -478.8872
v  -1267.5540 240.8380 -478.8872
v  -576.9827 344.2546 -478.8872
v  -1479.2510 157.5931 -742.5022
v  -1543.7230 156.0633 -526.4025
v  -1574.0811 155.5653 -363.3886
v  -1445.1801 156.7565 -770.5193
v  -1368.3320 153.8825 -798.6538
v  -1288.3950 153.2891 -817.6885
v  -1241.0790 151.9409 -826.0214
v  -1599.5500 157.5260 -175.1707
v  1678.3820 607.2983 -461.8205
v  1549.1260 597.6903 -461.8205
v  1993.6541 304.3007 -461.8205
v  1987.7070 355.3333 -461.8205
v  1451.5350 557.9759 -461.8205
v  1389.4150 501.3640 -461.8205
v  1317.4860 303.3328 -461.8205
v  1995.8400 240.8126 -461.8205
v  1997.6650 211.1691 -461.8205
v  1926.2729 497.8243 -461.8205
v  1792.9060 586.3114 -461.8205
v  1659.9210 202.1872 -463.8971
v  778.3418 175.0495 -431.5617
v  -41.3272 176.2781 -423.6355
v  886.5917 175.0495 -31.9454
v  66.9227 176.2781 -24.0192
v  2486.4299 737.3018 -754.4954
v  2473.1150 729.0660 -759.4057
v  2466.8611 706.1269 -765.0798
v  2527.2520 718.9837 -307.5675
v  2550.0840 735.9286 -309.1115
v  2547.6809 737.0552 -386.5906
v  2534.8040 736.9494 -589.5005
v  2494.3040 585.6731 -764.6914
v  2518.0540 585.0380 -749.2426
v  2467.5549 606.3987 -771.1534
v  2474.2661 592.3672 -770.1231
v  2536.1641 585.1595 -625.1247
v  2547.4209 585.2623 -398.8245
v  2519.0559 737.6183 -729.0750
v  2550.4971 584.7083 -308.9645
v  2544.2029 584.1226 -307.9154
v  2504.7390 737.6281 -746.6584
v  2529.3059 585.0223 -721.5715
v  2493.1060 601.7151 -763.1177
v  2487.7800 623.7950 -764.1273
v  2498.9309 610.3209 -760.8442
v  2481.6011 645.5320 -764.9438
v  2480.4871 677.7562 -763.2017
v  2483.3540 698.6276 -760.4839
v  2494.5000 714.2633 -754.7548
v  2505.8921 594.4813 -758.0603
v  2509.8521 601.8960 -755.6400
v  2519.5161 595.3161 -747.2946
v  2524.6709 590.3527 -726.8032
v  2535.9250 590.4838 -626.6360
v  2507.6760 724.4490 -746.4219
v  2519.5471 731.1102 -729.8655
v  2534.2639 732.5822 -590.2307
v  2547.3589 732.6898 -384.2752
v  2550.4990 732.7265 -315.6916
v  2550.4409 689.8136 -315.6195
v  2550.2109 689.3525 -309.0663
v  2550.2891 660.7639 -309.0385
v  2550.3999 660.0997 -315.5696
v  2547.6189 591.2098 -398.1357
v  2550.3069 591.2098 -315.4539
v  2465.9299 620.3764 -761.3019
v  2479.7900 608.2983 -759.2806
v  2465.3049 647.8257 -757.2654
v  2465.6240 679.2366 -755.0377
v  2466.2170 698.3595 -755.1411
v  2470.7119 714.2536 -754.1622
v  2492.6370 601.0900 -754.0193
v  2504.6389 595.0056 -746.0072
v  2508.9070 590.3526 -726.8032
v  2515.7600 590.5818 -616.8290
v  2491.9121 724.4489 -746.4219
v  2504.7480 730.9640 -729.8052
v  2518.5000 732.5822 -590.2307
v  2531.5950 732.6897 -384.2752
v  2534.7351 732.7264 -315.6916
v  2534.5420 591.2098 -315.4539
v  2519.7820 622.0209 -316.2323
v  2550.3530 625.1928 -315.5109
v  2529.3149 591.0350 -399.3280
v  2550.3831 626.1313 -309.0048
v  2516.9480 691.5889 -315.9557
v  2512.5530 655.1534 -316.0157
v  2481.7480 620.1609 -753.1329
v  2475.3059 647.8711 -750.5408
v  2475.2571 678.6415 -748.4676
v  2479.6831 699.6938 -747.1931
v  2489.7661 701.1507 -734.0204
v  2484.8411 678.1763 -734.6567
v  2484.7129 647.9266 -737.9161
v  2492.1799 620.7286 -740.5610
v  2512.6931 691.5889 -397.3017
v  2501.6609 691.5888 -608.2468
v  2504.4961 622.0209 -608.5234
v  2515.5281 622.0209 -397.5783
v  2508.2991 655.1534 -397.3617
v  2497.2661 655.1533 -608.3068
v  2496.0820 691.5887 -714.9063
v  2498.9170 622.0208 -715.1829
v  2491.6880 655.1533 -714.9662
v  2545.0439 587.1216 -384.8085
v  2546.4500 660.7718 -384.8085
v  2547.3430 660.7718 -374.1884
v  2545.0439 587.1216 -374.1884
v  2542.9380 734.4221 -374.1884
v  2487.8340 734.4221 -374.1884
v  2490.4451 660.7718 -374.1884
v  2493.0569 587.1216 -384.8085
v  2490.4451 660.7718 -384.8085
v  2542.9380 734.4221 -384.8085
v  2493.0569 587.1216 -374.1884
v  2487.8340 734.4221 -384.8085
v  2542.3779 587.1217 -487.5677
v  2543.7839 660.7719 -487.5677
v  2544.6770 660.7719 -476.9476
v  2542.3779 587.1217 -476.9476
v  2540.2729 734.4221 -476.9476
v  2485.1689 734.4221 -476.9476
v  2487.7800 660.7719 -476.9476
v  2490.3911 587.1217 -487.5677
v  2487.7800 660.7719 -487.5677
v  2540.2729 734.4221 -487.5677
v  2490.3911 587.1217 -476.9476
v  2485.1689 734.4221 -487.5677
v  2534.8130 587.1216 -597.1347
v  2533.5459 660.7718 -597.1347
v  2534.4390 660.7718 -586.5146
v  2534.8130 587.1216 -586.5146
v  2529.5911 734.4221 -586.5146
v  2477.6040 734.4221 -586.5146
v  2480.2151 660.7718 -586.5146
v  2482.8269 587.1216 -597.1347
v  2480.2151 660.7718 -597.1347
v  2529.5911 734.4221 -597.1347
v  2482.8269 587.1216 -586.5146
v  2477.6040 734.4221 -597.1347
v  2527.9910 587.1216 -683.0397
v  2526.7241 660.7718 -683.0397
v  2527.6169 660.7718 -672.4197
v  2527.9910 587.1216 -672.4197
v  2522.7681 734.4221 -672.4197
v  2470.7820 734.4221 -672.4197
v  2473.3931 660.7718 -672.4197
v  2476.0039 587.1216 -683.0397
v  2473.3931 660.7718 -683.0397
v  2522.7681 734.4221 -683.0397
v  2476.0039 587.1216 -672.4197
v  2470.7820 734.4221 -683.0397
v  -355.8833 903.2007 585.8671
v  -151.0714 903.7303 629.1403
v  -111.5289 932.8625 192.9361
v  -436.2376 919.0124 192.9361
v  -85.0443 893.3015 643.1047
v  -60.7450 897.4677 192.9361
v  -61.4914 810.0203 648.6641
v  -45.3560 818.9836 192.9361
v  -86.0464 623.6732 639.7960
v  -84.6412 635.7615 168.9555
v  -129.0945 569.3256 634.2842
v  -132.6250 575.8478 167.6876
v  -250.1419 413.9658 647.6691
v  -246.9993 441.8526 192.9360
v  -434.8989 917.5844 -25.5621
v  -109.3494 928.4039 -25.5621
v  -67.2354 892.6382 -25.5621
v  -49.1074 819.1192 -25.5621
v  -55.0861 643.1318 -25.5621
v  -134.8667 582.1147 -25.5621
v  -241.8033 435.2518 -25.5622
v  -111.5289 932.8625 -244.0602
v  -151.0714 903.7305 -680.2644
v  -355.8833 903.2010 -636.9912
v  -436.2376 919.0125 -244.0602
v  -60.7450 897.4678 -244.0602
v  -85.0443 893.3017 -694.2288
v  -45.3560 818.9837 -244.0603
v  -61.4914 810.0204 -699.7882
v  -84.6412 635.7616 -220.0798
v  -86.0464 623.6733 -690.9202
v  -132.6250 575.8479 -218.8119
v  -129.0945 569.3258 -685.4085
v  -246.9993 441.8526 -244.0603
v  -250.1419 413.9660 -698.7934
v  -318.1504 364.1292 623.2451
v  1276.1541 381.0572 623.2451
v  1276.1541 381.0573 -658.3517
v  -318.1504 364.1294 -658.3517
v  1674.7360 899.6704 623.2452
v  1674.7360 899.6705 -658.3517
v  2207.1970 893.5148 623.2452
v  2207.1970 893.5149 -658.3517
v  1201.9940 717.2211 640.4238
v  1747.4570 732.8163 640.4238
v  1280.8831 377.0118 640.4237
v  1163.2939 376.0153 640.4237
v  -305.5695 674.6271 640.4238
v  -303.4515 363.5853 640.4237
v  1217.0640 850.0859 640.4238
v  1737.3870 857.0120 640.4238
v  -279.9551 830.1585 640.4238
v  1280.8831 377.0120 -687.5066
v  1747.4570 732.8165 -687.5065
v  1201.9940 717.2213 -687.5065
v  1163.2939 376.0155 -687.5066
v  -305.5696 674.6273 -687.5065
v  -303.4517 363.5855 -687.5066
v  1737.3870 857.0123 -687.5065
v  1217.0640 850.0861 -687.5065
v  -279.9551 830.1588 -687.5065
v  221.0651 1305.3380 164.7150
v  353.3877 1322.3750 166.5084
v  362.7084 1313.1240 312.8819
v  224.4483 1295.2419 345.5021
v  377.0466 1311.5560 346.9180
v  279.5000 1292.0510 442.2011
v  390.1318 1297.1530 449.5972
v  414.8228 1312.5360 362.4802
v  392.0863 1282.7531 480.3120
v  274.7081 1269.3459 490.5602
v  181.9530 1264.1250 467.7733
v  200.8782 1242.2990 512.8820
v  171.5512 1277.6250 347.1913
v  399.1566 1239.6880 515.0170
v  291.7379 1229.4730 520.8801
v  227.3650 1200.7679 536.6604
v  153.9210 1262.5740 443.4414
v  150.5426 1271.2880 347.3990
v  187.2097 1186.9020 551.4543
v  163.8997 1219.1689 526.6736
v  142.3853 1231.0210 503.3637
v  122.4544 1232.2460 489.4456
v  795.2271 1327.0850 360.8225
v  813.5479 1313.1420 445.1021
v  815.4199 1297.6060 475.5981
v  813.6608 1259.6331 513.7827
v  839.0439 1329.2030 343.7324
v  917.6453 1321.0590 418.1452
v  861.7892 1332.3440 310.1135
v  980.9451 1332.0140 312.6078
v  866.4781 1342.2061 160.2220
v  985.8022 1341.8781 163.3549
v  1080.8230 1318.6500 422.8528
v  1079.9120 1330.4709 313.8254
v  926.7061 1301.0179 471.4173
v  1081.3621 1300.0610 471.3939
v  1082.5870 1341.8781 163.3549
v  1409.5520 1317.3010 308.5523
v  1402.7419 1308.0000 410.0296
v  1387.3660 1288.6910 476.3565
v  1419.5510 1326.4530 148.6561
v  1558.8990 1299.0010 142.8883
v  1549.0551 1293.1980 303.0279
v  1552.2760 1284.1190 380.4110
v  1507.0450 1262.9420 494.7207
v  1623.7440 1238.5229 455.8386
v  1632.2700 1254.1130 358.2548
v  1588.4640 1197.7540 535.3665
v  1646.2150 1214.1851 488.0239
v  1412.7111 1231.3621 528.6091
v  1354.5179 1248.5699 519.4998
v  1468.3500 1186.6260 549.0897
v  1080.4060 1260.6689 513.4388
v  922.3053 1261.0870 513.3266
v  1649.3470 1261.2610 143.6410
v  1639.9160 1257.7600 288.5212
v  1670.0880 1100.8920 581.5527
v  1754.1770 1130.0430 533.1196
v  1569.0090 1075.1050 595.1557
v  1931.7240 993.3990 585.0788
v  1793.4390 963.2196 635.0003
v  1672.1680 940.0245 645.0850
v  2044.2600 905.2683 615.1443
v  1856.0320 893.1698 660.0782
v  1677.6700 884.9888 662.8713
v  867.5970 1343.8140 -17.0475
v  986.9431 1343.6240 -17.0475
v  1083.7190 1342.7030 -17.0475
v  1420.5909 1327.3790 -17.0475
v  1559.7650 1299.4580 -17.0475
v  1650.1000 1261.5720 -17.0475
v  162.2058 1284.5580 168.5516
v  142.0179 1278.4570 170.2395
v  221.0651 1305.3380 -17.0475
v  353.3877 1322.3750 -17.0475
v  162.2058 1284.5580 -17.0475
v  142.0179 1278.4570 -17.0475
v  -225.4572 859.9236 665.8798
v  -247.7867 866.3578 659.7699
v  -266.7308 886.7159 643.1691
v  -282.4172 906.6509 621.9534
v  221.0651 1305.3380 -198.8101
v  224.4483 1295.2419 -379.5971
v  362.7084 1313.1240 -346.9769
v  353.3877 1322.3750 -200.6034
v  377.0466 1311.5560 -381.0130
v  279.5000 1292.0510 -476.2960
v  390.1318 1297.1530 -483.6921
v  414.8228 1312.5360 -396.5753
v  392.0863 1282.7531 -514.4069
v  274.7081 1269.3459 -524.6551
v  181.9530 1264.1250 -501.8683
v  200.8782 1242.2990 -546.9770
v  171.5512 1277.6260 -381.2863
v  291.7379 1229.4730 -554.9751
v  399.1566 1239.6880 -549.1121
v  227.3650 1200.7679 -570.7554
v  153.9210 1262.5740 -477.5363
v  150.5426 1271.2880 -381.4940
v  163.8997 1219.1689 -560.7687
v  187.2097 1186.9020 -585.5494
v  142.3853 1231.0210 -537.4587
v  122.4544 1232.2460 -523.5406
v  813.5479 1313.1420 -479.1971
v  795.2271 1327.0850 -394.9176
v  815.4199 1297.6060 -509.6929
v  813.6608 1259.6331 -547.8778
v  839.0439 1329.2030 -377.8273
v  917.6453 1321.0590 -452.2402
v  861.7892 1332.3440 -344.2086
v  980.9451 1332.0140 -346.7028
v  866.4781 1342.2061 -194.3170
v  985.8022 1341.8781 -197.4499
v  1080.8230 1318.6500 -456.9478
v  1079.9120 1330.4709 -347.9205
v  926.7061 1301.0179 -505.5122
v  1081.3621 1300.0610 -505.4887
v  1082.5870 1341.8781 -197.4499
v  1402.7419 1308.0000 -444.1246
v  1409.5520 1317.3010 -342.6474
v  1387.3660 1288.6910 -510.4514
v  1419.5510 1326.4530 -182.7512
v  1549.0551 1293.1980 -337.1229
v  1558.8990 1299.0010 -176.9833
v  1552.2760 1284.1190 -414.5061
v  1507.0450 1262.9420 -528.8157
v  1623.7440 1238.5229 -489.9336
v  1632.2700 1254.1130 -392.3498
v  1588.4640 1197.7540 -569.4614
v  1646.2150 1214.1851 -522.1189
v  1412.7111 1231.3621 -562.7041
v  1354.5179 1248.5699 -553.5948
v  1468.3500 1186.6260 -583.1847
v  1080.4060 1260.6689 -547.5338
v  922.3053 1261.0870 -547.4216
v  1639.9160 1257.7600 -322.6162
v  1649.3470 1261.2610 -177.7360
v  1670.0880 1100.8920 -615.6477
v  1754.1770 1130.0430 -567.2145
v  1569.0090 1075.1050 -629.2507
v  1793.4390 963.2196 -669.0952
v  1931.7240 993.3990 -619.1738
v  1672.1680 940.0245 -679.1799
v  1856.0320 893.1698 -694.1732
v  2044.2600 905.2683 -649.2393
v  1677.6700 884.9888 -696.9663
v  162.2058 1284.5580 -202.6467
v  142.0179 1278.4570 -204.3345
v  -247.7867 866.3577 -693.8648
v  -225.4572 859.9236 -699.9747
v  -266.7308 886.7158 -677.2641
v  -282.4172 906.6509 -656.0484
v  99.9995 846.9360 445.4790
v  89.1295 867.8239 444.2960
v  84.5671 866.7284 506.1664
v  92.8307 847.5961 508.3757
v  97.3219 861.7007 388.6707
v  87.5203 878.4121 388.1744
v  97.8240 833.4033 463.7702
v  114.0943 809.3239 452.6006
v  121.0357 812.6725 431.8992
v  90.4016 843.8564 506.3203
v  114.1941 831.3069 386.2213
v  131.4328 797.0589 420.9370
v  125.8258 809.5936 382.3531
v  133.3753 781.7853 455.5840
v  139.1083 777.5727 449.5773
v  123.8813 785.1874 460.8387
v  92.1617 861.9704 234.1513
v  92.9087 866.7821 272.5008
v  103.7884 846.9609 266.7497
v  99.7018 842.8293 228.8121
v  124.8013 809.6800 263.6925
v  117.0823 808.7007 233.5317
v  88.7732 841.4267 175.5934
v  89.2315 858.9306 172.6700
v  136.7411 781.9216 230.8480
v  128.9156 784.5834 223.2948
v  133.5959 793.7300 274.6024
v  141.0022 775.4210 238.3363
v  117.3074 783.1425 447.8588
v  96.8103 780.2342 420.5121
v  108.6870 772.8619 418.6087
v  124.1058 772.0914 440.6192
v  99.1664 801.4615 446.5637
v  83.7518 794.1465 424.7776
v  58.6096 852.6086 441.0822
v  25.4025 842.5760 391.1768
v  37.9051 821.6586 391.7463
v  71.1981 832.8052 441.7834
v  57.1907 786.6838 387.2592
v  87.5199 828.4985 459.3227
v  84.6346 843.2894 502.5052
v  80.4748 850.6490 500.7429
v  75.4053 859.8583 498.6258
v  83.1229 773.7834 274.5326
v  66.0973 790.7661 276.8640
v  90.0700 799.6055 244.6289
v  113.0293 785.5284 240.9132
v  123.8015 772.6016 244.9764
v  98.2975 765.8990 273.6310
v  102.9985 804.0849 227.0002
v  117.3664 785.4114 220.7614
v  43.9524 826.2413 277.5771
v  32.4606 844.4241 278.6388
v  62.9028 852.5912 233.8431
v  73.9759 833.8854 234.2466
v  87.2567 829.7201 220.1138
v  85.3499 842.0562 177.7350
v  81.1398 849.4410 179.5267
v  76.0743 858.6431 181.6422
v  59.8347 863.1863 229.6829
v  72.5150 865.4431 183.0719
v  59.8497 874.0128 229.6750
v  71.2714 868.0612 183.5303
v  70.2676 878.7994 230.3288
v  72.3092 871.6478 182.1680
v  80.1242 881.3177 230.7912
v  75.2964 872.1490 179.9141
v  85.9999 872.7966 232.6181
v  80.7164 871.6886 176.1039
v  73.2463 884.3053 279.1025
v  85.2386 880.1769 275.8889
v  71.3708 886.3307 330.6830
v  85.6572 883.0654 329.9118
v  94.8137 868.0760 329.1240
v  107.8113 844.3757 328.4073
v  124.1599 813.3149 328.6759
v  133.1059 795.5978 378.3671
v  131.5603 799.0319 328.7465
v  130.2283 782.7994 375.5493
v  130.0326 784.2073 329.0655
v  135.3236 781.8493 282.7484
v  144.7162 767.8676 245.0149
v  112.4759 774.8729 328.5211
v  122.2522 774.7720 284.4740
v  138.8788 762.2362 246.8360
v  145.3174 734.4579 212.8811
v  154.6273 735.4275 209.5526
v  109.9917 766.7322 279.8226
v  130.4060 762.9434 247.5659
v  141.3293 740.3015 208.8154
v  137.2325 747.4459 203.6365
v  133.2062 755.0141 198.0504
v  131.3242 759.3608 194.6694
v  134.4167 759.5335 193.2641
v  144.9350 756.0569 192.5916
v  151.3304 746.5299 199.8827
v  90.8113 763.9211 326.6074
v  76.9351 758.0851 324.7669
v  97.6167 765.4609 380.7050
v  85.6479 759.2028 385.4223
v  70.1505 766.1988 387.6724
v  67.6312 767.4312 325.8610
v  54.7171 787.8228 325.8634
v  34.2998 820.2931 327.9866
v  20.4916 842.4134 330.0910
v  23.8451 860.3657 391.7654
v  14.3033 857.0688 329.4537
v  28.9378 857.4048 274.2818
v  27.6669 864.5634 330.0476
v  39.2820 867.5799 277.5141
v  51.4220 876.5366 330.9535
v  56.2843 876.4058 281.6602
v  36.2730 867.0489 389.0860
v  55.6425 876.9987 384.9929
v  73.8200 885.6627 386.6992
v  71.1871 879.7839 444.8180
v  82.7030 878.4883 445.6493
v  72.2086 871.6196 498.3015
v  76.2042 872.2548 501.3101
v  58.2775 873.9411 444.3619
v  70.9247 869.6470 497.0344
v  55.5307 863.6345 445.3988
v  72.1273 866.2183 497.3256
v  118.4978 767.6412 414.7073
v  114.4625 774.4630 375.2992
v  127.0926 770.3403 411.0819
v  138.3711 760.0783 436.1270
v  130.3396 762.8013 437.1864
v  143.8333 736.3771 468.9552
v  140.5538 741.6448 472.7039
v  136.6885 748.4686 477.6656
v  132.9946 755.4118 482.7904
v  131.3242 759.3608 485.8780
v  135.7895 759.4496 487.7542
v  146.6372 753.5931 486.0878
v  153.6554 742.4566 477.3966
v  143.1885 770.8083 442.8830
v  136.7565 787.1389 414.1400
v  148.3323 734.0574 468.1153
v  145.4047 764.2777 437.6796
v  136.8282 776.9478 410.0019
v  165.4524 696.2478 361.2122
v  164.4142 697.0208 311.0028
v  165.3806 685.5995 308.8976
v  169.0512 681.6505 363.1081
v  178.8548 682.7149 307.2881
v  179.7616 681.3190 363.8302
v  158.7747 697.7267 414.1881
v  158.2555 708.4706 409.4905
v  171.9007 695.4640 418.0339
v  156.5547 723.5464 464.6162
v  144.9149 723.6817 459.2000
v  185.5998 692.4201 362.8828
v  178.2467 705.9887 415.0346
v  163.5187 733.0963 459.8149
v  142.9122 770.9753 492.7574
v  135.0630 762.8260 498.9869
v  169.8642 714.2929 409.6189
v  156.1775 739.2955 451.2385
v  136.9730 774.4584 481.9737
v  114.2004 816.1895 498.8700
v  118.3542 815.8511 510.9164
v  144.6846 733.4103 450.9465
v  125.5635 768.5042 481.5477
v  102.7660 810.1055 498.3252
v  78.8488 854.3408 499.7613
v  90.0419 860.3940 500.2505
v  124.3951 761.3036 492.0618
v  100.0392 806.0275 510.0903
v  74.2095 853.5915 511.7632
v  49.3775 898.9991 496.1510
v  55.7023 896.5975 485.3197
v  109.6035 809.5923 517.7912
v  82.4995 859.1845 519.4188
v  56.5975 906.7911 503.2610
v  34.3407 947.7316 471.2676
v  28.0246 938.2129 465.6912
v  92.3452 863.4904 512.4958
v  67.3829 909.3124 497.1169
v  46.0117 948.6410 466.2260
v  30.2830 977.5790 423.0994
v  17.8343 977.8758 426.4943
v  67.0771 902.9406 485.8062
v  47.0572 939.4147 457.2474
v  32.2984 966.4145 417.2188
v  24.2275 981.2318 369.6636
v  21.5228 993.4804 371.9377
v  35.8707 933.0308 456.9502
v  21.2218 959.8804 416.9637
v  13.1153 974.5527 369.5291
v  12.5700 975.9067 319.2423
v  23.5205 982.4236 319.2749
v  12.2792 966.9754 422.7287
v  3.6701 982.8074 371.8010
v  2.9438 984.3273 317.6700
v  10.3469 970.6707 265.8858
v  19.3268 963.3210 271.0187
v  8.8523 994.4044 373.2451
v  8.0183 995.8024 316.7706
v  15.8633 981.6830 262.5620
v  31.1534 953.5734 215.9347
v  24.9551 943.8428 221.2699
v  20.7346 994.8525 317.6683
v  28.1366 981.3338 265.4971
v  42.9498 954.2614 220.7278
v  63.6264 916.4147 187.7874
v  52.5307 914.2330 181.5673
v  30.6077 969.8260 270.9239
v  44.1749 944.7120 229.3250
v  63.3009 909.5399 198.5541
v  86.0877 867.7888 181.6989
v  88.0427 871.4589 169.6360
v  33.0130 938.2650 229.6128
v  52.1504 903.1746 198.9932
v  74.7487 861.5272 182.2489
v  98.8123 817.3069 180.6302
v  110.1484 823.5120 180.2858
v  45.4677 906.0999 188.4727
v  69.8789 861.4026 170.3902
v  95.8091 813.9725 168.8077
v  120.6317 768.4125 184.2228
v  121.9418 775.0186 195.1100
v  78.0354 867.4944 162.7567
v  105.0289 817.8456 161.1286
v  130.9957 770.2659 177.2901
v  153.3734 729.3912 209.2764
v  141.9416 729.2413 214.8545
v  113.9902 823.7818 168.0489
v  138.9792 777.9761 183.4318
v  160.4542 738.7132 214.3260
v  176.2538 709.8149 257.4497
v  169.7632 699.1872 254.0497
v  133.4450 781.1561 194.7608
v  153.2646 744.5823 223.3000
v  167.9766 717.5805 263.3549
v  176.0556 702.7565 310.9000
v  184.8728 693.8335 308.6081
v  141.8363 738.6502 223.5880
v  156.4746 711.7914 263.5881
v  157.5010 700.4966 257.8545
v  176.6482 701.5004 361.2679
v  40.7329 849.1685 348.1792
v  -8.5109 816.6929 347.1896
v  -5.0782 810.5917 362.6168
v  44.6602 842.8699 365.2075
v  40.9299 848.8506 329.6653
v  -8.3132 816.2561 330.6094
v  45.1477 842.0830 313.0334
v  -4.7385 809.6720 315.8016
v  -60.3248 774.8022 319.7116
v  -63.2801 780.1977 332.0177
v  -63.3443 780.5952 345.9631
v  -118.8467 743.6465 333.0346
v  -118.9835 743.8783 345.3232
v  -116.2290 739.4886 356.3157
v  -60.4692 775.6689 358.7267
v  -111.1809 731.4016 363.7950
v  -55.2759 766.1755 367.8796
v  1.1821 799.1957 373.4141
v  52.2407 830.7015 377.7982
v  -48.5541 753.8190 371.5807
v  9.0764 784.7590 377.5345
v  61.9588 815.0969 383.2125
v  16.9360 770.5121 373.6515
v  72.4460 798.2615 379.3277
v  23.2236 759.0336 363.1762
v  80.5481 785.2615 367.2562
v  26.6544 752.7564 348.1235
v  85.0323 778.0737 349.6941
v  26.6391 752.7400 331.6797
v  85.0781 778.0043 330.2526
v  23.2807 758.7831 316.7651
v  80.7319 784.9758 312.8216
v  17.1423 769.8912 306.3258
v  72.7814 797.7300 300.6916
v  9.3746 783.9589 302.2800
v  62.9700 813.4735 296.0297
v  1.5857 798.1047 305.6481
v  52.8866 829.6602 301.0412
v  -48.4135 753.2255 308.1099
v  -55.0177 765.1888 311.1937
v  -104.8674 721.0781 313.7752
v  -110.8652 730.7599 315.4841
v  -115.8877 738.8875 322.2806
v  -41.9379 741.3184 311.4536
v  -99.1799 711.9680 317.0107
v  -36.7181 731.7809 320.0976
v  -94.7577 704.9361 324.1761
v  -33.8324 726.5569 332.7321
v  -92.3236 701.1003 334.0128
v  -33.7708 726.5258 346.7444
v  -92.2733 701.0206 345.1848
v  -36.5894 731.7878 359.4112
v  -94.6723 704.8157 355.2524
v  -41.8822 741.5587 368.3382
v  -99.1544 712.0146 362.6547
v  -104.9881 721.4366 365.9434
v  -99.1819 972.9733 759.3770
v  -111.1315 966.5112 738.2497
v  -110.7081 921.4885 744.8114
v  -90.7307 927.4057 780.8676
v  -129.4105 954.5356 705.8828
v  -128.3163 912.3472 716.9938
v  -162.4403 929.2298 682.3026
v  -163.9317 895.9833 693.8203
v  -196.5163 898.6379 676.3620
v  -220.5254 875.3419 677.3007
v  -78.1877 927.4042 804.1724
v  -80.1467 977.5450 793.9249
v  -63.5785 963.5035 828.4998
v  -49.8658 954.9722 844.5118
v  -53.6708 972.1686 841.1777
v  -62.5549 977.8552 827.5988
v  -64.0001 926.0402 829.1844
v  -51.2106 923.7547 843.7000
v  -115.8943 985.4807 639.8110
v  -140.3939 962.9254 647.5623
v  -127.5524 964.2624 667.8386
v  -111.0694 987.4415 649.1635
v  -95.1050 972.5795 664.9934
v  -95.3340 983.0485 654.5727
v  -121.1469 963.4263 695.9857
v  -98.1924 970.9442 688.8798
v  -108.0497 976.3228 718.9123
v  -90.8731 981.8245 705.3394
v  -92.2987 988.5773 726.3350
v  -77.8356 993.7289 745.2839
v  -41.3766 990.5052 830.8112
v  -18.0253 993.6026 836.6584
v  -33.6656 982.7348 844.4193
v  -11.7920 984.3720 846.6964
v  -29.1686 965.1636 848.5970
v  -26.5926 919.7982 847.8074
v  -97.1826 995.7435 642.2166
v  -84.6324 985.1658 652.4655
v  -86.0718 971.1821 667.1753
v  -77.9808 975.6147 697.2330
v  -84.7779 968.2628 684.7473
v  -80.8339 991.3184 713.0139
v  -64.1285 989.4802 707.0144
v  -64.4222 998.6224 735.8574
v  -54.1606 998.3679 729.6052
v  -60.5356 899.9347 832.5272
v  -47.6492 903.9217 842.8044
v  -73.7598 894.9540 809.6809
v  -83.9805 889.2294 790.0914
v  -107.3245 881.6870 749.7997
v  -6.0973 965.5555 850.4000
v  -5.5123 922.4143 849.2229
v  -6.7028 995.4393 834.7134
v  -70.2805 963.7780 664.7518
v  -58.6989 984.3917 646.9675
v  -77.2133 957.9488 680.4974
v  -66.4390 971.0869 701.1343
v  -73.1173 961.9178 695.6318
v  -60.5293 984.7574 708.3633
v  -60.3741 969.3589 706.8433
v  -62.6855 915.0162 706.8090
v  -68.4865 899.1775 700.5328
v  -59.7810 886.6321 800.7430
v  -70.7995 880.9504 777.2705
v  -90.1141 872.4446 743.6049
v  -44.4641 891.8303 824.3486
v  -27.7067 904.2194 845.6880
v  -17.7253 891.4005 821.0267
v  -5.3402 904.4058 846.7344
v  -34.5050 884.6365 791.4414
v  -44.7730 880.0895 761.2763
v  -56.7002 874.5623 736.6658
v  -0.6640 986.4915 845.5416
v  4.7719 923.2426 848.3958
v  2.5748 965.5076 849.7310
v  2.6926 904.1077 845.8889
v  -23.2415 893.4684 789.2413
v  -6.0865 896.3801 824.8915
v  -37.3280 892.9235 759.3787
v  -51.5562 891.5778 731.2269
v  -59.1963 909.8634 714.6007
v  -59.7733 918.2103 712.6025
v  -68.9776 906.5948 685.9551
v  -60.4718 903.5236 661.9354
v  -66.5523 916.1020 673.3536
v  -67.4094 883.9211 687.8962
v  -67.5705 867.2598 691.4255
v  -66.6804 887.4376 704.4998
v  -70.4088 860.9594 699.4215
v  -57.2101 903.1777 717.0618
v  -52.0937 898.0309 726.9231
v  -70.6310 849.8848 684.1589
v  -67.4112 857.3073 675.4603
v  -104.0583 861.5259 710.3130
v  -116.5973 847.6292 684.7042
v  -135.5107 872.4937 713.7518
v  -151.6287 847.1728 684.4969
v  -242.1593 852.1212 680.4626
v  -190.6482 861.1411 695.6423
v  -245.3649 845.6531 680.1989
v  -195.1933 846.3956 683.6758
v  -224.6191 876.3421 671.5035
v  -247.0467 852.0989 676.4429
v  -176.5512 926.7571 660.0308
v  -201.8646 900.4540 665.5430
v  -50.8923 990.9898 728.5578
v  -55.9779 984.8130 718.5214
v  -5.4289 988.4105 830.7968
v  -55.8810 979.3798 715.5388
v  -56.4427 965.4413 714.8057
v  -0.2836 980.5301 842.2431
v  3.2037 924.8263 842.6080
v  1.8741 962.0493 844.5867
v  1.9381 907.9739 838.3671
v  -24.5820 898.6039 786.7015
v  -7.4458 901.1682 821.6834
v  -36.9881 898.1240 760.4013
v  -48.2346 898.1378 735.0960
v  -56.7558 920.3943 719.2051
v  -56.2477 913.0431 720.9650
v  -54.4984 907.3669 722.1709
v  -49.9924 901.9395 727.8480
v  -50.1498 965.0471 730.3846
v  -54.5686 965.3012 720.7173
v  -46.9803 964.8615 737.5172
v  -43.3938 964.6594 745.1290
v  -6.0281 962.4895 828.0891
v  -6.9172 924.0325 824.0718
v  -31.3216 922.2693 771.8075
v  -40.5033 921.6019 752.3508
v  -48.8894 921.0140 733.4852
v  -51.0853 917.0722 726.1449
v  -51.3607 920.8847 725.7158
v  -65.1187 1000.1150 636.8060
v  -48.7118 997.1341 634.0560
v  -49.0660 980.3703 638.8753
v  -99.0997 995.2559 637.0706
v  -70.5798 846.8441 679.9274
v  -67.6194 855.8320 671.8909
v  -60.3621 902.9517 656.3755
v  -116.6982 845.8047 681.7232
v  -152.8253 845.7899 681.0581
v  -249.9492 844.5774 678.0938
v  -196.4394 844.7924 679.5587
v  -64.5202 1000.9190 631.6669
v  -48.8142 978.3902 633.2244
v  -47.7463 997.0445 629.1053
v  -115.8943 985.4808 621.8736
v  -140.3939 962.9254 629.6249
v  -224.6191 876.3421 653.5660
v  -247.0467 852.0989 658.5056
v  -176.5512 926.7571 642.0933
v  -201.8646 900.4540 647.6057
v  -99.0997 995.2559 619.1332
v  -70.5798 845.4860 658.9273
v  -67.6194 855.8320 656.0429
v  -60.3621 902.9517 638.4380
v  -116.6982 844.6677 659.5062
v  -152.8253 843.8967 660.4230
v  -249.9492 844.5774 660.1564
v  -196.4393 843.5243 661.6212
v  -64.5202 1000.9190 613.7294
v  -48.8142 978.3902 615.2870
v  -47.7463 997.0445 611.1680
v  -99.1819 972.9733 -759.3770
v  -90.7307 927.4057 -780.8676
v  -110.7081 921.4885 -744.8114
v  -111.1315 966.5112 -738.2497
v  -129.4105 954.5356 -705.8828
v  -128.3163 912.3472 -716.9938
v  -163.9317 895.9833 -693.8203
v  -162.4403 929.2298 -682.3026
v  -220.5254 875.3419 -677.3007
v  -196.5163 898.6379 -676.3620
v  -80.1467 977.5450 -793.9249
v  -78.1877 927.4042 -804.1724
v  -63.5785 963.5035 -828.4998
v  -62.5549 977.8552 -827.5988
v  -53.6708 972.1686 -841.1777
v  -49.8658 954.9722 -844.5118
v  -64.0001 926.0402 -829.1844
v  -51.2106 923.7547 -843.7000
v  -115.8943 985.4807 -639.8110
v  -111.0694 987.4415 -649.1635
v  -127.5524 964.2624 -667.8386
v  -140.3939 962.9254 -647.5623
v  -95.3340 983.0485 -654.5727
v  -95.1050 972.5795 -664.9934
v  -98.1924 970.9442 -688.8798
v  -121.1469 963.4263 -695.9857
v  -108.0497 976.3228 -718.9123
v  -90.8731 981.8245 -705.3394
v  -92.2987 988.5773 -726.3350
v  -77.8356 993.7289 -745.2839
v  -41.3766 990.5052 -830.8112
v  -18.0253 993.6026 -836.6584
v  -11.7920 984.3720 -846.6964
v  -33.6656 982.7348 -844.4193
v  -29.1686 965.1636 -848.5970
v  -26.5926 919.7982 -847.8074
v  -97.1826 995.7435 -642.2166
v  -84.6324 985.1658 -652.4655
v  -86.0718 971.1821 -667.1753
v  -84.7779 968.2628 -684.7473
v  -77.9808 975.6147 -697.2330
v  -80.8339 991.3184 -713.0139
v  -64.1285 989.4802 -707.0144
v  -64.4222 998.6224 -735.8574
v  -54.1606 998.3679 -729.6052
v  -47.6492 903.9217 -842.8044
v  -60.5356 899.9347 -832.5272
v  -73.7598 894.9540 -809.6809
v  -83.9805 889.2294 -790.0914
v  -107.3245 881.6870 -749.7997
v  -6.0973 965.5555 -850.4000
v  -5.5123 922.4143 -849.2229
v  -6.7028 995.4393 -834.7134
v  -58.6989 984.3917 -646.9675
v  -70.2805 963.7780 -664.7518
v  -77.2133 957.9488 -680.4974
v  -66.4390 971.0869 -701.1343
v  -73.1173 961.9178 -695.6318
v  -60.5293 984.7574 -708.3633
v  -60.3741 969.3589 -706.8433
v  -68.4865 899.1775 -700.5328
v  -62.6855 915.0162 -706.8090
v  -59.7810 886.6321 -800.7430
v  -70.7995 880.9504 -777.2705
v  -90.1141 872.4446 -743.6049
v  -44.4641 891.8303 -824.3486
v  -27.7067 904.2194 -845.6880
v  -5.3402 904.4058 -846.7344
v  -17.7253 891.4005 -821.0267
v  -34.5050 884.6365 -791.4414
v  -44.7730 880.0895 -761.2763
v  -56.7002 874.5623 -736.6658
v  -0.6640 986.4915 -845.5416
v  2.5748 965.5076 -849.7310
v  4.7719 923.2426 -848.3958
v  2.6926 904.1077 -845.8889
v  -23.2415 893.4684 -789.2413
v  -6.0865 896.3801 -824.8915
v  -37.3280 892.9235 -759.3787
v  -51.5562 891.5778 -731.2269
v  -59.1963 909.8634 -714.6007
v  -59.7733 918.2103 -712.6025
v  -68.9776 906.5948 -685.9551
v  -60.4718 903.5236 -661.9354
v  -67.4094 883.9211 -687.8962
v  -66.5523 916.1020 -673.3536
v  -67.5705 867.2598 -691.4255
v  -70.4088 860.9594 -699.4215
v  -66.6804 887.4376 -704.4998
v  -52.0937 898.0309 -726.9231
v  -57.2101 903.1777 -717.0618
v  -70.6310 849.8848 -684.1589
v  -67.4112 857.3073 -675.4603
v  -104.0583 861.5259 -710.3130
v  -116.5973 847.6292 -684.7042
v  -151.6287 847.1728 -684.4969
v  -135.5107 872.4937 -713.7518
v  -190.6482 861.1411 -695.6423
v  -242.1593 852.1212 -680.4626
v  -195.1933 846.3956 -683.6758
v  -245.3649 845.6531 -680.1989
v  -247.0467 852.0989 -676.4429
v  -224.6191 876.3421 -671.5035
v  -201.8646 900.4540 -665.5430
v  -176.5512 926.7571 -660.0308
v  -55.9779 984.8130 -718.5214
v  -50.8923 990.9898 -728.5578
v  -5.4289 988.4105 -830.7968
v  -56.4427 965.4413 -714.8057
v  -55.8810 979.3798 -715.5388
v  -0.2836 980.5301 -842.2431
v  1.8741 962.0493 -844.5867
v  3.2037 924.8263 -842.6080
v  1.9381 907.9739 -838.3671
v  -7.4458 901.1682 -821.6834
v  -24.5820 898.6039 -786.7015
v  -36.9881 898.1240 -760.4013
v  -48.2346 898.1378 -735.0960
v  -56.2477 913.0431 -720.9650
v  -56.7558 920.3943 -719.2051
v  -49.9924 901.9395 -727.8480
v  -54.4984 907.3669 -722.1709
v  -50.1498 965.0471 -730.3846
v  -54.5686 965.3012 -720.7173
v  -46.9803 964.8615 -737.5172
v  -43.3938 964.6594 -745.1290
v  -6.0281 962.4895 -828.0891
v  -6.9172 924.0325 -824.0718
v  -31.3216 922.2693 -771.8075
v  -40.5033 921.6019 -752.3508
v  -48.8894 921.0140 -733.4852
v  -51.0853 917.0722 -726.1449
v  -51.3607 920.8847 -725.7158
v  -65.1187 1000.1150 -636.8060
v  -48.7118 997.1341 -634.0560
v  -49.0660 980.3703 -638.8753
v  -99.0997 995.2559 -637.0706
v  -67.6194 855.8320 -671.8909
v  -70.5798 846.8441 -679.9274
v  -60.3621 902.9517 -656.3755
v  -116.6982 845.8047 -681.7232
v  -152.8253 845.7899 -681.0581
v  -196.4394 844.7924 -679.5587
v  -249.9492 844.5774 -678.0938
v  -64.5202 1000.9190 -631.6669
v  -47.7463 997.0445 -629.1053
v  -48.8142 978.3902 -633.2244
v  -140.3939 962.9254 -629.6249
v  -115.8943 985.4808 -621.8736
v  -247.0467 852.0989 -658.5056
v  -224.6191 876.3421 -653.5660
v  -201.8646 900.4540 -647.6057
v  -176.5512 926.7571 -642.0933
v  -99.0997 995.2559 -619.1332
v  -67.6194 855.8320 -656.0429
v  -70.5798 845.4860 -658.9273
v  -60.3621 902.9517 -638.4380
v  -116.6982 844.6677 -659.5062
v  -152.8253 843.8967 -660.4230
v  -196.4393 843.5243 -661.6212
v  -249.9492 844.5774 -660.1564
v  -64.5202 1000.9190 -613.7294
v  -47.7463 997.0445 -611.1680
v  -48.8142 978.3902 -615.2870
v  271.1549 492.6204 327.8929
v  534.8239 458.7612 322.8744
v  537.3687 457.4638 206.3224
v  273.5858 492.4326 190.8832
v  338.2996 514.4333 167.2211
v  529.5398 468.0162 187.6910
v  188.4060 496.4553 188.6712
v  199.0309 496.7496 336.9886
v  285.8377 530.7725 158.0882
v  278.0240 538.8571 148.7853
v  178.4312 479.6284 159.1094
v  180.2808 481.5757 136.0555
v  275.4192 539.9047 132.0142
v  196.8371 464.9069 131.9760
v  280.6728 527.6077 126.4466
v  155.4602 487.1924 331.6861
v  152.2686 483.2756 188.2536
v  595.0459 544.4185 215.6851
v  594.3600 544.1600 332.6136
v  571.6511 573.3637 182.4431
v  538.7825 565.4349 161.8743
v  522.0912 480.2971 161.7530
v  523.4196 480.9944 145.9624
v  527.2605 567.5408 133.6842
v  549.5868 543.3618 124.2475
v  530.7688 481.7378 133.1308
v  629.3182 465.5958 140.0192
v  646.9604 526.9226 137.7814
v  619.5712 586.1860 219.2636
v  619.0841 586.0134 335.4455
v  591.4033 624.3458 123.2030
v  677.2750 587.4805 138.8916
v  571.1826 632.8452 139.2249
v  576.1738 627.2010 161.2462
v  598.9379 617.7144 184.4214
v  651.3866 689.8057 134.5858
v  721.0013 658.8973 145.7852
v  634.8446 698.5917 154.4572
v  640.0804 694.4443 173.5080
v  652.8564 685.1276 193.1758
v  672.1963 669.9191 223.3679
v  671.9301 670.7285 337.3666
v  748.5035 789.1180 156.8429
v  785.0101 760.3669 158.1087
v  736.2218 797.1392 169.0295
v  734.6007 796.6335 185.2723
v  739.9210 789.6941 203.4309
v  747.4618 778.7187 227.5002
v  747.1780 779.5338 341.4221
v  791.7422 830.4450 166.3523
v  832.5142 827.2422 170.4112
v  786.7391 839.2098 177.2561
v  784.9913 842.4717 189.3822
v  790.4136 841.7520 211.5135
v  793.3237 839.8810 234.7511
v  793.1282 839.7153 338.7946
v  747.0344 779.3264 369.0979
v  792.9130 839.5327 369.0979
v  671.7653 670.4899 369.0979
v  618.9275 585.7482 369.0979
v  594.1901 543.8724 369.0979
v  534.4202 458.8182 369.0979
v  270.9939 492.6329 369.0979
v  198.8423 496.7496 369.0979
v  155.9248 487.6217 369.0979
v  682.1971 462.3818 151.6365
v  656.4294 404.3600 145.9768
v  718.9628 550.8093 154.2788
v  754.1471 626.2266 157.1006
v  811.0941 743.1473 165.0829
v  854.7493 821.6997 181.4347
v  494.3383 407.2529 132.3400
v  343.2807 529.4745 158.3215
v  342.5004 536.2233 138.8911
v  346.5510 528.2546 127.3969
v  353.4831 410.6644 135.6687
v  291.7065 413.0192 136.0104
v  193.7571 412.6068 139.4257
v  178.0163 462.2211 140.1176
v  186.2412 408.4569 147.6913
v  174.2831 461.8522 156.7515
v  182.0588 409.8774 157.7871
v  166.9492 408.7565 188.4322
v  165.7031 410.2374 349.8872
v  165.9924 409.7228 348.1195
v  166.2059 409.3431 369.0979
v  802.5939 841.8444 177.8088
v  832.3983 840.1345 183.6031
v  794.2271 843.4327 183.2048
v  794.2404 846.8885 193.6368
v  801.8730 849.3172 209.5398
v  802.4572 847.6318 238.3636
v  802.8667 847.9794 340.5222
v  803.0675 848.1500 369.0979
v  852.1250 834.1468 187.2100
v  810.9390 848.0417 193.4265
v  825.4468 846.7900 199.7028
v  851.5032 838.0807 199.5734
v  844.2266 844.2088 228.4108
v  825.3619 850.4598 218.5187
v  817.5671 897.8947 218.6856
v  784.1780 909.5609 222.7471
v  775.1743 915.9170 311.6809
v  868.1478 886.0396 222.7859
v  873.0703 880.3890 250.7000
v  853.9366 838.9706 254.2149
v  861.7808 829.9077 230.4062
v  860.6339 828.0846 201.3065
v  861.5973 831.6445 253.6489
v  856.7588 837.4176 282.0269
v  860.6255 826.2174 281.8635
v  873.0531 879.7668 279.4911
v  854.9639 838.6600 369.0979
v  860.9326 827.0917 369.0979
v  873.1420 880.0759 369.0979
v  812.8234 738.0848 285.2968
v  813.5797 739.4850 369.0979
v  878.9071 970.3234 250.7674
v  879.2321 970.1763 292.1363
v  873.7690 971.9904 234.8179
v  832.3373 977.2038 228.5242
v  809.5625 985.4789 232.1438
v  799.7092 986.7618 320.5264
v  870.9692 1012.3490 257.1256
v  870.3842 1015.0530 297.5820
v  868.4326 1010.7450 246.9529
v  845.7957 1013.3990 238.3652
v  825.6980 1018.4540 245.2449
v  823.1212 1020.3250 319.7355
v  800.3120 987.8604 369.0979
v  824.2327 1021.0210 369.0979
v  775.1718 915.7856 369.0979
v  848.7694 1026.0640 258.2773
v  829.6758 1023.3810 259.8909
v  829.8082 1023.4850 262.3619
v  831.6859 1024.5150 320.5956
v  854.0028 1026.5270 308.3012
v  856.4856 1025.4110 369.0979
v  870.3951 1015.1100 369.0979
v  836.3389 1026.1730 369.0979
v  879.0322 972.2503 369.0979
v  537.3687 457.4638 531.8734
v  534.8239 458.7612 415.3214
v  271.1549 492.6204 410.3029
v  273.5858 492.4326 547.3126
v  338.2996 514.4333 570.9747
v  529.5398 468.0162 550.5049
v  199.0309 496.7496 401.2071
v  188.4060 496.4553 549.5247
v  285.8377 530.7725 580.1076
v  278.0240 538.8570 589.4105
v  178.4312 479.6284 579.0864
v  180.2808 481.5757 602.1403
v  275.4192 539.9047 606.1816
v  196.8371 464.9069 606.2198
v  280.6728 527.6077 611.7492
v  155.4602 487.1924 406.5097
v  152.2686 483.2756 549.9421
v  595.0459 544.4185 522.5107
v  594.3600 544.1600 405.5822
v  571.6511 573.3637 555.7527
v  538.7825 565.4349 576.3215
v  522.0912 480.2971 576.4428
v  523.4196 480.9944 592.2334
v  527.2605 567.5408 604.5116
v  549.5868 543.3618 613.9482
v  530.7688 481.7378 605.0649
v  629.3182 465.5958 598.1766
v  646.9604 526.9226 600.4144
v  619.5712 586.1860 518.9323
v  619.0841 586.0134 402.7503
v  677.2750 587.4805 599.3042
v  591.4033 624.3458 614.9929
v  571.1826 632.8452 598.9709
v  576.1738 627.2010 576.9496
v  598.9379 617.7144 553.7744
v  721.0013 658.8973 592.4107
v  651.3866 689.8057 603.6100
v  634.8446 698.5917 583.7386
v  640.0804 694.4443 564.6879
v  652.8564 685.1276 545.0201
v  672.1963 669.9191 514.8279
v  671.9301 670.7285 400.8291
v  785.0101 760.3669 580.0872
v  748.5035 789.1180 581.3529
v  736.2218 797.1392 569.1663
v  734.6007 796.6335 552.9235
v  739.9210 789.6941 534.7649
v  747.4618 778.7187 510.6957
v  747.1780 779.5338 396.7737
v  832.5142 827.2422 567.7845
v  791.7422 830.4450 571.8434
v  786.7391 839.2098 560.9398
v  784.9913 842.4717 548.8137
v  790.4136 841.7520 495.5482
v  793.3237 839.8810 472.3106
v  793.1282 839.7153 399.4012
v  656.4294 404.3599 592.2191
v  682.1971 462.3818 586.5593
v  718.9628 550.8093 583.9170
v  754.1471 626.2266 581.0952
v  811.0941 743.1473 573.1130
v  854.7493 821.6997 556.7611
v  494.3383 407.2529 605.8559
v  343.2807 529.4745 579.8743
v  342.5004 536.2233 599.3047
v  346.5510 528.2546 610.7990
v  291.7065 413.0191 602.1854
v  353.4831 410.6644 602.5271
v  193.7571 412.6067 598.7701
v  178.0163 462.2211 598.0782
v  186.2412 408.4568 590.5046
v  174.2831 461.8521 581.4442
v  182.0588 409.8774 580.4087
v  166.9492 408.7565 549.7637
v  165.7031 410.2374 388.3086
v  165.9924 409.7228 390.0763
v  832.3983 840.1345 554.5927
v  802.5939 841.8444 560.3870
v  794.2271 843.4327 554.9911
v  794.2404 846.8885 544.5590
v  801.8730 849.3172 497.5220
v  802.4572 847.6318 468.6982
v  802.8667 847.9794 397.6736
v  852.1250 834.1468 550.9857
v  810.9390 848.0417 544.7693
v  825.4468 846.7900 507.3589
v  851.5032 838.0807 507.4883
v  844.2266 844.2088 478.6509
v  825.3619 850.4598 488.5431
v  817.5671 897.8947 488.3762
v  784.1780 909.5609 484.3146
v  775.1743 915.9170 426.5149
v  868.1478 886.0396 484.2758
v  873.0703 880.3890 456.3618
v  853.9366 838.9706 452.8469
v  861.7808 829.9076 476.6555
v  860.6339 828.0846 505.7552
v  861.5973 831.6445 453.4128
v  860.6255 826.2174 456.3323
v  856.7588 837.4177 456.1689
v  873.0531 879.7668 427.5706
v  812.8234 738.0848 452.8990
v  879.2321 970.1763 446.0595
v  878.9071 970.3234 456.2943
v  873.7690 971.9904 472.2439
v  832.3373 977.2038 478.5375
v  809.5625 985.4789 474.9179
v  799.7092 986.7618 417.6694
v  870.3842 1015.0530 440.6137
v  870.9692 1012.3490 449.9361
v  868.4326 1010.7450 460.1088
v  845.7957 1013.3990 468.6965
v  825.6980 1018.4540 461.8169
v  823.1212 1020.3250 418.4603
v  848.7694 1026.0640 448.7844
v  829.6758 1023.3810 447.1708
v  829.8082 1023.4850 444.6998
v  831.6859 1024.5150 417.6003
v  854.0028 1026.5270 429.8945
v  271.1549 492.6204 -370.0609
v  273.5858 492.4326 -233.0512
v  537.3687 457.4638 -248.4904
v  534.8239 458.7612 -365.0424
v  338.2996 514.4333 -209.3891
v  529.5398 468.0162 -229.8590
v  199.0309 496.7496 -379.1566
v  188.4060 496.4553 -230.8392
v  285.8377 530.7725 -200.2562
v  278.0240 538.8571 -190.9533
v  178.4312 479.6284 -201.2774
v  180.2808 481.5757 -178.2235
v  275.4192 539.9047 -174.1822
v  196.8371 464.9069 -174.1440
v  280.6728 527.6077 -168.6146
v  155.4602 487.1924 -373.8541
v  152.2686 483.2756 -230.4216
v  595.0459 544.4185 -257.8531
v  594.3600 544.1600 -374.7816
v  571.6511 573.3637 -224.6111
v  538.7825 565.4349 -204.0423
v  522.0912 480.2971 -203.9210
v  523.4196 480.9944 -188.1304
v  527.2605 567.5408 -175.8522
v  549.5868 543.3618 -166.4155
v  530.7688 481.7378 -175.2988
v  629.3182 465.5958 -182.1872
v  646.9604 526.9226 -179.9494
v  619.5712 586.1860 -261.4316
v  619.0841 586.0134 -377.6135
v  677.2750 587.4805 -181.0596
v  591.4033 624.3458 -165.3710
v  571.1826 632.8452 -181.3929
v  576.1738 627.2010 -203.4142
v  598.9379 617.7144 -226.5894
v  721.0013 658.8973 -187.9532
v  651.3866 689.8057 -176.7538
v  634.8446 698.5917 -196.6252
v  640.0804 694.4443 -215.6760
v  652.8564 685.1276 -235.3438
v  672.1963 669.9191 -265.5359
v  671.9301 670.7285 -379.5346
v  785.0101 760.3669 -200.2767
v  748.5035 789.1180 -199.0109
v  736.2218 797.1392 -211.1975
v  734.6007 796.6335 -227.4403
v  739.9210 789.6941 -245.5989
v  747.4618 778.7187 -269.6682
v  747.1780 779.5338 -383.5901
v  832.5142 827.2422 -212.5792
v  791.7422 830.4450 -208.5203
v  786.7391 839.2098 -219.4241
v  784.9913 842.4717 -231.5502
v  790.4136 841.7520 -253.6815
v  793.3237 839.8810 -276.9191
v  793.1282 839.7153 -380.9626
v  792.9130 839.5327 -411.2659
v  747.0344 779.3264 -411.2659
v  671.7653 670.4899 -411.2659
v  618.9275 585.7482 -411.2659
v  594.1901 543.8724 -411.2659
v  534.4202 458.8182 -411.2659
v  270.9939 492.6329 -411.2659
v  198.8423 496.7496 -411.2659
v  155.9248 487.6217 -411.2659
v  656.4294 404.3600 -188.1448
v  682.1971 462.3818 -193.8045
v  718.9628 550.8093 -196.4468
v  754.1471 626.2266 -199.2686
v  811.0941 743.1473 -207.2509
v  854.7493 821.6997 -223.6027
v  494.3383 407.2529 -174.5080
v  343.2807 529.4745 -200.4895
v  342.5004 536.2233 -181.0591
v  346.5510 528.2546 -169.5649
v  291.7065 413.0192 -178.1784
v  353.4831 410.6644 -177.8367
v  193.7571 412.6068 -181.5937
v  178.0163 462.2211 -182.2856
v  186.2412 408.4569 -189.8593
v  174.2831 461.8522 -198.9195
v  182.0588 409.8774 -199.9551
v  166.9492 408.7565 -230.6002
v  165.7031 410.2374 -392.0552
v  165.9924 409.7228 -390.2875
v  166.2059 409.3431 -411.2659
v  832.3983 840.1345 -225.7711
v  802.5939 841.8444 -219.9768
v  794.2271 843.4327 -225.3728
v  794.2404 846.8885 -235.8048
v  801.8730 849.3172 -251.7078
v  802.4572 847.6318 -280.5316
v  802.8667 847.9794 -382.6902
v  803.0675 848.1500 -411.2659
v  852.1250 834.1468 -229.3780
v  810.9390 848.0417 -235.5945
v  825.4468 846.7900 -241.8708
v  851.5032 838.0807 -241.7414
v  844.2266 844.2088 -270.5788
v  825.3619 850.4598 -260.6867
v  817.5671 897.8947 -260.8536
v  784.1780 909.5609 -264.9151
v  775.1743 915.9170 -353.8489
v  868.1478 886.0396 -264.9539
v  873.0703 880.3890 -292.8680
v  853.9366 838.9706 -296.3829
v  861.7808 829.9077 -272.5742
v  860.6339 828.0846 -243.4745
v  861.5973 831.6445 -295.8169
v  860.6255 826.2174 -324.0315
v  856.7588 837.4176 -324.1949
v  873.0531 879.7668 -321.6591
v  860.9326 827.0917 -411.2659
v  854.9639 838.6600 -411.2659
v  873.1420 880.0759 -411.2659
v  812.8234 738.0848 -327.4648
v  813.5797 739.4850 -411.2659
v  879.2321 970.1763 -334.3043
v  878.9071 970.3234 -292.9354
v  873.7690 971.9904 -276.9859
v  832.3373 977.2038 -270.6922
v  809.5625 985.4789 -274.3118
v  799.7092 986.7618 -362.6944
v  870.3842 1015.0530 -339.7500
v  870.9692 1012.3490 -299.2936
v  868.4326 1010.7450 -289.1208
v  845.7957 1013.3990 -280.5332
v  825.6980 1018.4540 -287.4129
v  823.1212 1020.3250 -361.9035
v  824.2327 1021.0210 -411.2659
v  800.3120 987.8604 -411.2659
v  775.1718 915.7856 -411.2659
v  848.7694 1026.0640 -300.4453
v  829.6758 1023.3810 -302.0589
v  829.8082 1023.4850 -304.5299
v  831.6859 1024.5150 -362.7636
v  854.0028 1026.5270 -350.4692
v  870.3951 1015.1100 -411.2659
v  856.4856 1025.4110 -411.2659
v  836.3389 1026.1730 -411.2659
v  879.0322 972.2503 -411.2659
v  537.3687 457.4638 -574.0414
v  273.5858 492.4326 -589.4806
v  271.1549 492.6204 -452.4709
v  534.8239 458.7612 -457.4894
v  529.5398 468.0162 -592.6729
v  338.2996 514.4333 -613.1426
v  188.4060 496.4553 -591.6927
v  199.0309 496.7496 -443.3751
v  285.8377 530.7725 -622.2756
v  278.0240 538.8570 -631.5785
v  178.4312 479.6284 -621.2544
v  275.4192 539.9047 -648.3495
v  180.2808 481.5757 -644.3083
v  280.6728 527.6077 -653.9172
v  196.8371 464.9069 -648.3878
v  152.2686 483.2756 -592.1100
v  155.4602 487.1924 -448.6777
v  594.3600 544.1600 -447.7502
v  595.0459 544.4185 -564.6786
v  571.6511 573.3637 -597.9207
v  538.7825 565.4349 -618.4894
v  522.0912 480.2971 -618.6108
v  527.2605 567.5408 -646.6796
v  523.4196 480.9944 -634.4014
v  549.5868 543.3618 -656.1161
v  530.7688 481.7378 -647.2328
v  646.9604 526.9226 -642.5824
v  629.3182 465.5958 -640.3445
v  619.0841 586.0134 -444.9183
v  619.5712 586.1860 -561.1003
v  591.4033 624.3458 -657.1609
v  677.2750 587.4805 -641.4722
v  571.1826 632.8452 -641.1389
v  576.1738 627.2010 -619.1176
v  598.9379 617.7144 -595.9424
v  651.3866 689.8057 -645.7780
v  721.0013 658.8973 -634.5787
v  634.8446 698.5917 -625.9066
v  640.0804 694.4443 -606.8559
v  652.8564 685.1276 -587.1880
v  672.1963 669.9191 -556.9958
v  671.9301 670.7285 -442.9971
v  748.5035 789.1180 -623.5209
v  785.0101 760.3669 -622.2552
v  736.2218 797.1392 -611.3343
v  734.6007 796.6335 -595.0915
v  739.9210 789.6941 -576.9329
v  747.4618 778.7187 -552.8636
v  747.1780 779.5338 -438.9417
v  791.7422 830.4450 -614.0114
v  832.5142 827.2422 -609.9525
v  786.7391 839.2098 -603.1078
v  784.9913 842.4717 -590.9817
v  790.4136 841.7520 -537.7162
v  793.3237 839.8810 -514.4786
v  793.1282 839.7153 -441.5692
v  682.1971 462.3818 -628.7273
v  656.4294 404.3599 -634.3871
v  718.9628 550.8093 -626.0850
v  754.1471 626.2266 -623.2632
v  811.0941 743.1473 -615.2809
v  854.7493 821.6997 -598.9291
v  494.3383 407.2529 -648.0239
v  343.2807 529.4745 -622.0423
v  342.5004 536.2233 -641.4727
v  346.5510 528.2546 -652.9670
v  291.7065 413.0191 -644.3534
v  353.4831 410.6644 -644.6951
v  193.7571 412.6067 -640.9380
v  186.2412 408.4568 -632.6725
v  178.0163 462.2211 -640.2462
v  182.0588 409.8774 -622.5767
v  174.2831 461.8521 -623.6122
v  166.9492 408.7565 -591.9316
v  165.7031 410.2374 -430.4766
v  165.9924 409.7228 -432.2443
v  802.5939 841.8444 -602.5550
v  832.3983 840.1345 -596.7607
v  794.2271 843.4327 -597.1591
v  794.2404 846.8885 -586.7270
v  801.8730 849.3172 -539.6899
v  802.4572 847.6318 -510.8662
v  802.8667 847.9794 -439.8416
v  852.1250 834.1468 -593.1537
v  810.9390 848.0417 -586.9373
v  825.4468 846.7900 -549.5269
v  851.5032 838.0807 -549.6563
v  825.3619 850.4598 -530.7111
v  844.2266 844.2088 -520.8188
v  784.1780 909.5609 -526.4825
v  817.5671 897.8947 -530.5442
v  775.1743 915.9170 -468.6829
v  868.1478 886.0396 -526.4437
v  873.0703 880.3890 -498.5298
v  853.9366 838.9706 -495.0149
v  861.7808 829.9076 -518.8235
v  860.6339 828.0846 -547.9232
v  861.5973 831.6445 -495.5808
v  856.7588 837.4177 -498.3369
v  860.6255 826.2174 -498.5003
v  873.0531 879.7668 -469.7386
v  812.8234 738.0848 -495.0670
v  879.2321 970.1763 -488.2275
v  878.9071 970.3234 -498.4623
v  873.7690 971.9904 -514.4119
v  832.3373 977.2038 -520.7054
v  809.5625 985.4789 -517.0859
v  799.7092 986.7618 -459.8374
v  870.9692 1012.3490 -492.1041
v  870.3842 1015.0530 -482.7817
v  868.4326 1010.7450 -502.2768
v  845.7957 1013.3990 -510.8645
v  825.6980 1018.4540 -503.9849
v  823.1212 1020.3250 -460.6283
v  829.6758 1023.3810 -489.3388
v  848.7694 1026.0640 -490.9524
v  831.6859 1024.5150 -459.7683
v  829.8082 1023.4850 -486.8678
v  854.0028 1026.5270 -472.0625
v  2554.1201 575.2064 250.5732
v  2554.1201 575.2064 -294.1980
v  2522.7874 692.1417 -294.1980
v  2522.7874 692.1417 250.5732
v  -1670.6510 351.7374 -294.1980
v  -1670.6510 351.7374 250.5732
v  -1670.6510 472.7977 250.5732
v  -1670.6510 472.7977 -294.1980
# 3398 vertices

vn 0.9786 0.2050 0.0176
vn 0.9998 -0.0037 0.0189
vn 0.9581 0.2849 0.0304
vn 0.9496 0.3128 0.0194
vn 0.7783 -0.6279 0.0000
vn 0.9874 -0.1581 -0.0000
vn 0.9917 -0.1275 0.0190
vn 0.8042 -0.5941 0.0179
vn 0.2605 0.2496 0.9326
vn 0.5981 -0.1848 0.7799
vn 0.4417 -0.4150 0.7954
vn 0.3024 0.3410 0.8901
vn 0.0710 0.9975 -0.0000
vn 0.0422 0.9991 -0.0000
vn 0.0417 0.9991 0.0104
vn 0.0830 0.9965 0.0108
vn 0.9796 0.1721 0.1039
vn 0.9534 0.2778 0.1175
vn 0.8305 0.5554 0.0410
vn 0.9728 -0.2168 0.0810
vn -0.7819 0.2389 -0.5758
vn -0.9892 -0.1464 -0.0099
vn -0.9378 -0.1737 0.3007
vn -0.6763 0.1151 0.7275
vn 0.9272 0.1990 0.3172
vn 0.7483 -0.6566 0.0948
vn 0.6794 -0.6581 0.3244
vn 0.1441 0.1053 0.9840
vn 0.0936 0.1350 0.9864
vn 0.1167 -0.2447 0.9625
vn 0.1582 -0.1839 0.9701
vn -0.8590 0.4293 0.2790
vn -0.8993 0.3866 0.2045
vn -0.7069 -0.6112 0.3559
vn -0.7674 -0.6404 -0.0311
vn 0.1800 0.0694 0.9812
vn 0.1603 0.5176 0.8405
vn 0.0852 0.5880 0.8044
vn -0.0049 0.7706 0.6373
vn 0.0107 0.5611 0.8277
vn 0.0335 0.6013 0.7983
vn 0.0134 0.7895 0.6136
vn -0.7930 0.5781 -0.1923
vn -0.9788 -0.0932 0.1825
vn -0.9628 -0.1377 0.2326
vn -0.8577 0.3310 -0.3934
vn 0.7397 -0.6728 0.0140
vn 0.7341 -0.6787 0.0222
vn 0.7363 -0.6761 0.0279
vn 0.7487 -0.6628 0.0100
vn -0.1219 0.9880 0.0947
vn -0.0930 0.9921 0.0842
vn -0.0908 0.9937 0.0660
vn -0.1263 0.9893 0.0734
vn -0.4289 0.7402 0.5179
vn -0.2434 0.7875 0.5662
vn -0.2406 0.9427 0.2314
vn -0.4250 0.8721 0.2424
vn 0.2266 0.4607 0.8581
vn 0.3861 0.5006 0.7748
vn 0.1989 0.0329 0.9795
vn -0.9693 -0.1850 0.1620
vn -0.9292 0.3328 0.1607
vn -0.6903 -0.6897 -0.2185
vn -0.7124 -0.5663 -0.4144
vn -0.2907 -0.9568 -0.0000
vn -0.6361 -0.7716 -0.0000
vn -0.6897 -0.7209 0.0682
vn -0.1839 -0.9828 0.0180
vn 0.6902 0.2164 0.6905
vn 0.4098 0.1396 0.9014
vn 0.3759 -0.1041 0.9208
vn 0.6475 0.0782 0.7581
vn 0.7743 -0.5333 0.3407
vn 0.9009 -0.4181 0.1166
vn 0.8891 0.2157 0.4038
vn -0.9821 -0.0807 0.1702
vn -0.8025 0.5802 0.1392
vn -0.8022 0.5806 0.1396
vn 0.5443 -0.8388 0.0157
vn 0.5680 -0.8230 -0.0000
vn -0.1152 0.3545 0.9279
vn -0.1049 0.3869 0.9161
vn -0.1976 0.4912 0.8483
vn -0.2270 0.4563 0.8604
vn -0.1926 -0.0106 0.9812
vn -0.2340 -0.0730 0.9695
vn -0.2174 -0.0206 0.9759
vn -0.2485 -0.0126 0.9685
vn 0.6659 -0.6186 0.4170
vn 0.6833 -0.2890 0.6705
vn 0.3603 -0.2443 0.9003
vn 0.4415 -0.4871 0.7536
vn 0.9970 0.0447 0.0639
vn 0.9979 0.0484 0.0437
vn 0.9901 0.1324 0.0457
vn 0.9853 0.1576 0.0655
vn -0.3353 0.7071 0.6226
vn -0.1926 0.8494 0.4914
vn -0.0665 0.6280 0.7754
vn -0.1662 0.5853 0.7936
vn 0.2785 0.0114 0.9604
vn 0.4128 -0.0119 0.9107
vn -0.6844 0.7115 0.1592
vn -0.9621 0.1481 0.2289
vn -0.8591 0.0836 0.5049
vn -0.5841 0.7054 0.4015
vn -0.6898 -0.6993 0.1873
vn -0.5621 -0.7599 0.3266
vn -0.8998 -0.2175 0.3783
vn -0.8693 0.4362 0.2323
vn 0.3885 0.8968 0.2119
vn 0.4154 0.8764 0.2437
vn 0.3893 0.9157 0.0994
vn 0.3790 0.9220 0.0786
vn 0.0290 0.4722 0.8810
vn 0.0759 0.7018 0.7084
vn 0.0680 0.4970 0.8651
vn 0.0705 0.4772 0.8760
vn 0.0178 0.4806 0.8768
vn 0.0222 0.4892 0.8719
vn 0.0333 0.7780 0.6274
vn -0.3454 0.0317 0.9379
vn -0.6018 -0.0576 0.7966
vn -0.4491 0.5896 0.6713
vn -0.2599 0.5037 0.8239
vn -0.7965 0.5884 0.1394
vn -0.7226 0.6874 0.0736
vn -0.5923 0.8040 0.0525
vn -0.6284 0.7722 0.0941
vn -0.2107 0.5678 0.7957
vn -0.1120 0.4511 0.8854
vn 0.4939 -0.6613 0.5646
vn 0.1407 0.9893 0.0380
vn 0.0537 0.9977 0.0405
vn 0.0472 0.9967 0.0654
vn 0.1296 0.9885 0.0774
vn 0.0254 0.8193 0.5727
vn 0.0217 0.9992 0.0323
vn 0.0163 0.9996 0.0227
vn 0.1057 0.9760 0.1902
vn 0.1567 -0.2377 0.9586
vn 0.2406 0.1420 0.9602
vn 0.2399 -0.2840 0.9283
vn -0.0073 -0.0848 0.9964
vn -0.0270 -0.0668 0.9974
vn -0.0034 0.2488 0.9685
vn -0.0067 0.2197 0.9755
vn 0.3197 0.3782 0.8688
vn 0.0956 0.8358 0.5406
vn 0.2727 0.6569 0.7029
vn 0.0395 0.8248 0.5640
vn 0.0361 0.9988 0.0342
vn 0.2656 0.1245 0.9560
vn 0.7498 -0.0183 0.6614
vn -0.1498 0.9873 0.0534
vn -0.2013 0.9782 0.0516
vn -0.1632 0.9847 0.0608
vn -0.1206 0.9904 0.0671
vn -0.2930 -0.9546 0.0540
vn -0.3028 -0.9511 0.0612
vn -0.6578 -0.7429 0.1240
vn -0.6300 -0.7687 0.1104
vn -0.9890 -0.1069 0.1024
vn -0.9233 0.3641 0.1223
vn -0.9289 0.3566 0.0997
vn -0.9902 -0.0703 0.1205
vn 0.1530 -0.5888 0.7937
vn -0.0243 -0.6504 0.7592
vn -0.0104 0.5946 0.8040
vn -0.0344 0.5997 0.7995
vn -0.4703 0.8783 0.0864
vn -0.2677 0.9612 0.0665
vn -0.3166 0.9468 0.0573
vn -0.5266 0.8481 0.0580
vn 0.7499 0.6616 -0.0000
vn 0.8148 0.5797 -0.0000
vn 0.8391 0.5439 0.0093
vn 0.7766 0.6300 -0.0015
vn 0.7720 -0.6339 0.0462
vn 0.9883 -0.1497 0.0296
vn -0.6513 -0.2272 0.7240
vn 0.1049 -0.2326 0.9669
vn 0.0919 -0.1249 0.9879
vn -0.5847 -0.2762 0.7628
vn 0.7433 0.6688 0.0135
vn 0.9458 -0.3243 0.0177
vn 0.9452 -0.3266 0.0047
vn 0.7412 0.6713 0.0029
vn 0.7386 -0.6741 0.0064
vn 0.7050 -0.6509 -0.2817
vn 0.7294 -0.6832 0.0342
vn 0.9418 -0.3350 0.0269
vn 0.9375 -0.3450 0.0457
vn 0.2672 -0.7649 0.5861
vn 0.1598 0.4515 0.8779
vn 0.4839 0.4017 0.7775
vn 0.4137 0.3289 0.8489
vn 0.6889 0.2873 0.6655
vn 0.6727 0.4973 0.5479
vn -0.2404 -0.4923 0.8366
vn -0.4508 -0.3920 0.8019
vn 0.1709 0.0413 0.9844
vn 0.0405 0.6234 0.7809
vn 0.0817 0.9962 0.0293
vn -0.6819 -0.7193 0.1329
vn -0.6626 -0.7346 0.1463
vn -0.9298 -0.1333 0.3432
vn -0.7732 -0.3812 -0.5067
vn 0.0193 0.9998 0.0083
vn 0.0196 0.9996 0.0191
vn 0.0390 0.9990 0.0224
vn -0.3026 -0.9506 0.0690
vn -0.6474 -0.7516 0.1261
vn -0.7752 0.5705 0.2711
vn -0.9559 -0.1494 0.2527
vn -0.9796 -0.0543 0.1934
vn -0.7666 0.6146 0.1858
vn 0.1035 -0.1850 0.9773
vn -0.1529 0.9598 0.2353
vn -0.1530 0.9801 0.1263
vn -0.2525 0.9585 0.1323
vn -0.7713 -0.3050 -0.5586
vn -0.6897 -0.2658 0.6736
vn -0.1114 0.6533 0.7488
vn -0.0666 0.7126 0.6984
vn -0.0754 0.8253 0.5596
vn -0.1601 0.8147 0.5574
vn -0.7699 -0.5607 -0.3047
vn -0.7952 0.4076 0.4489
vn 0.0276 0.1119 0.9933
vn -0.0760 0.0680 0.9948
vn 0.0159 -0.1318 0.9911
vn -0.9142 0.3520 0.2007
vn -0.4125 0.9035 0.1161
vn -0.6485 0.6407 0.4110
vn -0.9488 -0.2072 0.2382
vn -0.8089 -0.0959 0.5801
vn -0.9681 0.1054 0.2272
vn -0.9360 0.0751 0.3439
vn -0.5633 -0.7692 -0.3016
vn -0.7183 0.6842 -0.1262
vn 0.0567 0.0625 0.9964
vn -0.2516 -0.5754 0.7782
vn 0.7101 0.7024 0.0478
vn 0.7495 0.6616 0.0225
vn 0.9982 -0.0474 0.0356
vn 0.9969 -0.0205 0.0761
vn -0.8444 -0.5071 0.1729
vn -0.8382 -0.5076 0.1994
vn -0.6535 0.7407 0.1561
vn -0.6513 0.7472 0.1327
vn 0.9981 0.0589 0.0185
vn 0.9981 0.0622 -0.0000
vn 0.9848 0.1738 -0.0000
vn 0.9879 0.1543 0.0128
vn -0.2347 -0.3109 0.9210
vn -0.2032 -0.5440 0.8141
vn -0.2057 -0.6982 0.6857
vn -0.3049 -0.4565 0.8358
vn -0.9807 -0.1440 0.1324
vn -0.2416 0.6560 0.7150
vn -0.4703 0.5126 0.7183
vn -0.5173 0.2913 0.8047
vn -0.2944 0.2896 0.9108
vn -0.6672 -0.7280 0.1575
vn 0.9270 -0.3706 0.0580
vn 0.5458 -0.8367 0.0453
vn 0.6600 -0.7503 0.0390
vn 0.9689 -0.2444 0.0379
vn 0.1359 0.9904 0.0235
vn 0.1756 0.9835 -0.0435
vn 0.8525 -0.0229 0.5222
vn 0.8218 -0.0293 0.5690
vn 0.4662 -0.0062 0.8846
vn 0.0556 -0.5325 0.8446
vn -0.0685 0.6629 0.7455
vn -0.0917 0.2644 0.9600
vn 0.1862 -0.5521 0.8127
vn -0.3166 -0.1685 0.9335
vn -0.2816 0.2085 0.9366
vn 0.0019 0.6201 0.7845
vn -0.0136 0.7653 0.6435
vn -0.0137 0.7773 0.6290
vn 0.0079 0.5967 0.8024
vn 0.1267 -0.0881 0.9880
vn 0.0490 0.2360 0.9705
vn -0.6693 0.7142 0.2049
vn -0.7702 0.6196 0.1514
vn 0.7331 -0.6792 0.0362
vn 0.6661 0.5519 0.5018
vn 0.4227 0.5588 0.7135
vn -0.7332 0.4609 0.5000
vn -0.7549 0.2294 0.6144
vn -0.9795 -0.0688 0.1893
vn -0.7903 0.5970 0.1378
vn -0.0529 0.7518 0.6572
vn -0.0481 0.7699 0.6364
vn -0.0792 0.7663 0.6376
vn -0.0929 0.7721 0.6287
vn 0.3231 0.5357 -0.7801
vn 0.7193 0.6624 -0.2095
vn 0.7741 0.3220 -0.5451
vn 0.3429 0.3719 -0.8626
vn 0.6717 0.0543 0.7389
vn -0.2254 0.3422 0.9122
vn -0.1677 0.4094 0.8968
vn 0.2360 0.5911 0.7713
vn 0.2613 0.6428 0.7201
vn 0.1153 0.4622 0.8793
vn 0.0888 0.4084 0.9085
vn -0.0000 0.5981 0.8015
vn 0.0084 0.8151 0.5793
vn 0.0085 0.8204 0.5717
vn -0.0021 0.5947 0.8039
vn 0.2857 0.9544 0.0865
vn 0.1836 -0.1582 0.9702
vn 0.2444 -0.2001 0.9488
vn 0.9667 0.2556 0.0106
vn 0.9255 -0.3781 0.0208
vn 0.8121 -0.2878 -0.5076
vn -0.0901 0.9699 0.2262
vn -0.1816 0.9466 0.2664
vn -0.1161 0.9859 0.1206
vn 0.7382 0.6740 0.0285
vn 0.8025 0.5949 0.0446
vn -0.0294 0.5452 0.8378
vn -0.0068 0.6990 0.7151
vn 0.1454 -0.2547 0.9560
vn -0.1164 0.9865 0.1150
vn -0.1005 0.9888 0.1099
vn -0.0992 0.9928 0.0677
vn -0.1157 0.9908 0.0706
vn -0.3208 -0.9460 0.0471
vn -0.6669 -0.7335 0.1314
vn -0.0200 0.9680 0.2503
vn -0.0210 0.9929 0.1172
vn -0.0662 0.9895 0.1286
vn -0.0455 0.9640 0.2621
vn -0.2818 -0.9486 0.1438
vn -0.2379 -0.9343 0.2654
vn -0.4071 -0.7156 0.5677
vn -0.7765 0.0189 -0.6299
vn -0.8802 -0.0897 0.4661
vn -0.8628 -0.0034 0.5056
vn -0.7983 -0.2560 -0.5452
vn -0.0913 0.7118 0.6964
vn -0.1310 0.3207 0.9381
vn -0.6887 0.7186 0.0964
vn -0.9771 0.1530 0.1480
vn 0.7704 0.5966 0.2249
vn -0.0022 0.5932 0.8050
vn -0.0060 0.5914 0.8063
vn -0.0036 0.6018 0.7986
vn 0.0004 0.5995 0.8004
vn -0.0039 0.7372 0.6757
vn 0.0000 0.6265 0.7795
vn 0.0486 0.4172 0.9075
vn 0.0287 0.3079 0.9510
vn -0.0074 -0.5920 0.8059
vn -0.0097 -0.6299 0.7766
vn -0.1249 0.0568 0.9905
vn -0.0555 0.0878 0.9946
vn 0.2178 0.2877 0.9326
vn -0.1600 0.6497 0.7432
vn -0.1692 0.3075 0.9364
vn 0.2678 -0.5414 0.7970
vn -0.0546 0.5879 0.8071
vn -0.0474 0.0218 0.9986
vn 0.4928 -0.4917 0.7179
vn -0.9799 0.0037 0.1996
vn -0.5182 -0.4820 0.7065
vn -0.6179 -0.6618 0.4244
vn -0.7209 0.5614 0.4064
vn -0.4963 0.5230 0.6929
vn -0.7162 -0.6875 0.1203
vn 0.9360 0.3121 -0.1630
vn 0.7200 0.6939 0.0082
vn -0.4008 0.6026 0.6901
vn -0.2540 0.5273 0.8108
vn -0.2976 0.4610 0.8360
vn -0.2080 -0.8465 0.4901
vn -0.2236 -0.4293 0.8751
vn -0.2642 -0.6279 0.7321
vn -0.0712 0.9968 0.0356
vn -0.1058 0.9927 0.0585
vn -0.1408 0.9887 0.0520
vn -0.1291 0.9903 0.0505
vn -0.8147 -0.5315 0.2321
vn -0.8138 -0.0958 0.5732
vn -0.6644 0.5949 0.4524
vn 0.2754 0.6868 0.6727
vn -0.4546 0.8796 0.1404
vn -0.1614 0.1573 0.9743
vn 0.7230 0.6908 0.0073
vn 0.4043 0.9145 0.0174
vn 0.1089 0.9938 0.0230
vn 0.4957 0.8678 0.0358
vn 0.3339 0.6640 0.6690
vn 0.1438 0.9103 0.3882
vn 0.9924 -0.0612 0.1065
vn 0.9808 -0.1069 0.1629
vn -0.7723 -0.6057 0.1913
vn -0.7666 -0.6058 0.2128
vn -0.6760 -0.7132 0.1855
vn -0.7964 0.4628 -0.3892
vn -0.8842 -0.2063 0.4190
vn -0.8205 0.2613 -0.5084
vn -0.0259 0.6043 0.7963
vn 0.9318 -0.3623 -0.0221
vn 0.5178 -0.8554 -0.0119
vn 0.9998 -0.0155 0.0142
vn 0.9323 0.3616 0.0032
vn -0.9468 -0.2604 0.1889
vn -0.8737 -0.3783 0.3058
vn 0.5130 -0.6310 0.5820
vn 0.6866 -0.2087 0.6964
vn -0.0306 -0.1135 0.9931
vn -0.0467 -0.7681 0.6386
vn 0.2787 -0.0145 0.9603
vn 0.2382 0.0560 0.9696
vn 0.0206 0.9960 0.0872
vn 0.0218 0.9663 0.2563
vn 0.0440 0.9836 0.1749
vn -0.9181 0.3384 0.2065
vn -0.0161 0.7461 0.6656
vn 0.2334 0.0252 0.9721
vn 0.2656 -0.0294 0.9636
vn 0.5085 0.3572 0.7834
vn 0.5524 0.1484 0.8202
vn 0.3348 0.7384 0.5854
vn 0.1350 0.5668 0.8127
vn 0.3250 0.5409 0.7758
vn 0.6045 0.6914 0.3956
vn 0.1272 0.9715 0.1999
vn 0.0012 -0.5640 0.8257
vn -0.0090 -0.5889 0.8082
vn -0.1285 0.9894 0.0683
vn 0.1484 -0.9213 0.3594
vn 0.1194 -0.9382 0.3249
vn 0.1282 -0.9908 -0.0441
vn 0.1426 -0.9881 -0.0578
vn -0.4031 0.9087 0.1083
vn -0.9587 -0.2738 0.0767
vn -0.9603 -0.2287 0.1599
vn 0.9843 0.1766 0.0038
vn 0.9757 0.2189 0.0095
vn 0.0136 0.4912 0.8709
vn -0.6197 0.6723 0.4049
vn 0.6458 -0.2949 0.7043
vn 0.3616 -0.4899 0.7933
vn -0.2139 0.0178 0.9767
vn -0.1792 0.4245 0.8875
vn -0.5712 -0.2424 0.7842
vn -0.5893 0.2087 0.7805
vn 0.0193 -0.9997 -0.0179
vn 0.0239 -0.9997 0.0000
vn 0.3550 -0.8832 0.3064
vn -0.2141 0.9469 0.2400
vn -0.2946 0.9455 0.1387
vn -0.2366 0.9097 0.3412
vn -0.9847 -0.1321 0.1139
vn -0.9801 -0.1986 -0.0000
vn -0.9888 -0.1495 -0.0000
vn -0.9931 -0.0441 0.1090
vn -0.5693 0.8152 0.1062
vn -0.9337 -0.2708 0.2341
vn -0.0114 0.5948 0.8038
vn 0.7393 -0.6734 0.0041
vn -0.2260 0.7392 0.6344
vn -0.3937 0.7623 0.5137
vn 0.9982 0.0512 0.0311
vn 0.9888 0.1467 0.0271
vn 0.2289 -0.1860 0.9555
vn 0.0275 0.3582 0.9332
vn 0.1381 0.9872 0.0798
vn 0.7847 -0.6152 0.0755
vn -0.1204 0.9680 0.2200
vn -0.1017 0.9673 0.2324
vn 0.3848 0.9216 0.0515
vn -0.7054 -0.1260 0.6976
vn -0.0903 0.9900 0.1087
vn -0.0863 0.9692 0.2308
vn -0.9840 -0.0884 0.1549
vn -0.2056 0.6774 0.7063
vn -0.1262 0.5516 0.8245
vn -0.5782 -0.0114 0.8158
vn 0.9073 -0.4200 0.0185
vn 0.2891 -0.5551 0.7799
vn 0.1264 0.0032 0.9920
vn 0.0952 0.0027 0.9955
vn 0.1312 -0.1328 0.9824
vn 0.9115 -0.3323 0.2425
vn -0.7386 0.0899 0.6682
vn -0.0855 -0.0357 0.9957
vn -0.0282 0.2695 0.9626
vn 0.1554 0.9879 -0.0000
vn 0.0567 0.9984 -0.0000
vn 0.0662 -0.7117 0.6994
vn 0.0259 -0.6437 0.7649
vn 0.0082 0.8212 0.5706
vn -0.1229 0.9909 0.0552
vn -0.1020 0.9923 0.0707
vn -0.9392 -0.2080 0.2731
vn -0.6469 -0.7181 0.2568
vn -0.7452 -0.6152 0.2573
vn 0.3695 -0.4011 0.8382
vn 0.7554 0.6553 0.0000
vn -0.4426 0.8898 0.1113
vn -0.2761 0.7863 0.5528
vn -0.3063 0.6682 0.6780
vn 0.0022 0.3611 0.9325
vn 0.0021 0.3530 0.9356
vn -0.1552 0.9851 0.0739
vn 0.2211 0.0202 0.9750
vn -0.2610 0.9617 0.0838
vn -0.1003 -0.9945 0.0288
vn -0.1264 -0.9915 0.0317
vn -0.0708 0.9946 0.0765
vn -0.0665 0.9969 0.0413
vn -0.1256 0.9908 0.0509
vn -0.1046 0.9897 0.0975
vn -0.9621 -0.1744 0.2098
vn 0.9918 0.1280 -0.0000
vn 0.9821 0.1881 -0.0000
vn -0.0830 0.9572 0.2772
vn -0.1816 0.4030 0.8970
vn -0.2238 0.4025 0.8876
vn 0.1349 0.0628 0.9889
vn -0.9918 -0.0597 0.1132
vn -0.9996 -0.0294 -0.0000
vn -0.9952 -0.0983 -0.0000
vn 0.5893 0.5491 0.5926
vn -0.2239 0.9714 0.0792
vn -0.3067 0.9494 0.0676
vn 0.9971 -0.0526 0.0554
vn 0.9986 -0.0514 0.0122
vn 0.8554 0.5170 0.0320
vn 0.8305 0.5546 0.0524
vn -0.2988 0.1244 0.9462
vn -0.0064 0.6453 0.7639
vn -0.0005 0.8054 0.5927
vn -0.0498 0.8308 0.5544
vn 0.5345 -0.5183 0.6675
vn 0.1111 -0.9514 0.2874
vn -0.8928 0.1131 0.4361
vn -0.7327 -0.4464 -0.5136
vn -0.0238 0.7637 0.6452
vn -0.0418 0.6855 0.7269
vn -0.6532 0.7500 0.1044
vn 0.7286 -0.6727 0.1293
vn -0.1091 -0.5471 0.8299
vn -0.2682 -0.9607 0.0720
vn 0.0870 0.8601 0.5026
vn 0.1119 0.6828 0.7220
vn 0.0980 0.5233 0.8465
vn 0.1950 0.7744 0.6018
vn 0.8992 0.4351 0.0473
vn 0.8408 0.5375 0.0638
vn 0.9628 -0.2702 0.0000
vn 0.1893 0.0513 0.9806
vn -0.2609 0.9654 -0.0000
vn -0.3190 0.9477 0.0082
vn -0.3234 0.9455 0.0378
vn -0.2557 0.9660 0.0388
vn -0.1771 0.7698 0.6132
vn -0.1039 0.7510 0.6520
vn -0.1480 0.7890 0.5963
vn -0.1184 -0.9928 0.0186
vn 0.4522 0.8481 0.2761
vn 0.3796 0.8411 0.3852
vn 0.3691 0.8171 0.4428
vn -0.2265 -0.9608 0.1598
vn 0.0093 0.9946 0.1031
vn 0.0008 0.9642 0.2651
vn 0.0015 0.9963 0.0862
vn -0.0070 0.9973 0.0729
vn -0.9333 0.3491 0.0842
vn -0.9711 0.1895 0.1449
vn -0.2092 -0.3306 0.9203
vn 0.5828 -0.3071 0.7524
vn 0.5473 -0.2063 0.8111
vn -0.1336 0.9910 -0.0000
vn 0.9968 0.0766 0.0237
vn 0.7171 -0.6942 -0.0615
vn 0.6987 -0.7150 0.0246
vn 0.7156 0.1727 0.6768
vn 0.7455 -0.3544 0.5645
vn -0.9849 -0.1007 0.1410
vn -0.0837 0.9956 0.0425
vn -0.0691 0.7847 0.6160
vn 0.2355 0.0993 0.9668
vn -0.5693 -0.1195 0.8134
vn -0.5611 -0.7411 0.3687
vn 0.0326 -0.9994 -0.0137
vn 0.9722 0.2342 -0.0000
vn 0.9430 -0.3328 -0.0000
vn 0.0573 0.4189 0.9062
vn -0.2946 0.5751 0.7632
vn -0.3583 0.5178 0.7768
vn -0.5738 0.0347 0.8182
vn -0.8443 0.4860 0.2258
vn -0.0492 0.7854 0.6170
vn -0.7575 0.6086 0.2362
vn -0.7199 0.4676 0.5129
vn -0.0927 0.9903 0.1039
vn 0.0249 0.8917 0.4519
vn 0.9937 0.0835 0.0750
vn -0.8916 0.4304 0.1407
vn 0.0141 0.9997 0.0175
vn -0.3081 -0.0547 0.9498
vn -0.9057 0.4191 0.0643
vn 0.0348 0.7625 0.6460
vn 0.0332 0.9987 0.0394
vn 0.0044 0.9993 0.0371
vn -0.0121 0.7670 0.6416
vn -0.0104 0.6187 0.7856
vn -0.1111 0.7888 0.6046
vn 0.2691 0.9330 0.2391
vn -0.2239 -0.0736 0.9718
vn -0.6690 -0.4540 0.5886
vn -0.1069 0.9921 0.0650
vn 0.8182 -0.5737 0.0363
vn -0.5167 -0.1923 0.8343
vn -0.0029 0.9992 0.0390
vn 0.6751 0.2209 -0.7039
vn -0.9857 -0.0876 0.1436
vn -0.1193 0.9905 0.0680
vn -0.0359 -0.9993 -0.0052
vn -0.0192 -0.9998 0.0016
vn 0.2445 -0.9474 0.2067
vn 0.2531 -0.4652 0.8483
vn -0.0216 0.6973 0.7164
vn 0.7054 -0.3206 0.6321
vn 0.5275 -0.7048 0.4743
vn 0.6834 0.5207 -0.5117
vn -0.7446 -0.2745 0.6085
vn -0.7257 -0.0747 0.6839
vn 0.2812 -0.3986 0.8730
vn -0.6740 -0.0324 0.7380
vn -0.8111 -0.0147 -0.5847
vn 0.8582 0.5125 0.0298
vn -0.5553 -0.6377 0.5339
vn 0.0120 0.9999 0.0062
vn 0.5353 -0.5401 0.6494
vn 0.0257 0.2172 0.9758
vn 0.2002 -0.3223 0.9252
vn 0.5288 -0.1399 0.8372
vn 0.4130 0.9107 -0.0000
vn 0.3986 0.9171 -0.0000
vn -0.7796 0.6263 -0.0000
vn -0.6353 0.7723 -0.0000
vn -0.9595 -0.2149 0.1819
vn -0.9945 0.0020 0.1047
vn -0.6772 -0.7336 0.0572
vn -0.9029 0.4008 0.1553
vn -0.9320 0.3245 0.1617
vn -0.4626 0.8820 0.0897
vn -0.4729 0.8771 0.0836
vn 0.5607 -0.5117 0.6510
vn 0.5105 0.1784 0.8411
vn 0.5519 0.2770 0.7866
vn 0.0537 -0.9986 -0.0000
vn -0.0034 -1.0000 -0.0000
vn 0.0047 -1.0000 -0.0000
vn -0.8270 -0.2041 -0.5239
vn -0.6215 -0.1604 0.7668
vn -0.4729 0.8746 0.1074
vn -0.6939 -0.4696 0.5458
vn -0.7135 -0.6150 0.3355
vn -0.4400 -0.3155 0.8408
vn -0.6536 -0.7566 0.0193
vn 0.8237 0.5442 0.1592
vn -0.7164 0.6968 0.0342
vn 0.7464 -0.6655 -0.0000
vn 0.6087 0.1898 0.7703
vn -0.2347 -0.9543 0.1849
vn -0.0163 -0.9999 0.0004
vn -0.7293 0.6557 0.1954
vn -0.9134 -0.0199 0.4066
vn -0.9785 -0.1447 0.1471
vn -0.4382 0.8570 0.2711
vn -0.2426 0.9636 0.1119
vn -0.7647 0.1531 0.6259
vn 0.3188 0.7143 0.6231
vn -0.8042 0.5754 -0.1489
vn -0.5183 0.8552 -0.0000
vn -0.9051 0.4253 -0.0000
vn -0.9785 0.1929 0.0736
vn 0.7419 0.6705 0.0000
vn 0.0089 1.0000 -0.0000
vn 0.0063 1.0000 -0.0000
vn 0.0219 0.9998 -0.0000
vn 0.7309 -0.6739 -0.1084
vn 0.7532 0.5783 0.3136
vn 0.6604 0.2175 0.7187
vn 0.6793 -0.5813 -0.4480
vn -0.3659 0.8608 0.3538
vn -0.2517 0.9119 0.3242
vn -0.7698 -0.0582 -0.6356
vn -0.4555 0.1388 -0.8794
vn 0.6411 -0.5264 -0.5585
vn 0.6741 0.0198 0.7384
vn -0.4656 0.3984 -0.7902
vn -0.2742 0.8019 0.5308
vn 0.4300 -0.7864 -0.4434
vn 0.3746 -0.5027 0.7791
vn -0.7962 -0.2179 -0.5645
vn -0.8285 -0.1917 0.5262
vn -0.3622 0.9320 -0.0129
vn -0.9287 -0.3639 -0.0711
vn 0.8732 -0.4766 0.1019
vn 0.6226 0.7825 0.0046
vn -0.6902 0.7236 0.0000
vn -0.6998 -0.7144 0.0000
vn 0.8444 -0.5356 -0.0000
vn 0.5569 0.8306 -0.0000
vn -0.2812 -0.9571 0.0701
vn -0.2710 -0.9596 0.0749
vn -0.2575 -0.9632 0.0773
vn -0.5490 -0.7689 -0.3277
vn -0.6754 0.5931 -0.4383
vn -0.5428 0.4108 0.7326
vn -0.4338 -0.6587 0.6147
vn -0.5770 -0.7557 0.3098
vn -0.6330 -0.7560 0.1665
vn -0.6497 -0.7600 -0.0133
vn -0.4927 -0.6056 -0.6249
vn -0.6260 0.5281 -0.5739
vn -0.8038 0.5949 -0.0018
vn -0.3293 -0.6551 0.6800
vn -0.4602 0.5557 0.6924
vn -0.8005 0.5836 0.1367
vn -0.7536 0.5811 0.3073
vn -0.2565 0.9612 0.1016
vn -0.3498 0.5458 0.7614
vn -0.2897 -0.4540 0.8426
vn -0.1372 -0.7630 -0.6317
vn -0.3955 0.6827 -0.6144
vn -0.2481 0.9664 0.0677
vn -0.2783 0.9578 0.0712
vn -0.0088 -1.0000 0.0022
vn -0.0503 -0.9987 0.0037
vn -0.0212 -0.9998 0.0060
vn -0.0719 -0.9700 0.2324
vn -0.6311 0.7042 0.3253
vn -0.4132 0.5590 0.7189
vn -0.3479 -0.6554 0.6704
vn -0.5584 -0.5230 -0.6439
vn -0.5230 0.5731 -0.6309
vn -0.7323 0.6809 0.0123
vn -0.7226 0.6588 0.2094
vn -0.7479 -0.6609 0.0625
vn -0.7274 -0.6823 -0.0732
vn -0.7164 -0.6592 0.2286
vn -0.6336 -0.6908 0.3483
vn -0.6164 -0.7265 0.3036
vn -0.6127 -0.7870 -0.0726
vn -0.7113 -0.5545 -0.4320
vn -0.6528 0.6638 0.3650
vn -0.6713 0.4442 0.5934
vn -0.7218 -0.1252 -0.6806
vn -0.7063 0.1048 -0.7001
vn -0.7205 0.3331 -0.6082
vn -0.7223 0.4933 -0.4847
vn -0.7125 -0.3125 -0.6282
vn -0.6581 0.2433 0.7125
vn -0.6717 -0.4678 0.5745
vn -0.6615 0.0769 0.7460
vn -0.6793 -0.1438 0.7196
vn -0.6235 -0.3264 0.7104
vn -0.6517 0.7569 0.0489
vn -0.7202 0.6487 -0.2460
vn -0.9717 -0.1979 0.1288
vn -0.9737 -0.2064 0.0970
vn -0.9900 -0.1413 -0.0033
vn -0.9744 0.1796 0.1351
vn -0.9722 0.1175 0.2026
vn -0.9934 -0.0423 -0.1066
vn -0.9954 0.0061 -0.0954
vn -0.9934 0.0685 -0.0919
vn -0.9928 0.0988 -0.0676
vn -0.9938 -0.0487 -0.0998
vn -0.9673 0.0434 0.2500
vn -0.9661 -0.1349 0.2203
vn -0.9660 0.0211 0.2579
vn -0.9661 -0.0962 0.2395
vn -0.9603 -0.1327 0.2453
vn -0.9753 0.1914 0.1099
vn -0.9859 0.1637 0.0336
vn -0.9506 -0.2721 0.1492
vn -0.9568 -0.2791 0.0820
vn -0.9841 -0.1735 -0.0384
vn -0.9584 0.2365 0.1600
vn -0.9615 0.1455 0.2333
vn -0.9885 -0.0468 -0.1440
vn -0.9898 0.0164 -0.1417
vn -0.9881 0.0879 -0.1262
vn -0.9875 0.1268 -0.0935
vn -0.9888 -0.0652 -0.1346
vn -0.9578 0.0583 0.2815
vn -0.9562 -0.1589 0.2459
vn -0.9576 0.0257 0.2868
vn -0.9591 -0.0964 0.2663
vn -0.9479 -0.1462 0.2829
vn -0.9589 0.2616 0.1101
vn -0.9782 0.2073 0.0116
vn -0.9960 -0.0192 0.0872
vn -0.6837 0.4963 -0.5351
vn -0.6809 0.6588 -0.3199
vn -0.7061 -0.6436 -0.2953
vn -0.7171 -0.4688 -0.5158
vn -0.7249 -0.2734 -0.6323
vn -0.7272 0.3044 -0.6153
vn -0.6661 0.7447 0.0408
vn -0.6340 0.6509 0.4176
vn -0.6233 0.0431 0.7808
vn -0.6247 -0.2755 0.7306
vn -0.7201 0.1307 -0.6815
vn -0.7308 -0.0452 -0.6811
vn -0.6339 -0.4957 0.5937
vn -0.6318 -0.6895 0.3542
vn -0.6512 -0.7583 0.0294
vn -0.6488 0.4006 0.6470
vn -0.9923 0.1190 -0.0337
vn -0.9922 0.1240 -0.0134
vn -0.9889 -0.1376 0.0559
vn -0.9959 -0.0883 -0.0216
vn -0.9980 -0.0414 -0.0482
vn -0.9954 0.0798 -0.0530
vn -0.9864 0.1354 0.0935
vn -0.9746 0.1408 0.1742
vn -0.9645 -0.0386 0.2614
vn -0.9609 -0.1008 0.2577
vn -0.9970 0.0347 -0.0694
vn -0.9978 0.0124 -0.0656
vn -0.9628 -0.1358 0.2338
vn -0.9704 -0.1598 0.1810
vn -0.9757 -0.1733 0.1345
vn -0.9733 0.0807 0.2146
vn -0.9875 0.1437 -0.0655
vn -0.9841 0.1740 -0.0357
vn -0.9834 -0.1781 0.0358
vn -0.9927 -0.1106 -0.0481
vn -0.9953 -0.0535 -0.0811
vn -0.9928 0.0928 -0.0762
vn -0.9750 0.1989 0.0993
vn -0.9613 0.1929 0.1966
vn -0.9476 -0.0277 0.3182
vn -0.9472 -0.1134 0.3000
vn -0.9945 0.0393 -0.0975
vn -0.9953 0.0086 -0.0967
vn -0.9504 -0.1646 0.2641
vn -0.9562 -0.2138 0.2000
vn -0.9657 -0.2264 0.1272
vn -0.9594 0.1081 0.2606
vn -0.9943 -0.0104 0.1063
vn 0.3089 0.9511 -0.0000
vn 0.3366 0.9416 -0.0000
vn -0.9495 -0.3139 -0.0000
vn -0.9220 0.3871 0.0000
vn 0.0201 0.9998 -0.0000
vn -0.9691 0.2467 -0.0000
vn -0.0950 0.9955 -0.0000
vn -0.1137 0.9935 -0.0000
vn -0.1116 0.9938 -0.0000
vn -0.9984 -0.0569 0.0000
vn -0.1449 0.9894 -0.0000
vn -0.7257 -0.6880 0.0000
vn -0.7442 0.6679 0.0000
vn 0.1045 -0.9945 -0.0000
vn -0.3186 0.9479 -0.0000
vn 0.8176 0.5759 -0.0000
vn 0.7763 -0.6304 -0.0000
vn 0.0148 -0.7248 0.6888
vn 0.0128 -0.9999 -0.0000
vn -0.0678 -0.9977 0.0000
vn -0.9643 0.2649 0.0000
vn -0.2022 0.9793 -0.0000
vn -0.1537 0.9881 -0.0000
vn -0.1441 0.9896 -0.0000
vn 0.7158 -0.6984 -0.0000
vn -0.0809 -0.9966 0.0160
vn -0.1319 -0.9913 0.0000
vn -0.0635 0.9980 -0.0000
vn -0.3613 -0.6574 0.6613
vn -0.6382 -0.4281 0.6398
vn 0.2761 -0.6860 0.6731
vn 0.1056 -0.7292 0.6761
vn 0.6751 -0.3298 0.6599
vn 0.5357 -0.5280 0.6590
vn 0.3808 -0.6154 0.6901
vn -0.1058 -0.7405 0.6636
vn 0.6968 -0.2000 0.6888
vn 0.7454 -0.2345 0.6241
vn -0.6908 -0.2713 0.6703
vn -0.9593 -0.1545 0.2362
vn -0.8139 -0.2136 0.5403
vn -0.9736 -0.1647 0.1581
vn -0.4488 -0.2162 0.8671
vn -0.2807 -0.2417 0.9289
vn -0.2014 -0.2335 0.9513
vn -0.1721 -0.3520 0.9201
vn -0.9911 -0.0950 0.0929
vn -1.0000 0.0000 -0.0000
vn 0.1683 -0.7179 0.6755
vn -0.0392 -0.7326 0.6795
vn -0.7102 -0.1900 0.6779
vn -0.7140 -0.0538 0.6980
vn 0.6252 -0.4186 0.6587
vn 0.3962 -0.6281 0.6697
vn 0.7061 -0.0971 0.7014
vn -0.7010 -0.0336 0.7123
vn -0.2448 -0.9330 0.2639
vn -0.2791 -0.6916 0.6662
vn -0.5843 -0.4882 0.6483
vn 0.0755 -0.9971 0.0000
vn 0.0397 -0.9992 0.0000
vn 0.0212 -0.7092 0.7047
vn 0.0295 -0.9996 0.0038
vn -0.0239 -0.9997 -0.0035
vn 0.0646 -0.9978 0.0175
vn 0.0001 -1.0000 0.0000
vn 0.7348 -0.3432 0.5850
vn 0.4505 -0.6362 0.6263
vn 0.8336 -0.0126 0.5522
vn 0.7027 -0.7040 -0.1027
vn 0.7088 -0.2467 -0.6609
vn 0.7849 -0.6156 0.0705
vn 0.7969 -0.6024 0.0447
vn 0.5681 0.6785 0.4657
vn 0.3892 0.7139 0.5821
vn 0.5712 0.5496 0.6097
vn 0.7038 0.1450 0.6954
vn 0.8524 0.5217 0.0360
vn 0.8087 0.5863 0.0481
vn 0.7245 -0.6320 0.2753
vn 0.4485 0.7970 -0.4045
vn 0.4974 0.4207 -0.7587
vn 0.4375 -0.6702 0.5995
vn 0.5824 0.8047 0.1153
vn 0.3437 0.0666 0.9367
vn 0.8562 0.5166 0.0022
vn 0.6487 0.7495 0.1318
vn 0.9733 0.1904 0.1284
vn 0.9887 -0.0445 0.1434
vn 0.8809 -0.4198 0.2186
vn 0.6618 -0.7122 0.2340
vn 0.1654 -0.4642 0.8701
vn 0.6289 0.7388 0.2424
vn 0.7408 0.6354 0.2180
vn 0.4611 0.8871 -0.0222
vn 0.7055 0.7059 0.0629
vn 0.6448 -0.6696 0.3687
vn 0.7776 -0.5761 0.2519
vn 0.6713 -0.7392 0.0544
vn 0.6718 -0.7400 0.0345
vn 0.9303 -0.1901 0.3136
vn 0.7228 -0.0021 0.6910
vn 0.7173 -0.0021 0.6967
vn 0.7246 0.0026 -0.6892
vn 0.7181 0.0026 -0.6959
vn 0.8987 0.2908 0.3283
vn 0.7149 0.6986 0.0304
vn 0.5379 0.7773 -0.3264
vn 0.9098 0.3537 -0.2173
vn 0.9982 0.0043 -0.0605
vn 0.9994 -0.0205 -0.0289
vn 0.9820 -0.1420 -0.1242
vn 0.8256 -0.5449 -0.1463
vn 0.5023 0.8615 -0.0738
vn 0.4285 0.8844 -0.1850
vn 0.5400 0.8412 -0.0282
vn 0.5703 0.8206 0.0372
vn 0.4995 -0.8446 -0.1925
vn 0.4876 -0.8731 -0.0002
vn 0.5622 -0.8261 0.0381
vn 0.5427 -0.8395 0.0283
vn 0.4257 -0.6654 0.6132
vn 0.7139 -0.0021 0.7002
vn 0.6865 0.2322 0.6890
vn 0.4077 0.6647 0.6260
vn 0.5387 0.8417 0.0353
vn 0.7646 0.0027 -0.6445
vn 0.6983 -0.1873 0.6909
vn 0.7255 0.0372 0.6873
vn 0.5841 0.2859 0.7596
vn 0.6771 0.1374 0.7229
vn 0.6974 -0.0256 0.7162
vn 0.6550 -0.1942 0.7303
vn 0.8215 -0.2648 0.5050
vn 0.8475 -0.0370 0.5295
vn 0.8625 0.1758 0.4745
vn 0.8152 0.3787 0.4383
vn 0.9689 -0.2422 0.0507
vn 0.9629 -0.2651 0.0504
vn 0.9583 0.2815 0.0501
vn 0.9487 0.3124 0.0496
vn 0.9975 0.0475 0.0522
vn 0.0124 0.9999 -0.0000
vn -0.3191 0.9477 0.0000
vn 0.9543 -0.1983 0.2238
vn 0.9496 0.2778 0.1453
vn 0.9836 0.0320 0.1773
vn 0.7455 0.0106 -0.6664
vn 0.6844 0.0098 0.7290
vn 0.7027 -0.0134 0.7114
vn 0.6998 -0.0218 -0.7140
vn 0.6925 0.0414 -0.7203
vn 0.0000 0.0000 -1.0000
vn 0.0000 0.0000 1.0000
vn 0.6957 0.0332 0.7176
vn 0.6925 0.0414 -0.7202
vn 0.7420 0.0262 -0.6699
vn 0.6806 0.0241 0.7322
vn 0.7109 0.0122 0.7032
vn 0.7082 0.0036 -0.7060
vn 0.6909 0.0455 -0.7215
vn 0.6941 0.0373 0.7189
vn 0.6910 0.0455 -0.7214
vn 0.6941 0.0373 0.7190
vn 0.9581 0.2849 -0.0304
vn 0.9998 -0.0037 -0.0189
vn 0.9786 0.2050 -0.0176
vn 0.9496 0.3128 -0.0194
vn 0.9917 -0.1275 -0.0190
vn 0.8042 -0.5941 -0.0179
vn 0.4417 -0.4150 -0.7954
vn 0.5981 -0.1848 -0.7798
vn 0.2605 0.2496 -0.9326
vn 0.3024 0.3410 -0.8901
vn 0.0417 0.9991 -0.0104
vn 0.0830 0.9965 -0.0108
vn 0.9796 0.1721 -0.1039
vn 0.9728 -0.2168 -0.0810
vn 0.8306 0.5554 -0.0410
vn 0.9534 0.2778 -0.1175
vn -0.7819 0.2389 0.5758
vn -0.6763 0.1151 -0.7275
vn -0.9378 -0.1737 -0.3007
vn -0.9892 -0.1464 0.0099
vn 0.9272 0.1990 -0.3172
vn 0.6794 -0.6581 -0.3244
vn 0.7483 -0.6566 -0.0948
vn 0.1441 0.1053 -0.9840
vn 0.1582 -0.1839 -0.9701
vn 0.1167 -0.2447 -0.9625
vn 0.0936 0.1350 -0.9864
vn -0.8590 0.4293 -0.2790
vn -0.7674 -0.6404 0.0311
vn -0.7069 -0.6112 -0.3559
vn -0.8993 0.3866 -0.2045
vn 0.1800 0.0694 -0.9812
vn 0.0852 0.5880 -0.8044
vn 0.1603 0.5176 -0.8405
vn 0.0335 0.6013 -0.7983
vn 0.0107 0.5611 -0.8277
vn -0.0049 0.7706 -0.6373
vn 0.0134 0.7895 -0.6136
vn -0.7930 0.5781 0.1923
vn -0.8577 0.3310 0.3934
vn -0.9628 -0.1377 -0.2326
vn -0.9788 -0.0932 -0.1825
vn 0.7397 -0.6728 -0.0140
vn 0.7487 -0.6628 -0.0100
vn 0.7363 -0.6761 -0.0279
vn 0.7341 -0.6787 -0.0222
vn -0.1219 0.9880 -0.0947
vn -0.1263 0.9893 -0.0734
vn -0.0908 0.9937 -0.0660
vn -0.0930 0.9921 -0.0842
vn -0.2406 0.9427 -0.2314
vn -0.2434 0.7875 -0.5662
vn -0.4289 0.7402 -0.5179
vn -0.4250 0.8721 -0.2424
vn 0.2266 0.4607 -0.8581
vn 0.1989 0.0329 -0.9795
vn 0.3861 0.5006 -0.7748
vn -0.9693 -0.1850 -0.1620
vn -0.7124 -0.5663 0.4144
vn -0.6903 -0.6897 0.2185
vn -0.9292 0.3328 -0.1607
vn -0.6897 -0.7209 -0.0682
vn -0.1839 -0.9828 -0.0180
vn 0.3759 -0.1041 -0.9208
vn 0.4098 0.1396 -0.9014
vn 0.6902 0.2164 -0.6905
vn 0.6475 0.0782 -0.7581
vn 0.7743 -0.5333 -0.3407
vn 0.8891 0.2157 -0.4038
vn 0.9009 -0.4181 -0.1166
vn -0.8025 0.5802 -0.1392
vn -0.9821 -0.0807 -0.1702
vn -0.8022 0.5806 -0.1396
vn 0.5443 -0.8388 -0.0157
vn -0.1976 0.4912 -0.8483
vn -0.1049 0.3869 -0.9161
vn -0.1152 0.3545 -0.9279
vn -0.2270 0.4563 -0.8604
vn -0.2174 -0.0206 -0.9759
vn -0.2340 -0.0730 -0.9695
vn -0.1926 -0.0106 -0.9812
vn -0.2485 -0.0126 -0.9685
vn 0.6659 -0.6186 -0.4170
vn 0.4415 -0.4871 -0.7536
vn 0.3603 -0.2443 -0.9003
vn 0.6833 -0.2890 -0.6705
vn 0.9970 0.0447 -0.0639
vn 0.9853 0.1576 -0.0655
vn 0.9901 0.1324 -0.0457
vn 0.9979 0.0484 -0.0437
vn -0.3353 0.7071 -0.6226
vn -0.1662 0.5853 -0.7936
vn -0.0665 0.6280 -0.7754
vn -0.1926 0.8494 -0.4914
vn 0.2785 0.0114 -0.9604
vn 0.4128 -0.0119 -0.9107
vn -0.6844 0.7115 -0.1592
vn -0.5841 0.7054 -0.4015
vn -0.8591 0.0836 -0.5049
vn -0.9621 0.1481 -0.2289
vn -0.6898 -0.6993 -0.1873
vn -0.8693 0.4362 -0.2323
vn -0.8998 -0.2175 -0.3783
vn -0.5620 -0.7599 -0.3266
vn 0.3893 0.9157 -0.0994
vn 0.4154 0.8764 -0.2437
vn 0.3885 0.8968 -0.2119
vn 0.3790 0.9220 -0.0786
vn 0.0680 0.4970 -0.8651
vn 0.0759 0.7018 -0.7084
vn 0.0290 0.4722 -0.8810
vn 0.0705 0.4772 -0.8760
vn 0.0178 0.4806 -0.8768
vn 0.0333 0.7780 -0.6274
vn 0.0222 0.4892 -0.8719
vn -0.3454 0.0317 -0.9379
vn -0.2599 0.5037 -0.8239
vn -0.4491 0.5896 -0.6713
vn -0.6018 -0.0576 -0.7966
vn -0.7965 0.5884 -0.1394
vn -0.6284 0.7722 -0.0941
vn -0.5923 0.8040 -0.0525
vn -0.7226 0.6874 -0.0736
vn -0.2107 0.5678 -0.7957
vn -0.1120 0.4511 -0.8854
vn 0.4939 -0.6613 -0.5646
vn 0.1407 0.9893 -0.0380
vn 0.1296 0.9885 -0.0774
vn 0.0472 0.9967 -0.0654
vn 0.0537 0.9977 -0.0405
vn 0.0163 0.9996 -0.0227
vn 0.0217 0.9992 -0.0323
vn 0.0254 0.8193 -0.5727
vn 0.1057 0.9760 -0.1902
vn 0.2406 0.1420 -0.9602
vn 0.1567 -0.2377 -0.9586
vn 0.2399 -0.2840 -0.9283
vn -0.0073 -0.0848 -0.9964
vn -0.0067 0.2197 -0.9755
vn -0.0034 0.2488 -0.9685
vn -0.0270 -0.0668 -0.9974
vn 0.0956 0.8358 -0.5406
vn 0.3197 0.3782 -0.8688
vn 0.2727 0.6569 -0.7029
vn 0.0361 0.9988 -0.0342
vn 0.0395 0.8248 -0.5640
vn 0.2656 0.1245 -0.9560
vn 0.7498 -0.0183 -0.6614
vn -0.1632 0.9847 -0.0608
vn -0.2013 0.9782 -0.0516
vn -0.1498 0.9873 -0.0534
vn -0.1206 0.9904 -0.0671
vn -0.6578 -0.7429 -0.1240
vn -0.3028 -0.9511 -0.0612
vn -0.2930 -0.9546 -0.0540
vn -0.6300 -0.7687 -0.1104
vn -0.9890 -0.1069 -0.1024
vn -0.9902 -0.0703 -0.1205
vn -0.9289 0.3566 -0.0997
vn -0.9233 0.3641 -0.1223
vn 0.1530 -0.5888 -0.7937
vn -0.0344 0.5997 -0.7995
vn -0.0104 0.5946 -0.8040
vn -0.0243 -0.6504 -0.7592
vn -0.3166 0.9468 -0.0573
vn -0.2677 0.9612 -0.0665
vn -0.4703 0.8783 -0.0864
vn -0.5266 0.8481 -0.0580
vn 0.8391 0.5439 -0.0093
vn 0.7766 0.6300 0.0015
vn 0.7720 -0.6339 -0.0462
vn 0.9883 -0.1497 -0.0296
vn -0.6513 -0.2272 -0.7240
vn -0.5847 -0.2762 -0.7628
vn 0.0919 -0.1249 -0.9879
vn 0.1049 -0.2326 -0.9669
vn 0.9452 -0.3266 -0.0047
vn 0.9458 -0.3243 -0.0177
vn 0.7433 0.6688 -0.0135
vn 0.7412 0.6713 -0.0029
vn 0.7386 -0.6741 -0.0064
vn 0.7050 -0.6509 0.2817
vn 0.9418 -0.3350 -0.0269
vn 0.7294 -0.6832 -0.0342
vn 0.9375 -0.3450 -0.0457
vn 0.2672 -0.7649 -0.5861
vn 0.4839 0.4017 -0.7775
vn 0.1598 0.4515 -0.8779
vn 0.6727 0.4973 -0.5479
vn 0.6889 0.2873 -0.6655
vn 0.4137 0.3289 -0.8489
vn 0.1709 0.0413 -0.9844
vn -0.4508 -0.3920 -0.8019
vn -0.2404 -0.4923 -0.8366
vn 0.0405 0.6234 -0.7809
vn 0.0817 0.9962 -0.0293
vn -0.6626 -0.7346 -0.1463
vn -0.6819 -0.7193 -0.1329
vn -0.9298 -0.1333 -0.3432
vn -0.7732 -0.3812 0.5067
vn 0.0196 0.9996 -0.0191
vn 0.0193 0.9998 -0.0083
vn 0.0390 0.9990 -0.0224
vn -0.6474 -0.7516 -0.1261
vn -0.3026 -0.9506 -0.0690
vn -0.7752 0.5705 -0.2711
vn -0.7666 0.6146 -0.1858
vn -0.9796 -0.0543 -0.1934
vn -0.9559 -0.1494 -0.2527
vn 0.1035 -0.1850 -0.9773
vn -0.1530 0.9801 -0.1263
vn -0.1529 0.9598 -0.2353
vn -0.2525 0.9585 -0.1323
vn -0.7713 -0.3050 0.5586
vn -0.6897 -0.2658 -0.6736
vn -0.1114 0.6533 -0.7488
vn -0.1601 0.8147 -0.5574
vn -0.0754 0.8253 -0.5596
vn -0.0666 0.7126 -0.6984
vn -0.7699 -0.5607 0.3047
vn -0.7952 0.4076 -0.4489
vn 0.0276 0.1119 -0.9933
vn 0.0159 -0.1318 -0.9911
vn -0.0760 0.0680 -0.9948
vn -0.9142 0.3520 -0.2007
vn -0.9488 -0.2072 -0.2382
vn -0.6485 0.6407 -0.4110
vn -0.4125 0.9035 -0.1161
vn -0.9681 0.1054 -0.2272
vn -0.8089 -0.0959 -0.5801
vn -0.9360 0.0751 -0.3439
vn -0.7183 0.6842 0.1262
vn -0.5633 -0.7692 0.3016
vn 0.0567 0.0625 -0.9964
vn -0.2516 -0.5754 -0.7782
vn 0.9982 -0.0474 -0.0356
vn 0.7495 0.6616 -0.0225
vn 0.7101 0.7024 -0.0478
vn 0.9969 -0.0205 -0.0761
vn -0.8444 -0.5071 -0.1729
vn -0.6513 0.7472 -0.1327
vn -0.6535 0.7407 -0.1561
vn -0.8382 -0.5076 -0.1994
vn 0.9981 0.0589 -0.0185
vn 0.9879 0.1543 -0.0128
vn -0.2057 -0.6982 -0.6857
vn -0.2032 -0.5440 -0.8141
vn -0.2347 -0.3109 -0.9210
vn -0.3049 -0.4565 -0.8358
vn -0.9807 -0.1440 -0.1324
vn -0.2416 0.6560 -0.7150
vn -0.2944 0.2896 -0.9108
vn -0.5173 0.2913 -0.8047
vn -0.4703 0.5126 -0.7183
vn -0.6672 -0.7280 -0.1575
vn 0.6600 -0.7503 -0.0390
vn 0.5458 -0.8367 -0.0453
vn 0.9270 -0.3706 -0.0580
vn 0.9689 -0.2444 -0.0379
vn 0.1756 0.9835 0.0435
vn 0.1359 0.9904 -0.0235
vn 0.8218 -0.0293 -0.5690
vn 0.8525 -0.0229 -0.5222
vn 0.4662 -0.0062 -0.8846
vn -0.0917 0.2644 -0.9600
vn -0.0685 0.6629 -0.7455
vn 0.0556 -0.5325 -0.8446
vn 0.1862 -0.5521 -0.8127
vn -0.3166 -0.1685 -0.9335
vn -0.2816 0.2085 -0.9366
vn -0.0137 0.7773 -0.6290
vn -0.0136 0.7653 -0.6435
vn 0.0019 0.6201 -0.7845
vn 0.0079 0.5967 -0.8024
vn 0.0490 0.2360 -0.9705
vn 0.1267 -0.0881 -0.9880
vn -0.7702 0.6196 -0.1514
vn -0.6693 0.7142 -0.2049
vn 0.7331 -0.6792 -0.0362
vn 0.4227 0.5588 -0.7135
vn 0.6661 0.5519 -0.5018
vn -0.7332 0.4609 -0.5000
vn -0.9795 -0.0688 -0.1893
vn -0.7549 0.2294 -0.6144
vn -0.7903 0.5970 -0.1378
vn -0.0529 0.7518 -0.6572
vn -0.0929 0.7721 -0.6287
vn -0.0792 0.7663 -0.6376
vn -0.0481 0.7699 -0.6364
vn 0.3231 0.5357 0.7801
vn 0.3429 0.3719 0.8626
vn 0.7741 0.3220 0.5451
vn 0.7193 0.6624 0.2095
vn 0.6717 0.0543 -0.7389
vn -0.1677 0.4094 -0.8968
vn -0.2254 0.3422 -0.9122
vn 0.1153 0.4622 -0.8793
vn 0.2613 0.6428 -0.7201
vn 0.2360 0.5911 -0.7713
vn 0.0888 0.4084 -0.9085
vn -0.0000 0.5981 -0.8015
vn -0.0021 0.5947 -0.8039
vn 0.0085 0.8204 -0.5717
vn 0.0084 0.8151 -0.5793
vn 0.2857 0.9544 -0.0865
vn 0.1836 -0.1582 -0.9702
vn 0.2444 -0.2001 -0.9488
vn 0.8121 -0.2878 0.5076
vn 0.9255 -0.3781 -0.0208
vn 0.9667 0.2556 -0.0106
vn -0.0901 0.9699 -0.2262
vn -0.1161 0.9859 -0.1206
vn -0.1816 0.9466 -0.2664
vn 0.7382 0.6740 -0.0285
vn 0.8025 0.5949 -0.0446
vn -0.0068 0.6990 -0.7151
vn -0.0294 0.5452 -0.8378
vn 0.1454 -0.2547 -0.9560
vn -0.1164 0.9865 -0.1150
vn -0.1157 0.9908 -0.0706
vn -0.0992 0.9928 -0.0677
vn -0.1005 0.9888 -0.1099
vn -0.3208 -0.9460 -0.0471
vn -0.6669 -0.7335 -0.1314
vn -0.0662 0.9895 -0.1286
vn -0.0210 0.9929 -0.1172
vn -0.0200 0.9680 -0.2503
vn -0.0455 0.9640 -0.2621
vn -0.4071 -0.7155 -0.5677
vn -0.2379 -0.9343 -0.2654
vn -0.2818 -0.9486 -0.1438
vn -0.7765 0.0189 0.6299
vn -0.7983 -0.2560 0.5452
vn -0.8628 -0.0034 -0.5056
vn -0.8802 -0.0897 -0.4661
vn -0.0913 0.7118 -0.6964
vn -0.1310 0.3207 -0.9381
vn -0.6887 0.7186 -0.0964
vn -0.9771 0.1530 -0.1480
vn 0.7704 0.5966 -0.2249
vn -0.0036 0.6018 -0.7986
vn -0.0060 0.5914 -0.8063
vn -0.0022 0.5932 -0.8050
vn 0.0004 0.5995 -0.8004
vn -0.0039 0.7372 -0.6757
vn 0.0000 0.6265 -0.7795
vn 0.0287 0.3079 -0.9510
vn 0.0486 0.4172 -0.9075
vn -0.0074 -0.5920 -0.8059
vn -0.0555 0.0878 -0.9946
vn -0.1249 0.0568 -0.9905
vn -0.0097 -0.6299 -0.7766
vn 0.2178 0.2877 -0.9326
vn -0.1692 0.3075 -0.9364
vn -0.1600 0.6497 -0.7432
vn -0.0474 0.0218 -0.9986
vn -0.0546 0.5879 -0.8071
vn 0.2678 -0.5414 -0.7970
vn 0.4928 -0.4917 -0.7179
vn -0.9799 0.0037 -0.1996
vn -0.7209 0.5614 -0.4064
vn -0.6179 -0.6618 -0.4244
vn -0.5182 -0.4820 -0.7065
vn -0.4963 0.5230 -0.6929
vn -0.7162 -0.6875 -0.1203
vn 0.9360 0.3121 0.1630
vn 0.7200 0.6939 -0.0082
vn -0.2540 0.5273 -0.8108
vn -0.4008 0.6026 -0.6901
vn -0.2976 0.4610 -0.8360
vn -0.2080 -0.8465 -0.4901
vn -0.2642 -0.6279 -0.7321
vn -0.2236 -0.4293 -0.8751
vn -0.0712 0.9968 -0.0356
vn -0.1291 0.9903 -0.0505
vn -0.1408 0.9887 -0.0520
vn -0.1058 0.9927 -0.0585
vn -0.8147 -0.5315 -0.2321
vn -0.8138 -0.0958 -0.5732
vn -0.6644 0.5949 -0.4524
vn 0.2754 0.6868 -0.6727
vn -0.4546 0.8796 -0.1404
vn -0.1614 0.1573 -0.9743
vn 0.7230 0.6908 -0.0073
vn 0.1089 0.9938 -0.0230
vn 0.4043 0.9145 -0.0174
vn 0.4957 0.8678 -0.0358
vn 0.1438 0.9103 -0.3882
vn 0.3339 0.6640 -0.6690
vn 0.9808 -0.1069 -0.1629
vn 0.9924 -0.0612 -0.1065
vn -0.7723 -0.6057 -0.1913
vn -0.6760 -0.7132 -0.1855
vn -0.7666 -0.6058 -0.2128
vn -0.8842 -0.2063 -0.4190
vn -0.7964 0.4628 0.3892
vn -0.8205 0.2613 0.5084
vn -0.0259 0.6043 -0.7963
vn 0.9318 -0.3623 0.0221
vn 0.9323 0.3616 -0.0032
vn 0.9998 -0.0155 -0.0142
vn 0.5178 -0.8554 0.0119
vn -0.9468 -0.2604 -0.1889
vn -0.8737 -0.3783 -0.3058
vn 0.5130 -0.6310 -0.5820
vn -0.0467 -0.7681 -0.6386
vn -0.0306 -0.1135 -0.9931
vn 0.6866 -0.2087 -0.6964
vn 0.2382 0.0560 -0.9696
vn 0.2787 -0.0145 -0.9603
vn 0.0206 0.9960 -0.0872
vn 0.0440 0.9836 -0.1749
vn 0.0218 0.9663 -0.2563
vn -0.9181 0.3384 -0.2065
vn -0.0161 0.7461 -0.6656
vn 0.2334 0.0252 -0.9721
vn 0.5524 0.1484 -0.8202
vn 0.5085 0.3572 -0.7834
vn 0.2656 -0.0294 -0.9636
vn 0.3348 0.7384 -0.5854
vn 0.1350 0.5668 -0.8127
vn 0.3250 0.5409 -0.7758
vn 0.6045 0.6914 -0.3956
vn 0.1272 0.9715 -0.1999
vn -0.0090 -0.5889 -0.8082
vn 0.0012 -0.5640 -0.8257
vn -0.1285 0.9894 -0.0683
vn 0.1484 -0.9213 -0.3594
vn 0.1426 -0.9881 0.0578
vn 0.1282 -0.9908 0.0441
vn 0.1194 -0.9382 -0.3249
vn -0.4031 0.9087 -0.1083
vn -0.9603 -0.2287 -0.1599
vn -0.9587 -0.2738 -0.0767
vn 0.9757 0.2189 -0.0095
vn 0.9843 0.1766 -0.0038
vn 0.0136 0.4912 -0.8709
vn -0.6197 0.6723 -0.4049
vn -0.2139 0.0178 -0.9767
vn 0.3616 -0.4899 -0.7933
vn 0.6458 -0.2949 -0.7043
vn -0.1792 0.4245 -0.8875
vn -0.5712 -0.2424 -0.7842
vn -0.5893 0.2087 -0.7805
vn 0.0193 -0.9997 0.0179
vn 0.3550 -0.8832 -0.3064
vn -0.2141 0.9469 -0.2400
vn -0.2366 0.9097 -0.3412
vn -0.2946 0.9455 -0.1387
vn -0.9847 -0.1321 -0.1139
vn -0.9931 -0.0441 -0.1090
vn -0.9337 -0.2708 -0.2341
vn -0.5693 0.8152 -0.1062
vn -0.0114 0.5948 -0.8038
vn 0.7393 -0.6734 -0.0041
vn -0.2260 0.7392 -0.6344
vn -0.3937 0.7623 -0.5137
vn 0.9982 0.0512 -0.0311
vn 0.9888 0.1467 -0.0271
vn 0.2289 -0.1860 -0.9555
vn 0.0275 0.3582 -0.9332
vn 0.1381 0.9872 -0.0798
vn 0.7851 -0.6148 -0.0755
vn -0.1204 0.9680 -0.2200
vn -0.1017 0.9673 -0.2324
vn 0.3848 0.9216 -0.0515
vn -0.7054 -0.1260 -0.6976
vn -0.0903 0.9900 -0.1087
vn -0.0863 0.9692 -0.2308
vn -0.9840 -0.0884 -0.1549
vn -0.1262 0.5516 -0.8245
vn -0.2056 0.6774 -0.7063
vn -0.5782 -0.0114 -0.8158
vn 0.9073 -0.4200 -0.0185
vn 0.2891 -0.5551 -0.7799
vn 0.1264 0.0032 -0.9920
vn 0.1312 -0.1328 -0.9824
vn 0.0952 0.0027 -0.9955
vn 0.9115 -0.3323 -0.2425
vn -0.7386 0.0899 -0.6682
vn -0.0282 0.2695 -0.9626
vn -0.0855 -0.0357 -0.9957
vn 0.0662 -0.7117 -0.6994
vn 0.0259 -0.6437 -0.7649
vn 0.0082 0.8212 -0.5706
vn -0.1229 0.9909 -0.0552
vn -0.1020 0.9923 -0.0707
vn -0.9392 -0.2080 -0.2731
vn -0.7452 -0.6152 -0.2573
vn -0.6469 -0.7181 -0.2568
vn 0.3695 -0.4011 -0.8382
vn -0.4426 0.8898 -0.1113
vn -0.2761 0.7863 -0.5528
vn -0.3063 0.6682 -0.6780
vn 0.0021 0.3530 -0.9356
vn 0.0022 0.3611 -0.9325
vn -0.1552 0.9851 -0.0739
vn 0.2211 0.0202 -0.9750
vn -0.2610 0.9617 -0.0838
vn -0.1264 -0.9915 -0.0317
vn -0.1003 -0.9945 -0.0288
vn -0.0708 0.9946 -0.0765
vn -0.1046 0.9897 -0.0975
vn -0.1256 0.9908 -0.0509
vn -0.0665 0.9969 -0.0413
vn -0.9621 -0.1744 -0.2098
vn -0.0830 0.9572 -0.2772
vn -0.2238 0.4025 -0.8876
vn -0.1816 0.4030 -0.8970
vn 0.1349 0.0628 -0.9889
vn -0.9918 -0.0597 -0.1132
vn 0.5893 0.5491 -0.5926
vn -0.2239 0.9714 -0.0792
vn -0.3067 0.9494 -0.0676
vn 0.9971 -0.0526 -0.0554
vn 0.8305 0.5546 -0.0524
vn 0.8554 0.5170 -0.0320
vn 0.9986 -0.0514 -0.0122
vn -0.2988 0.1244 -0.9462
vn -0.0064 0.6453 -0.7639
vn -0.0005 0.8054 -0.5927
vn -0.0498 0.8308 -0.5544
vn 0.5345 -0.5183 -0.6675
vn 0.1111 -0.9514 -0.2874
vn -0.7327 -0.4464 0.5136
vn -0.8928 0.1131 -0.4361
vn -0.0238 0.7637 -0.6452
vn -0.0418 0.6855 -0.7269
vn -0.6532 0.7500 -0.1044
vn 0.7286 -0.6727 -0.1293
vn -0.1091 -0.5471 -0.8299
vn -0.2682 -0.9607 -0.0720
vn 0.0870 0.8601 -0.5026
vn 0.1950 0.7744 -0.6018
vn 0.0980 0.5233 -0.8465
vn 0.1119 0.6828 -0.7220
vn 0.8408 0.5375 -0.0638
vn 0.8992 0.4351 -0.0473
vn 0.1893 0.0513 -0.9806
vn -0.3234 0.9455 -0.0378
vn -0.3190 0.9477 -0.0082
vn -0.2557 0.9660 -0.0388
vn -0.1480 0.7890 -0.5963
vn -0.1039 0.7510 -0.6520
vn -0.1771 0.7698 -0.6132
vn -0.1184 -0.9928 -0.0186
vn 0.3796 0.8411 -0.3852
vn 0.4522 0.8481 -0.2761
vn 0.3691 0.8171 -0.4428
vn -0.2265 -0.9608 -0.1598
vn 0.0093 0.9946 -0.1031
vn -0.0070 0.9973 -0.0729
vn 0.0015 0.9963 -0.0862
vn 0.0008 0.9642 -0.2651
vn -0.9711 0.1895 -0.1449
vn -0.9333 0.3491 -0.0842
vn 0.5827 -0.3071 -0.7524
vn -0.2092 -0.3306 -0.9203
vn 0.5473 -0.2063 -0.8111
vn 0.9968 0.0766 -0.0237
vn 0.6987 -0.7150 -0.0246
vn 0.7171 -0.6942 0.0615
vn 0.7156 0.1727 -0.6768
vn 0.7455 -0.3544 -0.5645
vn -0.9849 -0.1007 -0.1410
vn -0.0837 0.9956 -0.0425
vn -0.0691 0.7847 -0.6160
vn 0.2355 0.0993 -0.9668
vn -0.5693 -0.1195 -0.8134
vn -0.5611 -0.7411 -0.3687
vn 0.0326 -0.9994 0.0137
vn 0.0573 0.4189 -0.9062
vn -0.3583 0.5178 -0.7768
vn -0.2946 0.5751 -0.7632
vn -0.5738 0.0347 -0.8182
vn -0.8443 0.4860 -0.2258
vn -0.0492 0.7854 -0.6170
vn -0.7199 0.4676 -0.5129
vn -0.7575 0.6086 -0.2362
vn -0.0927 0.9903 -0.1039
vn 0.0249 0.8917 -0.4519
vn 0.9937 0.0835 -0.0750
vn -0.8916 0.4304 -0.1407
vn 0.0141 0.9997 -0.0175
vn -0.3081 -0.0547 -0.9498
vn -0.9057 0.4191 -0.0643
vn 0.0348 0.7625 -0.6460
vn 0.0044 0.9993 -0.0371
vn 0.0332 0.9987 -0.0394
vn -0.0121 0.7670 -0.6416
vn -0.0104 0.6187 -0.7856
vn -0.1111 0.7888 -0.6046
vn 0.2691 0.9330 -0.2391
vn -0.2239 -0.0736 -0.9718
vn -0.6690 -0.4540 -0.5886
vn -0.1069 0.9921 -0.0650
vn 0.8182 -0.5737 -0.0363
vn -0.5167 -0.1923 -0.8343
vn -0.0029 0.9992 -0.0390
vn 0.6751 0.2209 0.7039
vn -0.9857 -0.0876 -0.1436
vn -0.1193 0.9905 -0.0680
vn 0.2445 -0.9474 -0.2067
vn -0.0192 -0.9998 -0.0016
vn -0.0359 -0.9993 0.0052
vn 0.2531 -0.4652 -0.8483
vn -0.0216 0.6973 -0.7164
vn 0.5275 -0.7048 -0.4743
vn 0.7054 -0.3206 -0.6321
vn 0.6834 0.5207 0.5117
vn -0.7446 -0.2745 -0.6085
vn -0.7257 -0.0747 -0.6839
vn 0.2812 -0.3986 -0.8730
vn -0.8111 -0.0147 0.5847
vn -0.6740 -0.0324 -0.7380
vn 0.8582 0.5125 -0.0298
vn -0.5553 -0.6377 -0.5339
vn 0.0120 0.9999 -0.0062
vn 0.5353 -0.5401 -0.6494
vn 0.0257 0.2172 -0.9758
vn 0.2002 -0.3223 -0.9252
vn 0.5288 -0.1399 -0.8372
vn -0.6772 -0.7336 -0.0572
vn -0.9945 0.0020 -0.1047
vn -0.9595 -0.2149 -0.1819
vn -0.4626 0.8820 -0.0897
vn -0.9320 0.3245 -0.1617
vn -0.9029 0.4008 -0.1553
vn -0.4729 0.8771 -0.0836
vn 0.5607 -0.5117 -0.6510
vn 0.5519 0.2770 -0.7866
vn 0.5105 0.1784 -0.8411
vn -0.8270 -0.2041 0.5239
vn -0.6215 -0.1604 -0.7668
vn -0.4729 0.8746 -0.1074
vn -0.6939 -0.4696 -0.5458
vn -0.7135 -0.6150 -0.3355
vn -0.4400 -0.3155 -0.8408
vn -0.6536 -0.7566 -0.0193
vn 0.8237 0.5442 -0.1592
vn -0.7164 0.6968 -0.0342
vn 0.6087 0.1898 -0.7703
vn -0.0163 -0.9999 -0.0004
vn -0.2347 -0.9543 -0.1849
vn -0.7293 0.6557 -0.1954
vn -0.9134 -0.0199 -0.4066
vn -0.9785 -0.1447 -0.1471
vn -0.4382 0.8570 -0.2711
vn -0.2426 0.9636 -0.1119
vn -0.7647 0.1531 -0.6259
vn 0.3188 0.7143 -0.6231
vn -0.8042 0.5754 0.1489
vn -0.9785 0.1929 -0.0736
vn 0.6604 0.2175 -0.7187
vn 0.7532 0.5783 -0.3136
vn 0.7309 -0.6739 0.1084
vn 0.6793 -0.5813 0.4480
vn -0.3659 0.8608 -0.3538
vn -0.4555 0.1388 0.8794
vn -0.7698 -0.0582 0.6356
vn -0.2517 0.9119 -0.3242
vn 0.6411 -0.5264 0.5585
vn 0.6741 0.0198 -0.7384
vn -0.4656 0.3984 0.7902
vn -0.2742 0.8019 -0.5308
vn 0.4300 -0.7864 0.4434
vn 0.3746 -0.5027 -0.7791
vn -0.7962 -0.2179 0.5645
vn -0.8285 -0.1917 -0.5262
vn -0.3622 0.9320 0.0129
vn -0.9287 -0.3639 0.0711
vn 0.6226 0.7825 -0.0046
vn 0.8732 -0.4766 -0.1019
vn -0.2710 -0.9596 -0.0749
vn -0.2812 -0.9571 -0.0701
vn -0.5490 -0.7689 0.3277
vn -0.2575 -0.9632 -0.0773
vn -0.5428 0.4108 -0.7326
vn -0.6754 0.5931 0.4383
vn -0.4338 -0.6587 -0.6147
vn -0.6330 -0.7560 -0.1665
vn -0.5770 -0.7557 -0.3098
vn -0.4927 -0.6056 0.6249
vn -0.6497 -0.7600 0.0133
vn -0.8038 0.5949 0.0018
vn -0.6260 0.5281 0.5738
vn -0.3293 -0.6551 -0.6800
vn -0.4602 0.5557 -0.6924
vn -0.8005 0.5836 -0.1367
vn -0.7536 0.5811 -0.3073
vn -0.3498 0.5458 -0.7614
vn -0.2565 0.9612 -0.1016
vn -0.2897 -0.4540 -0.8426
vn -0.3955 0.6827 0.6144
vn -0.1372 -0.7630 0.6317
vn -0.2481 0.9664 -0.0677
vn -0.2783 0.9578 -0.0712
vn -0.0503 -0.9987 -0.0037
vn -0.0088 -1.0000 -0.0022
vn -0.0212 -0.9998 -0.0060
vn -0.0719 -0.9700 -0.2324
vn -0.4132 0.5590 -0.7189
vn -0.6311 0.7042 -0.3253
vn -0.3479 -0.6554 -0.6704
vn -0.5230 0.5731 0.6309
vn -0.5584 -0.5230 0.6439
vn -0.7323 0.6809 -0.0123
vn -0.7226 0.6588 -0.2094
vn -0.7274 -0.6823 0.0732
vn -0.7479 -0.6609 -0.0625
vn -0.7164 -0.6592 -0.2286
vn -0.6336 -0.6908 -0.3483
vn -0.6127 -0.7870 0.0726
vn -0.6164 -0.7265 -0.3036
vn -0.7113 -0.5545 0.4320
vn -0.6713 0.4442 -0.5934
vn -0.6528 0.6638 -0.3650
vn -0.7063 0.1048 0.7001
vn -0.7218 -0.1252 0.6806
vn -0.7223 0.4933 0.4847
vn -0.7205 0.3331 0.6082
vn -0.7125 -0.3125 0.6282
vn -0.6581 0.2433 -0.7125
vn -0.6717 -0.4678 -0.5745
vn -0.6615 0.0769 -0.7460
vn -0.6793 -0.1438 -0.7196
vn -0.6235 -0.3264 -0.7104
vn -0.6517 0.7569 -0.0489
vn -0.7202 0.6487 0.2460
vn -0.9737 -0.2064 -0.0970
vn -0.9717 -0.1979 -0.1288
vn -0.9900 -0.1413 0.0033
vn -0.9722 0.1175 -0.2026
vn -0.9744 0.1796 -0.1351
vn -0.9954 0.0061 0.0954
vn -0.9934 -0.0423 0.1066
vn -0.9928 0.0988 0.0676
vn -0.9934 0.0685 0.0919
vn -0.9938 -0.0487 0.0998
vn -0.9673 0.0434 -0.2500
vn -0.9661 -0.1349 -0.2203
vn -0.9660 0.0211 -0.2579
vn -0.9661 -0.0962 -0.2395
vn -0.9603 -0.1327 -0.2453
vn -0.9753 0.1914 -0.1099
vn -0.9859 0.1637 -0.0336
vn -0.9568 -0.2791 -0.0820
vn -0.9506 -0.2721 -0.1492
vn -0.9841 -0.1735 0.0384
vn -0.9615 0.1455 -0.2333
vn -0.9584 0.2365 -0.1600
vn -0.9898 0.0164 0.1417
vn -0.9885 -0.0468 0.1440
vn -0.9875 0.1268 0.0935
vn -0.9881 0.0879 0.1261
vn -0.9888 -0.0652 0.1346
vn -0.9578 0.0583 -0.2815
vn -0.9562 -0.1589 -0.2459
vn -0.9576 0.0257 -0.2868
vn -0.9591 -0.0964 -0.2663
vn -0.9479 -0.1462 -0.2829
vn -0.9589 0.2616 -0.1101
vn -0.9782 0.2073 -0.0116
vn -0.9960 -0.0192 -0.0872
vn -0.6809 0.6588 0.3199
vn -0.6837 0.4963 0.5351
vn -0.7171 -0.4688 0.5158
vn -0.7061 -0.6436 0.2953
vn -0.7248 -0.2735 0.6323
vn -0.7272 0.3044 0.6153
vn -0.6340 0.6509 -0.4176
vn -0.6661 0.7447 -0.0408
vn -0.6247 -0.2755 -0.7306
vn -0.6233 0.0431 -0.7808
vn -0.7201 0.1307 0.6815
vn -0.7308 -0.0452 0.6811
vn -0.6318 -0.6895 -0.3542
vn -0.6339 -0.4957 -0.5937
vn -0.6512 -0.7583 -0.0294
vn -0.6488 0.4006 -0.6470
vn -0.9922 0.1240 0.0134
vn -0.9923 0.1190 0.0337
vn -0.9959 -0.0883 0.0216
vn -0.9889 -0.1376 -0.0559
vn -0.9980 -0.0414 0.0482
vn -0.9954 0.0798 0.0530
vn -0.9746 0.1408 -0.1742
vn -0.9864 0.1354 -0.0935
vn -0.9609 -0.1008 -0.2577
vn -0.9645 -0.0386 -0.2614
vn -0.9970 0.0347 0.0694
vn -0.9978 0.0124 0.0656
vn -0.9704 -0.1598 -0.1810
vn -0.9628 -0.1358 -0.2338
vn -0.9757 -0.1733 -0.1345
vn -0.9733 0.0807 -0.2146
vn -0.9841 0.1740 0.0357
vn -0.9875 0.1437 0.0655
vn -0.9927 -0.1106 0.0481
vn -0.9834 -0.1781 -0.0358
vn -0.9953 -0.0535 0.0811
vn -0.9928 0.0928 0.0762
vn -0.9613 0.1929 -0.1966
vn -0.9750 0.1989 -0.0993
vn -0.9472 -0.1134 -0.3000
vn -0.9476 -0.0277 -0.3182
vn -0.9945 0.0393 0.0975
vn -0.9953 0.0086 0.0967
vn -0.9562 -0.2138 -0.2000
vn -0.9504 -0.1646 -0.2641
vn -0.9657 -0.2264 -0.1272
vn -0.9594 0.1081 -0.2606
vn -0.9943 -0.0104 -0.1063
vn 0.0148 -0.7248 -0.6888
vn -0.0809 -0.9966 -0.0160
vn -0.6382 -0.4281 -0.6398
vn -0.3613 -0.6574 -0.6613
vn 0.1056 -0.7292 -0.6761
vn 0.2761 -0.6860 -0.6731
vn 0.5357 -0.5280 -0.6590
vn 0.6751 -0.3298 -0.6599
vn 0.3808 -0.6154 -0.6901
vn -0.1058 -0.7405 -0.6636
vn 0.6968 -0.2000 -0.6888
vn 0.7454 -0.2345 -0.6241
vn -0.6908 -0.2713 -0.6703
vn -0.8139 -0.2136 -0.5403
vn -0.9593 -0.1545 -0.2362
vn -0.9736 -0.1647 -0.1581
vn -0.4488 -0.2162 -0.8671
vn -0.2807 -0.2417 -0.9289
vn -0.2014 -0.2335 -0.9513
vn -0.1721 -0.3520 -0.9201
vn -0.9911 -0.0950 -0.0929
vn -0.0392 -0.7326 -0.6795
vn 0.1683 -0.7179 -0.6755
vn -0.7140 -0.0538 -0.6980
vn -0.7102 -0.1900 -0.6779
vn 0.3962 -0.6281 -0.6697
vn 0.6252 -0.4186 -0.6587
vn 0.7061 -0.0971 -0.7014
vn -0.7010 -0.0336 -0.7123
vn -0.2448 -0.9330 -0.2639
vn -0.5843 -0.4882 -0.6483
vn -0.2791 -0.6916 -0.6662
vn 0.0212 -0.7092 -0.7047
vn 0.0295 -0.9996 -0.0038
vn -0.0239 -0.9997 0.0035
vn 0.0646 -0.9978 -0.0175
vn 0.0001 -1.0000 -0.0000
vn 0.4505 -0.6362 -0.6263
vn 0.7348 -0.3432 -0.5850
vn 0.8336 -0.0126 -0.5522
vn 0.7088 -0.2467 0.6609
vn 0.7027 -0.7040 0.1027
vn 0.7969 -0.6024 -0.0447
vn 0.7849 -0.6156 -0.0705
vn 0.3892 0.7139 -0.5821
vn 0.5681 0.6785 -0.4657
vn 0.7038 0.1450 -0.6954
vn 0.5712 0.5496 -0.6097
vn 0.8087 0.5863 -0.0481
vn 0.8524 0.5217 -0.0360
vn 0.7245 -0.6320 -0.2753
vn 0.4485 0.7970 0.4045
vn 0.4974 0.4207 0.7587
vn 0.4375 -0.6702 -0.5995
vn 0.5824 0.8047 -0.1153
vn 0.3437 0.0666 -0.9367
vn 0.8562 0.5166 -0.0022
vn 0.6487 0.7495 -0.1318
vn 0.9733 0.1904 -0.1284
vn 0.9887 -0.0445 -0.1434
vn 0.8809 -0.4198 -0.2186
vn 0.6618 -0.7122 -0.2340
vn 0.1654 -0.4642 -0.8701
vn 0.6289 0.7388 -0.2424
vn 0.7408 0.6354 -0.2180
vn 0.4611 0.8871 0.0222
vn 0.7055 0.7059 -0.0629
vn 0.6448 -0.6696 -0.3687
vn 0.7776 -0.5761 -0.2519
vn 0.6713 -0.7392 -0.0544
vn 0.6718 -0.7400 -0.0345
vn 0.9303 -0.1901 -0.3136
vn 0.7228 -0.0021 -0.6910
vn 0.7181 0.0026 0.6959
vn 0.7246 0.0026 0.6892
vn 0.7173 -0.0021 -0.6967
vn 0.7149 0.6986 -0.0304
vn 0.8987 0.2908 -0.3283
vn 0.9098 0.3537 0.2173
vn 0.5379 0.7773 0.3264
vn 0.9982 0.0043 0.0605
vn 0.9994 -0.0205 0.0289
vn 0.9820 -0.1420 0.1242
vn 0.8256 -0.5449 0.1462
vn 0.5023 0.8615 0.0738
vn 0.4285 0.8844 0.1850
vn 0.5400 0.8412 0.0282
vn 0.5703 0.8206 -0.0372
vn 0.4995 -0.8446 0.1925
vn 0.4876 -0.8731 0.0002
vn 0.5622 -0.8261 -0.0381
vn 0.5427 -0.8395 -0.0283
vn 0.4257 -0.6654 -0.6132
vn 0.4077 0.6647 -0.6260
vn 0.6865 0.2322 -0.6890
vn 0.7139 -0.0021 -0.7002
vn 0.5387 0.8417 -0.0353
vn 0.7646 0.0027 0.6445
vn 0.6983 -0.1873 -0.6909
vn 0.7255 0.0372 -0.6873
vn 0.5841 0.2859 -0.7596
vn 0.6771 0.1374 -0.7229
vn 0.6974 -0.0256 -0.7162
vn 0.6550 -0.1942 -0.7303
vn 0.8215 -0.2648 -0.5050
vn 0.8475 -0.0370 -0.5295
vn 0.8625 0.1758 -0.4745
vn 0.8152 0.3787 -0.4383
vn 0.9629 -0.2651 -0.0504
vn 0.9689 -0.2422 -0.0507
vn 0.9583 0.2815 -0.0501
vn 0.9487 0.3124 -0.0496
vn 0.9975 0.0475 -0.0522
vn 0.9543 -0.1983 -0.2238
vn 0.9496 0.2778 -0.1453
vn 0.9836 0.0320 -0.1773
vn 0.7027 -0.0134 -0.7114
vn 0.6844 0.0098 -0.7290
vn 0.7455 0.0106 0.6664
vn 0.6998 -0.0218 0.7140
vn 0.6925 0.0414 0.7203
vn 0.6957 0.0332 -0.7176
vn 0.6925 0.0414 0.7202
vn 0.7109 0.0122 -0.7032
vn 0.6806 0.0241 -0.7322
vn 0.7420 0.0262 0.6699
vn 0.7082 0.0036 0.7060
vn 0.6909 0.0455 0.7215
vn 0.6941 0.0373 -0.7189
vn 0.6910 0.0455 0.7214
vn 0.6941 0.0373 -0.7190
vn -0.0116 0.9990 0.0426
vn 0.0677 0.9951 0.0726
vn 0.2840 0.9581 0.0362
vn -0.0426 0.9989 0.0192
vn 0.6930 0.7196 0.0441
vn 0.8389 0.5443 0.0066
vn 0.9969 0.0692 0.0367
vn 0.9999 -0.0081 0.0100
vn 0.9238 -0.3829 -0.0071
vn 0.8973 -0.4377 0.0581
vn 0.7863 -0.6176 -0.0146
vn 0.7695 -0.6383 -0.0226
vn 0.7871 -0.6160 -0.0323
vn 0.7604 -0.6495 -0.0023
vn -0.0332 0.9994 0.0000
vn 0.3327 0.9430 0.0000
vn 0.8506 0.5258 0.0000
vn 0.9946 0.1039 0.0000
vn 0.9007 -0.4344 -0.0000
vn 0.7144 -0.6997 -0.0000
vn 0.8084 -0.5886 -0.0000
vn 0.2840 0.9581 -0.0362
vn 0.0677 0.9951 -0.0726
vn -0.0116 0.9990 -0.0426
vn -0.0426 0.9989 -0.0192
vn 0.8388 0.5443 -0.0066
vn 0.6930 0.7196 -0.0441
vn 0.9999 -0.0081 -0.0100
vn 0.9969 0.0692 -0.0367
vn 0.8973 -0.4377 -0.0581
vn 0.9238 -0.3829 0.0071
vn 0.7695 -0.6383 0.0226
vn 0.7863 -0.6176 0.0146
vn 0.7604 -0.6495 0.0023
vn 0.7871 -0.6160 0.0323
vn -0.0106 0.9999 0.0000
vn -0.4467 0.8947 0.0000
vn -0.4368 0.8996 0.0000
vn 0.0116 0.9999 0.0000
vn -0.0000 0.0000 -1.0000
vn 0.0000 -0.0000 1.0000
vn 0.2310 -0.9725 -0.0285
vn 0.1281 -0.9911 -0.0363
vn 0.1092 -0.9908 -0.0801
vn 0.2263 -0.9675 -0.1131
vn 0.0926 -0.9898 -0.1078
vn 0.1265 -0.9572 -0.2605
vn 0.0496 -0.9528 -0.2995
vn 0.0608 -0.9858 -0.1568
vn 0.0288 -0.7898 -0.6127
vn 0.0814 -0.7933 -0.6034
vn 0.2372 -0.9092 -0.3423
vn 0.1145 -0.7069 -0.6980
vn 0.2993 -0.9497 -0.0925
vn 0.0225 -0.6251 -0.7802
vn 0.0381 -0.5945 -0.8032
vn -0.0529 -0.5213 -0.8517
vn 0.2210 -0.9558 -0.1937
vn 0.2873 -0.9549 -0.0744
vn 0.0604 -0.5802 -0.8123
vn 0.2081 -0.6427 -0.7373
vn 0.2844 -0.7669 -0.5753
vn 0.3168 -0.7911 -0.5233
vn 0.0114 -0.9861 -0.1656
vn 0.0088 -0.9453 -0.3262
vn 0.0120 -0.8090 -0.5877
vn 0.0197 -0.7094 -0.7045
vn -0.0021 -0.9943 -0.1066
vn -0.0019 -0.9742 -0.2257
vn -0.0010 -0.9966 -0.0818
vn -0.0088 -0.9961 -0.0876
vn -0.0018 -0.9993 -0.0373
vn -0.0009 -0.9993 -0.0381
vn -0.0245 -0.9712 -0.2368
vn -0.0277 -0.9954 -0.0919
vn -0.0001 -0.8485 -0.5293
vn -0.0142 -0.8485 -0.5290
vn -0.0238 -0.9989 -0.0409
vn -0.1072 -0.9909 -0.0808
vn -0.1224 -0.9705 -0.2076
vn -0.0654 -0.8652 -0.4971
vn -0.1224 -0.9919 -0.0354
vn -0.2922 -0.9559 -0.0281
vn -0.2704 -0.9597 -0.0766
vn -0.3065 -0.9300 -0.2027
vn -0.1759 -0.8197 -0.5451
vn -0.2900 -0.9089 -0.2997
vn -0.3787 -0.9170 -0.1253
vn -0.2001 -0.6133 -0.7641
vn -0.2440 -0.7846 -0.5700
vn -0.0843 -0.6010 -0.7948
vn -0.0475 -0.7132 -0.6994
vn -0.0587 -0.4597 -0.8861
vn -0.0093 -0.7296 -0.6838
vn 0.0029 -0.7241 -0.6896
vn -0.3848 -0.9227 -0.0252
vn -0.3716 -0.9261 -0.0650
vn -0.1378 -0.4887 -0.8615
vn -0.2207 -0.6176 -0.7549
vn -0.0254 -0.3867 -0.9219
vn -0.1837 -0.5290 -0.8285
vn -0.1044 -0.4277 -0.8979
vn -0.0146 -0.3333 -0.9427
vn -0.1695 -0.5052 -0.8462
vn -0.1237 -0.4306 -0.8940
vn -0.0008 -0.3076 -0.9515
vn -0.0016 -1.0000 -0.0000
vn -0.0056 -1.0000 -0.0000
vn -0.0276 -0.9996 -0.0000
vn -0.1217 -0.9926 -0.0000
vn -0.2934 -0.9560 0.0000
vn -0.3868 -0.9222 0.0000
vn 0.3090 -0.9507 -0.0263
vn 0.2871 -0.9575 -0.0273
vn 0.2316 -0.9728 -0.0000
vn 0.1277 -0.9918 -0.0000
vn 0.3112 -0.9504 -0.0000
vn 0.2893 -0.9572 -0.0000
vn 0.1122 -0.4514 -0.8853
vn 0.1469 -0.4945 -0.8567
vn 0.2027 -0.5654 -0.7995
vn 0.2440 -0.6102 -0.7538
vn 0.2310 -0.9725 0.0285
vn 0.2263 -0.9675 0.1130
vn 0.1092 -0.9908 0.0801
vn 0.1281 -0.9911 0.0363
vn 0.0926 -0.9898 0.1078
vn 0.1265 -0.9572 0.2605
vn 0.0496 -0.9528 0.2995
vn 0.0608 -0.9858 0.1568
vn 0.0288 -0.7898 0.6127
vn 0.0814 -0.7933 0.6034
vn 0.2372 -0.9092 0.3423
vn 0.1145 -0.7069 0.6980
vn 0.2993 -0.9497 0.0925
vn 0.0381 -0.5945 0.8032
vn 0.0225 -0.6251 0.7802
vn -0.0529 -0.5213 0.8517
vn 0.2210 -0.9558 0.1937
vn 0.2874 -0.9549 0.0744
vn 0.2081 -0.6427 0.7373
vn 0.0604 -0.5802 0.8123
vn 0.2844 -0.7669 0.5753
vn 0.3168 -0.7911 0.5233
vn 0.0088 -0.9453 0.3262
vn 0.0114 -0.9861 0.1656
vn 0.0120 -0.8090 0.5877
vn 0.0197 -0.7094 0.7045
vn -0.0021 -0.9943 0.1066
vn -0.0019 -0.9742 0.2257
vn -0.0010 -0.9966 0.0818
vn -0.0088 -0.9961 0.0876
vn -0.0018 -0.9993 0.0373
vn -0.0009 -0.9993 0.0381
vn -0.0245 -0.9712 0.2368
vn -0.0277 -0.9954 0.0919
vn -0.0001 -0.8485 0.5293
vn -0.0142 -0.8485 0.5290
vn -0.0238 -0.9989 0.0409
vn -0.1224 -0.9705 0.2076
vn -0.1072 -0.9909 0.0808
vn -0.0654 -0.8652 0.4971
vn -0.1224 -0.9919 0.0354
vn -0.2704 -0.9597 0.0766
vn -0.2922 -0.9559 0.0281
vn -0.3065 -0.9300 0.2027
vn -0.1759 -0.8197 0.5451
vn -0.2900 -0.9089 0.2997
vn -0.3787 -0.9170 0.1253
vn -0.2001 -0.6133 0.7641
vn -0.2440 -0.7846 0.5700
vn -0.0843 -0.6010 0.7948
vn -0.0475 -0.7132 0.6994
vn -0.0587 -0.4597 0.8861
vn -0.0093 -0.7296 0.6838
vn 0.0029 -0.7241 0.6896
vn -0.3716 -0.9261 0.0650
vn -0.3848 -0.9227 0.0252
vn -0.1378 -0.4887 0.8615
vn -0.2207 -0.6176 0.7549
vn -0.0254 -0.3867 0.9219
vn -0.1044 -0.4277 0.8979
vn -0.1837 -0.5290 0.8285
vn -0.0146 -0.3333 0.9427
vn -0.1237 -0.4306 0.8940
vn -0.1695 -0.5052 0.8462
vn -0.0008 -0.3076 0.9515
vn 0.3090 -0.9507 0.0263
vn 0.2871 -0.9575 0.0273
vn 0.1469 -0.4945 0.8567
vn 0.1122 -0.4514 0.8853
vn 0.2027 -0.5654 0.7995
vn 0.2440 -0.6102 0.7538
vn 0.8981 0.4110 0.1567
vn 0.8720 0.4846 0.0694
vn 0.7874 0.6126 0.0689
vn 0.9930 -0.0328 0.1135
vn 0.8674 0.4947 0.0531
vn 0.6813 0.7278 0.0785
vn 0.7690 -0.3241 0.5510
vn 0.4810 0.2246 0.8474
vn 0.8516 0.4893 0.1882
vn 0.4923 -0.8215 0.2877
vn 0.8790 0.4754 0.0369
vn 0.8720 0.4857 0.0610
vn 0.8853 0.4649 0.0136
vn 0.6650 0.6211 0.4148
vn 0.8197 0.5466 0.1712
vn -0.2622 0.4621 0.8472
vn 0.8989 0.4329 -0.0683
vn 0.8635 0.5007 -0.0601
vn 0.8621 0.4978 -0.0946
vn 0.9102 0.2378 -0.3390
vn 0.8615 0.4964 -0.1066
vn 0.6871 0.4300 -0.5857
vn 0.7458 -0.6521 -0.1360
vn 0.9619 0.2668 -0.0590
vn 0.7667 0.5974 -0.2353
vn 0.4785 0.6440 -0.5970
vn 0.9370 0.3492 0.0129
vn 0.8931 0.4450 -0.0653
vn -0.7387 -0.5500 0.3896
vn -0.4533 -0.7054 0.5450
vn -0.3746 -0.8355 0.4019
vn -0.7683 -0.6027 0.2158
vn -0.4430 -0.4761 0.7597
vn -0.5931 -0.5708 0.5678
vn -0.7759 -0.4372 0.4548
vn -0.9005 -0.2943 0.3203
vn -0.8099 -0.4817 0.3349
vn -0.7178 -0.5118 0.4720
vn -0.8131 -0.4979 0.3015
vn -0.3572 -0.7581 0.5456
vn -0.5121 -0.8225 0.2475
vn -0.8673 -0.4219 0.2641
vn -0.8663 -0.3973 0.3029
vn -0.5540 -0.6906 -0.4649
vn -0.7272 -0.5500 -0.4108
vn -0.5736 -0.5798 -0.5787
vn -0.6336 -0.6995 -0.3306
vn -0.7232 -0.6327 -0.2770
vn -0.1883 -0.9289 -0.3189
vn -0.2442 -0.1660 -0.9554
vn -0.5774 0.1414 -0.8042
vn -0.7828 -0.4754 -0.4014
vn -0.8270 -0.4188 -0.3752
vn -0.7841 -0.4391 -0.4387
vn -0.7198 -0.5211 -0.4586
vn -0.0269 -0.7645 -0.6441
vn -0.6116 -0.7666 -0.1956
vn -0.8704 -0.4318 -0.2367
vn -0.8718 -0.4103 -0.2675
vn -0.8865 -0.2010 -0.4168
vn -0.8823 -0.3930 -0.2591
vn -0.7760 0.5780 -0.2525
vn -0.9670 -0.1224 -0.2236
vn -0.3201 0.9424 -0.0973
vn -0.6103 0.7794 -0.1416
vn 0.3862 0.9165 -0.1042
vn -0.1170 0.9793 -0.1654
vn 0.8518 0.5174 -0.0817
vn 0.5907 0.8038 -0.0710
vn -0.0722 0.9956 -0.0598
vn 0.6122 0.7857 -0.0883
vn -0.1237 0.9922 -0.0129
vn 0.5743 0.8187 -0.0012
vn 0.8646 0.5023 -0.0118
vn 0.8805 0.4738 -0.0140
vn 0.8863 0.4630 -0.0063
vn 0.9867 0.1565 -0.0429
vn 0.9793 0.2025 0.0003
vn 0.7952 -0.5918 -0.1321
vn 0.8286 -0.5576 0.0511
vn 0.9125 -0.3340 0.2361
vn 0.9651 -0.0076 0.2617
vn 0.4576 -0.8884 0.0365
vn 0.4706 -0.8427 0.2616
vn 0.3920 -0.7317 0.5577
vn -0.2579 -0.7712 0.5820
vn 0.8962 -0.1729 0.4086
vn 0.2536 -0.9555 0.1507
vn -0.4767 -0.8765 0.0673
vn -0.8618 -0.5046 0.0519
vn -0.8772 -0.4800 0.0071
vn -0.8751 -0.4787 -0.0711
vn -0.8081 0.1401 -0.5721
vn 0.0144 0.7691 -0.6389
vn 0.6575 0.6820 -0.3203
vn 0.9173 0.3950 -0.0504
vn 0.4104 -0.9110 0.0408
vn -0.2732 -0.9556 -0.1107
vn 0.4325 -0.8949 -0.1102
vn 0.0076 -0.9800 0.1989
vn -0.6140 -0.7097 0.3454
vn -0.7798 -0.6109 -0.1367
vn -0.8429 -0.5282 -0.1025
vn -0.8476 -0.5243 -0.0820
vn -0.8871 -0.4565 -0.0683
vn -0.8483 0.4510 0.2774
vn -0.9554 0.2896 -0.0582
vn -0.8907 0.1900 -0.4129
vn -0.4716 0.8817 -0.0106
vn -0.5716 0.8134 -0.1078
vn -0.4455 0.8952 -0.0090
vn -0.4387 0.8966 -0.0599
vn -0.4570 0.8881 0.0497
vn -0.4410 0.8962 0.0477
vn 0.0023 0.9977 0.0682
vn -0.1357 0.9887 0.0643
vn 0.5638 0.8213 0.0869
vn -0.5086 0.8496 0.1394
vn 0.2519 0.9580 0.1367
vn -0.7121 0.6715 0.2050
vn -0.9671 0.0866 0.2393
vn -0.9127 -0.0590 0.4044
vn -0.8883 -0.3467 0.3012
vn -0.1004 -0.9947 -0.0227
vn 0.4493 -0.8840 -0.1293
vn 0.3358 -0.8746 -0.3498
vn 0.1384 -0.8381 -0.5277
vn -0.6105 -0.7900 -0.0573
vn -0.6911 -0.6357 -0.3439
vn -0.8713 -0.4890 -0.0407
vn -0.8783 -0.4781 -0.0065
vn -0.8890 -0.4565 0.0368
vn -0.8396 0.2335 0.4904
vn 0.1943 0.8125 0.5496
vn 0.7331 0.6280 0.2613
vn 0.9722 0.1868 -0.1413
vn 0.9163 0.3991 0.0343
vn 0.9583 0.2827 -0.0431
vn 0.4560 -0.6092 -0.6488
vn 0.9394 -0.1504 -0.3081
vn 0.8663 -0.3782 -0.3263
vn -0.9146 0.3910 -0.1027
vn -0.8819 0.4463 0.1519
vn -0.7262 -0.6860 -0.0446
vn -0.5669 -0.8217 0.0589
vn 0.4140 -0.8917 -0.1829
vn 0.4991 -0.8567 0.1301
vn -0.7370 -0.6671 0.1085
vn -0.8502 0.3865 -0.3573
vn 0.3718 -0.8226 0.4302
vn 0.3136 -0.6547 0.6877
vn -0.7125 -0.6641 0.2263
vn 0.9940 0.0968 0.0506
vn 0.9780 0.1146 0.1745
vn 0.9435 0.1824 0.2765
vn 0.8963 0.2741 0.3485
vn 0.1940 -0.4370 0.8783
vn 0.2455 0.9125 -0.3272
vn 0.3041 0.7960 -0.5233
vn 0.3924 0.6295 -0.6706
vn 0.5036 0.4339 -0.7471
vn 0.8398 0.3754 0.3923
vn -0.7955 0.2366 -0.5579
vn -0.6969 0.0603 -0.7146
vn -0.5854 -0.1498 -0.7968
vn -0.4636 -0.3737 -0.8034
vn 0.6167 0.2218 -0.7553
vn -0.7564 -0.5885 0.2855
vn -0.8003 -0.5044 0.3241
vn -0.8494 -0.4132 0.3281
vn -0.8973 -0.3298 0.2935
vn -0.3463 -0.5877 -0.7312
vn 0.0548 -0.1787 0.9824
vn -0.0961 0.0955 0.9908
vn -0.2459 0.3565 0.9014
vn -0.3602 0.5870 0.7251
vn -0.9374 -0.2497 0.2427
vn 0.7799 0.4837 0.3973
vn 0.7147 0.5916 0.3731
vn 0.6716 0.6812 0.2914
vn 0.6400 0.7450 0.1879
vn -0.4543 0.7526 0.4767
vn 0.7318 0.0281 -0.6809
vn 0.8179 -0.1512 -0.5551
vn 0.8878 -0.2801 -0.3652
vn 0.9282 -0.3450 -0.1396
vn 0.6174 0.7833 0.0724
vn -0.2517 -0.7702 -0.5861
vn -0.1697 -0.9067 -0.3861
vn -0.1329 -0.9799 -0.1487
vn -0.1302 -0.9860 0.1046
vn 0.9301 -0.3533 0.1005
vn -0.9672 -0.2016 0.1549
vn -0.9841 -0.1674 0.0598
vn -0.9856 -0.1632 -0.0439
vn -0.9714 -0.1901 -0.1421
vn -0.1714 -0.9216 0.3482
vn -0.5031 0.8446 0.1832
vn -0.5084 0.8513 -0.1295
vn -0.4655 0.7733 -0.4305
vn -0.3783 0.6196 -0.6877
vn -0.9438 -0.2380 -0.2295
vn 0.6139 0.7877 -0.0517
vn 0.6238 0.7615 -0.1760
vn 0.6645 0.6942 -0.2766
vn 0.7166 0.6046 -0.3477
vn -0.2618 0.4002 -0.8783
vn 0.8989 -0.2906 0.3280
vn 0.8334 -0.1770 0.5235
vn 0.7414 -0.0115 0.6710
vn 0.6376 0.1889 0.7469
vn 0.7703 0.5024 -0.3927
vn -0.2363 -0.7961 0.5571
vn -0.3265 -0.6184 0.7148
vn -0.4434 -0.4115 0.7963
vn -0.5734 -0.1939 0.7960
vn 0.5167 0.3965 0.7588
vn -0.9045 -0.3167 -0.2858
vn -0.8569 -0.3984 -0.3272
vn -0.8071 -0.4896 -0.3301
vn -0.7591 -0.5770 -0.3014
vn -0.6869 0.0213 0.7264
vn -0.1193 0.1436 -0.9824
vn 0.0272 -0.1333 -0.9907
vn 0.1689 -0.3986 -0.9014
vn 0.2987 -0.6205 -0.7251
vn -0.7179 -0.6525 -0.2424
vn 0.8290 0.3933 -0.3975
vn 0.8845 0.2801 -0.3732
vn 0.9365 0.1960 -0.2909
vn 0.9730 0.1336 -0.1882
vn 0.3845 -0.7906 -0.4766
vn 0.4154 0.5995 0.6841
vn 0.3157 0.7697 0.5549
vn 0.2459 0.8981 0.3647
vn 0.2132 0.9669 0.1398
vn 0.9928 0.0959 -0.0721
vn -0.7836 0.2064 0.5859
vn -0.8527 0.3509 0.3870
vn -0.6943 -0.7034 -0.1522
vn 0.2181 0.9708 -0.0995
vn -0.5426 0.8169 0.1956
vn -0.5423 0.8167 0.1970
vn -0.4547 0.6529 0.6058
vn -0.4603 0.6617 0.5919
vn -0.5399 0.8089 -0.2326
vn -0.5372 0.8069 -0.2455
vn -0.4515 0.6420 -0.6197
vn -0.4432 0.6314 -0.6363
vn -0.4425 0.6371 -0.6311
vn -0.5365 0.8087 -0.2413
vn -0.5421 0.8174 0.1947
vn -0.5356 0.8074 -0.2472
vn -0.5405 0.8155 0.2070
vn -0.4454 0.6451 0.6209
vn -0.4559 0.6596 0.5975
vn -0.2663 0.3214 0.9087
vn -0.2958 0.3649 0.8828
vn -0.2929 0.3512 0.8893
vn -0.3049 0.3721 0.8767
vn -0.0858 -0.0278 0.9959
vn -0.0820 -0.0412 0.9958
vn -0.0988 -0.0140 0.9950
vn 0.1270 -0.4297 0.8940
vn 0.1186 -0.4212 0.8992
vn 0.2920 -0.7303 0.6176
vn 0.2908 -0.7316 0.6166
vn 0.3838 -0.8971 0.2191
vn 0.3830 -0.8969 0.2212
vn 0.3841 -0.8982 -0.2136
vn 0.3834 -0.8988 -0.2126
vn 0.2959 -0.7366 -0.6081
vn 0.2942 -0.7370 -0.6085
vn 0.1330 -0.4402 -0.8880
vn 0.1330 -0.4450 -0.8856
vn -0.0732 -0.0648 -0.9952
vn -0.0849 -0.0564 -0.9948
vn -0.2770 0.3208 -0.9058
vn -0.2930 0.3461 -0.8913
vn -0.0732 -0.0491 -0.9961
vn -0.2788 0.3340 -0.9004
vn -0.0405 -0.1040 -0.9938
vn -0.2493 0.2893 -0.9242
vn -0.4316 0.6210 -0.6543
vn 0.1307 -0.4274 -0.8946
vn 0.1530 -0.4636 -0.8727
vn 0.2933 -0.7282 -0.6194
vn 0.3012 -0.7421 -0.5988
vn 0.3848 -0.8964 -0.2200
vn 0.3854 -0.8966 -0.2180
vn 0.3850 -0.8973 0.2160
vn 0.3868 -0.8996 0.2026
vn 0.2942 -0.7299 0.6170
vn 0.3046 -0.7470 0.5910
vn 0.1288 -0.4242 0.8964
vn 0.1532 -0.4648 0.8721
vn -0.0489 -0.0880 0.9949
vn -0.8130 0.4493 0.3703
vn -0.8538 0.3763 0.3597
vn -0.8630 0.0292 0.5043
vn -0.8779 0.0135 0.4786
vn -0.7835 0.5161 0.3460
vn -0.7511 0.1241 0.6484
vn -0.6595 0.5516 0.5107
vn -0.5305 0.3928 0.7512
vn -0.6559 0.6755 0.3369
vn -0.5041 0.5586 0.6587
vn -0.8749 0.0145 0.4841
vn -0.7717 0.5014 0.3913
vn -0.8242 0.0571 0.5634
vn -0.4849 0.0217 0.8743
vn -0.5960 0.2649 0.7580
vn -0.7272 0.4903 0.4804
vn -0.8177 -0.0081 0.5756
vn -0.5077 -0.0675 0.8589
vn -0.5949 0.8012 0.0643
vn -0.6557 0.7365 0.1664
vn -0.4978 0.8103 0.3091
vn -0.3944 0.8000 0.4521
vn -0.0774 0.8850 0.4592
vn -0.0220 0.7228 0.6907
vn -0.5384 0.8423 0.0272
vn -0.1740 0.9582 -0.2272
vn -0.6630 0.7485 0.0090
vn -0.3169 0.8169 -0.4819
vn -0.5143 0.8576 -0.0041
vn -0.4241 0.8932 0.1496
vn -0.3490 0.8558 0.3818
vn -0.1658 0.8612 0.4804
vn -0.2307 0.5410 0.8088
vn -0.0626 0.4491 0.8913
vn -0.1509 0.0955 0.9839
vn -0.1141 -0.0794 0.9903
vn -0.1909 0.9100 0.3680
vn 0.0987 0.7353 0.6705
vn 0.2477 0.8766 0.4125
vn 0.2581 0.5771 -0.7748
vn 0.4236 0.8569 -0.2937
vn -0.2621 0.8839 -0.3873
vn 0.3409 0.6512 -0.6780
vn -0.1630 0.9863 -0.0258
vn 0.4066 0.8482 -0.3395
vn -0.5838 -0.5019 0.6382
vn -0.2670 -0.5299 0.8050
vn -0.6823 -0.5256 0.5081
vn -0.6462 -0.5774 0.4990
vn -0.6591 -0.5024 0.5596
vn 0.0059 0.0856 0.9963
vn 0.0148 -0.0811 0.9966
vn 0.5022 0.8579 0.1090
vn 0.6331 0.3904 0.6684
vn 0.5206 0.4569 0.7213
vn 0.9289 0.3424 0.1412
vn 0.5787 0.1223 -0.8064
vn 0.7920 0.1513 -0.5914
vn 0.7674 0.3380 -0.5448
vn 0.7998 0.0040 -0.6003
vn 0.8597 -0.0832 -0.5040
vn 0.9676 0.0546 -0.2464
vn -0.1522 -0.9411 0.3021
vn -0.0689 -0.9590 0.2748
vn -0.1147 -0.9360 0.3327
vn -0.0867 -0.9155 0.3928
vn -0.0704 -0.5378 0.8401
vn 0.2094 -0.9546 0.2116
vn 0.0182 -0.5666 0.8238
vn 0.2972 -0.9535 0.0497
vn 0.5250 -0.8491 -0.0588
vn 0.6029 -0.7974 -0.0251
vn 0.6742 0.5364 0.5077
vn 0.8210 -0.0713 0.5664
vn 0.7737 0.1304 0.6200
vn 0.6566 -0.5611 0.5040
vn 0.8214 -0.4352 -0.3686
vn 0.7778 -0.6066 -0.1647
vn 0.8736 -0.2464 -0.4196
vn 0.8576 -0.2933 -0.4225
vn 0.8710 0.0046 -0.4912
vn 0.9071 -0.0369 -0.4193
vn 0.9803 0.1249 0.1533
vn 0.9786 -0.0367 0.2025
vn 0.9401 0.1410 0.3103
vn 0.9897 0.0442 0.1365
vn 0.9777 -0.0468 0.2046
vn 0.9447 -0.0319 -0.3264
vn 0.6885 -0.6573 0.3066
vn 0.8458 -0.0180 -0.5333
vn 0.7780 -0.2993 -0.5524
vn 0.6161 -0.6395 0.4600
vn 0.9734 -0.2162 0.0755
vn -0.0726 -0.9044 0.4204
vn 0.0260 -0.8686 0.4948
vn -0.3714 -0.4540 0.8099
vn 0.0064 -0.8544 0.5196
vn -0.4532 0.3448 0.8220
vn -0.2581 -0.1749 0.9502
vn -0.2270 -0.4017 0.8872
vn -0.0139 -0.8041 0.5943
vn -0.6737 0.6887 0.2680
vn -0.7735 0.5304 0.3470
vn -0.6823 0.7115 0.1681
vn -0.6834 0.6990 0.2104
vn 0.8454 0.2411 -0.4767
vn 0.8790 0.1366 -0.4568
vn 0.9152 0.2035 -0.3478
vn 0.9707 0.0348 -0.2378
vn 0.9224 -0.0333 -0.3849
vn 0.9652 0.1154 -0.2347
vn 0.9310 0.0384 -0.3629
vn 0.9532 0.0569 -0.2969
vn 0.9298 -0.1503 -0.3359
vn 0.9012 0.0026 -0.4333
vn 0.8895 -0.0133 -0.4567
vn 0.9083 0.0077 -0.4183
vn 0.9216 -0.1330 -0.3647
vn 0.8536 -0.0605 -0.5175
vn 0.8178 0.0228 -0.5750
vn 0.8321 0.1369 -0.5375
vn 0.8719 -0.1305 -0.4720
vn 0.9116 -0.0028 -0.4110
vn 0.9330 0.0270 -0.3589
vn 0.9092 -0.0066 -0.4163
vn 0.9082 -0.0048 -0.4186
vn 0.9069 0.0230 -0.4208
vn 0.8916 0.0266 -0.4520
vn 0.9053 -0.0094 -0.4246
vn 0.9357 0.0040 -0.3528
vn 0.8583 0.0042 -0.5132
vn 0.8776 0.0095 -0.4792
vn 0.0816 0.8586 0.5061
vn 0.6264 0.6040 0.4928
vn 0.9057 0.0476 0.4211
vn -0.3547 0.9347 0.0219
vn 0.5803 -0.7643 0.2812
vn 0.9722 -0.2340 0.0121
vn 0.9891 -0.1465 0.0169
vn 0.0138 -0.9541 0.2991
vn 0.0058 -0.9719 0.2352
vn -0.7503 -0.4595 0.4754
vn 0.0057 -0.9758 0.2187
vn 0.0504 0.9954 0.0814
vn 0.9944 -0.0994 0.0363
vn 0.8078 0.5861 0.0628
vn -0.5830 0.8125 0.0000
vn -0.6902 0.7236 -0.0000
vn -0.7303 0.6831 -0.0000
vn -0.8369 0.5473 -0.0000
vn -0.7131 0.7011 -0.0000
vn -0.7236 0.6903 -0.0000
vn -0.3218 0.9468 -0.0000
vn 0.6476 -0.7604 0.0492
vn 0.9793 -0.2024 -0.0000
vn 0.9884 -0.1517 -0.0000
vn 0.0205 -0.9985 0.0511
vn 0.0174 -0.9957 0.0913
vn -0.8809 -0.4733 -0.0000
vn -0.0055 -0.9975 0.0705
vn 0.0512 0.9987 -0.0000
vn 0.9953 -0.0965 -0.0000
vn 0.7873 0.6165 -0.0000
vn -0.8130 0.4493 -0.3703
vn -0.8779 0.0135 -0.4786
vn -0.8630 0.0292 -0.5043
vn -0.8538 0.3763 -0.3597
vn -0.7835 0.5161 -0.3460
vn -0.7511 0.1241 -0.6484
vn -0.5305 0.3928 -0.7512
vn -0.6595 0.5516 -0.5107
vn -0.5041 0.5586 -0.6587
vn -0.6559 0.6755 -0.3369
vn -0.7717 0.5014 -0.3913
vn -0.8749 0.0145 -0.4841
vn -0.8242 0.0571 -0.5634
vn -0.7272 0.4903 -0.4804
vn -0.5960 0.2649 -0.7580
vn -0.4849 0.0217 -0.8743
vn -0.8177 -0.0081 -0.5756
vn -0.5077 -0.0675 -0.8589
vn -0.5949 0.8012 -0.0643
vn -0.3944 0.8000 -0.4521
vn -0.4978 0.8103 -0.3091
vn -0.6557 0.7365 -0.1664
vn -0.0220 0.7228 -0.6907
vn -0.0774 0.8850 -0.4592
vn -0.1740 0.9582 0.2272
vn -0.5384 0.8423 -0.0272
vn -0.6630 0.7485 -0.0090
vn -0.3169 0.8169 0.4819
vn -0.5143 0.8576 0.0041
vn -0.4241 0.8932 -0.1496
vn -0.3490 0.8558 -0.3818
vn -0.1658 0.8612 -0.4804
vn -0.0626 0.4491 -0.8913
vn -0.2307 0.5410 -0.8088
vn -0.1509 0.0955 -0.9839
vn -0.1141 -0.0794 -0.9903
vn -0.1909 0.9100 -0.3680
vn 0.0987 0.7353 -0.6705
vn 0.2477 0.8766 -0.4125
vn 0.4236 0.8569 0.2937
vn 0.2581 0.5771 0.7748
vn -0.2621 0.8839 0.3873
vn 0.3409 0.6512 0.6780
vn -0.1630 0.9863 0.0258
vn 0.4066 0.8482 0.3395
vn -0.2670 -0.5299 -0.8050
vn -0.5838 -0.5019 -0.6382
vn -0.6823 -0.5256 -0.5081
vn -0.6462 -0.5774 -0.4990
vn -0.6591 -0.5024 -0.5596
vn 0.0059 0.0856 -0.9963
vn 0.0148 -0.0811 -0.9966
vn 0.5022 0.8579 -0.1090
vn 0.5206 0.4569 -0.7213
vn 0.6331 0.3904 -0.6684
vn 0.9289 0.3424 -0.1412
vn 0.5787 0.1223 0.8064
vn 0.7920 0.1513 0.5914
vn 0.7674 0.3380 0.5448
vn 0.7998 0.0040 0.6003
vn 0.9676 0.0546 0.2464
vn 0.8597 -0.0832 0.5040
vn -0.1522 -0.9411 -0.3021
vn -0.0689 -0.9590 -0.2748
vn -0.1147 -0.9360 -0.3327
vn -0.0867 -0.9155 -0.3928
vn -0.0704 -0.5378 -0.8401
vn 0.0182 -0.5666 -0.8238
vn 0.2094 -0.9546 -0.2116
vn 0.2972 -0.9535 -0.0497
vn 0.5250 -0.8491 0.0588
vn 0.6029 -0.7974 0.0251
vn 0.6742 0.5364 -0.5077
vn 0.7737 0.1304 -0.6200
vn 0.8210 -0.0713 -0.5664
vn 0.6566 -0.5611 -0.5040
vn 0.8214 -0.4352 0.3686
vn 0.7778 -0.6066 0.1647
vn 0.8736 -0.2464 0.4196
vn 0.8576 -0.2933 0.4225
vn 0.8710 0.0046 0.4912
vn 0.9071 -0.0369 0.4193
vn 0.9803 0.1249 -0.1533
vn 0.9786 -0.0367 -0.2025
vn 0.9897 0.0442 -0.1365
vn 0.9401 0.1410 -0.3103
vn 0.9777 -0.0468 -0.2046
vn 0.6885 -0.6573 -0.3066
vn 0.9447 -0.0319 0.3264
vn 0.7780 -0.2993 0.5524
vn 0.8458 -0.0180 0.5333
vn 0.6161 -0.6395 -0.4600
vn 0.9734 -0.2162 -0.0755
vn -0.0726 -0.9044 -0.4204
vn 0.0260 -0.8686 -0.4948
vn 0.0064 -0.8544 -0.5196
vn -0.3714 -0.4540 -0.8099
vn -0.2581 -0.1749 -0.9502
vn -0.4532 0.3448 -0.8220
vn -0.0139 -0.8041 -0.5943
vn -0.2270 -0.4017 -0.8872
vn -0.7735 0.5304 -0.3470
vn -0.6737 0.6887 -0.2680
vn -0.6834 0.6990 -0.2104
vn -0.6823 0.7115 -0.1681
vn 0.8790 0.1366 0.4568
vn 0.8454 0.2411 0.4767
vn 0.9152 0.2035 0.3478
vn 0.9224 -0.0333 0.3849
vn 0.9707 0.0348 0.2378
vn 0.9652 0.1154 0.2347
vn 0.9532 0.0569 0.2969
vn 0.9310 0.0384 0.3629
vn 0.9298 -0.1503 0.3359
vn 0.8895 -0.0133 0.4567
vn 0.9012 0.0026 0.4333
vn 0.9083 0.0077 0.4183
vn 0.9216 -0.1330 0.3647
vn 0.8178 0.0228 0.5750
vn 0.8536 -0.0605 0.5175
vn 0.8719 -0.1305 0.4720
vn 0.8321 0.1369 0.5375
vn 0.9116 -0.0028 0.4110
vn 0.9330 0.0270 0.3589
vn 0.9092 -0.0066 0.4163
vn 0.9082 -0.0048 0.4186
vn 0.9069 0.0230 0.4208
vn 0.8916 0.0266 0.4520
vn 0.9053 -0.0094 0.4246
vn 0.9357 0.0040 0.3528
vn 0.8583 0.0042 0.5132
vn 0.8776 0.0095 0.4792
vn 0.0816 0.8586 -0.5061
vn 0.6264 0.6040 -0.4928
vn 0.9057 0.0476 -0.4211
vn -0.3547 0.9347 -0.0219
vn 0.9722 -0.2340 -0.0121
vn 0.5803 -0.7643 -0.2812
vn 0.9891 -0.1465 -0.0169
vn 0.0138 -0.9541 -0.2991
vn 0.0058 -0.9719 -0.2352
vn 0.0057 -0.9758 -0.2187
vn -0.7503 -0.4595 -0.4754
vn 0.0504 0.9954 -0.0814
vn 0.8078 0.5861 -0.0628
vn 0.9944 -0.0994 -0.0363
vn -0.5830 0.8125 -0.0000
vn 0.6476 -0.7604 -0.0492
vn 0.0205 -0.9985 -0.0511
vn 0.0174 -0.9957 -0.0913
vn -0.0055 -0.9975 -0.0705
vn 0.0922 0.9957 0.0002
vn -0.4032 0.9150 -0.0121
vn -0.4259 0.8637 0.2697
vn 0.0587 0.9179 0.3924
vn 0.0444 0.5711 0.8197
vn -0.3737 0.7554 0.5382
vn -0.2569 0.9608 -0.1045
vn -0.0764 0.9971 0.0013
vn 0.0661 0.7175 0.6934
vn -0.1830 0.9030 0.3888
vn -0.8613 0.5078 0.0174
vn -0.6962 0.4199 -0.5823
vn -0.2238 0.8468 -0.4825
vn -0.1637 -0.0708 -0.9840
vn -0.0767 0.1861 -0.9795
vn -0.8170 0.5766 0.0031
vn -0.8183 0.4735 -0.3260
vn -0.7989 0.4639 0.3828
vn -0.8412 0.5407 -0.0017
vn -0.5872 0.3067 0.7491
vn -0.7454 0.2793 0.6053
vn -0.4917 0.8231 0.2842
vn -0.4976 0.8640 -0.0767
vn -0.8583 0.3014 -0.4154
vn -0.1340 -0.0424 -0.9901
vn -0.2018 0.2064 -0.9574
vn 0.0684 -0.0623 -0.9957
vn 0.1686 -0.0739 -0.9829
vn -0.8070 0.4629 0.3666
vn -0.8547 0.5190 -0.0013
vn -0.1862 0.2036 -0.9612
vn 0.2171 -0.0631 -0.9741
vn -0.7262 0.6230 -0.2907
vn -0.6988 0.4906 0.5206
vn -0.5995 0.3643 0.7126
vn -0.1743 0.3464 -0.9217
vn 0.2154 -0.0264 -0.9762
vn -0.6805 0.7111 -0.1769
vn -0.6721 0.5571 0.4878
vn -0.6359 0.4474 0.6288
vn -0.7944 0.5090 0.3316
vn -0.8356 0.5493 -0.0030
vn -0.1417 0.3537 -0.9246
vn 0.1725 0.0333 -0.9844
vn -0.5693 0.7028 -0.4267
vn -0.7007 0.6857 0.1971
vn -0.6925 0.5667 0.4464
vn -0.7971 0.5552 0.2375
vn -0.8088 0.5881 -0.0029
vn -0.0917 0.4830 -0.8708
vn 0.3289 0.3468 -0.8784
vn -0.3061 0.8044 -0.5091
vn -0.5380 0.8388 -0.0835
vn -0.6255 0.7642 0.1572
vn -0.7363 0.6721 0.0776
vn -0.7250 0.6888 -0.0006
vn -0.8092 0.5875 -0.0000
vn -0.7259 0.6878 -0.0000
vn -0.8358 0.5490 0.0000
vn -0.8549 0.5188 -0.0000
vn -0.8401 0.5424 -0.0000
vn -0.4012 0.9160 -0.0000
vn 0.0921 0.9957 -0.0000
vn -0.0767 0.9971 0.0000
vn -0.8124 0.5831 -0.0000
vn 0.2845 -0.0502 -0.9574
vn 0.1397 -0.0344 -0.9896
vn 0.2754 -0.0886 -0.9572
vn 0.2563 -0.0738 -0.9638
vn 0.5391 -0.1811 -0.8226
vn 0.8172 -0.0229 -0.5759
vn 0.0154 0.0031 -0.9999
vn 0.1136 0.7651 0.6338
vn 0.1653 0.9813 -0.0988
vn 0.0923 0.4773 -0.8739
vn -0.0172 -0.0712 -0.9973
vn -0.0206 -0.0851 -0.9962
vn -0.4682 -0.0975 -0.8782
vn -0.7799 -0.1140 -0.6155
vn -0.8265 -0.2005 -0.5260
vn -0.9150 0.0246 -0.4026
vn -0.9053 -0.1434 -0.3997
vn -0.9540 -0.1885 -0.2331
vn -0.9910 -0.1334 -0.0064
vn -0.9911 -0.1331 0.0077
vn -0.9915 -0.1302 -0.0000
vn 0.0243 0.8033 -0.5950
vn 0.2512 0.8386 -0.4833
vn -0.1474 0.9233 -0.3547
vn -0.2705 0.9548 -0.1230
vn -0.1931 0.9811 0.0141
vn -0.8913 0.4143 -0.1840
vn -0.9708 0.2397 0.0045
vn -0.9725 0.2330 -0.0000
vn 0.6873 0.5815 -0.4353
vn 0.0750 0.9911 -0.1099
vn 0.2060 0.9567 -0.2055
vn 0.5521 0.8230 -0.1341
vn 0.7961 0.3649 -0.4828
vn 0.0226 0.7283 -0.6849
vn -0.0155 0.0551 -0.9984
vn -0.7351 -0.0075 -0.6779
vn -0.9982 -0.0223 -0.0557
vn 0.6540 -0.1726 -0.7365
vn 0.9598 -0.2563 -0.1141
vn 0.9560 0.2198 -0.1943
vn 0.9807 0.1927 -0.0325
vn 0.9771 0.1144 -0.1795
vn 0.9774 0.2081 0.0371
vn 0.9992 -0.0108 -0.0394
vn 0.9940 -0.1090 0.0028
vn 0.9761 -0.2172 -0.0022
vn 0.9996 0.0273 -0.0000
vn 1.0000 -0.0066 -0.0000
vn 0.9718 -0.2360 0.0000
vn 0.8774 -0.4796 -0.0121
vn 0.8797 -0.4755 -0.0000
vn 0.9849 0.0666 -0.1597
vn 0.9981 0.0623 -0.0031
vn 0.6601 0.1779 -0.7298
vn 0.0368 0.1763 -0.9836
vn -0.6021 0.4124 -0.6837
vn -0.8901 0.4531 -0.0496
vn 0.8146 0.5615 -0.1452
vn 0.8290 0.5590 -0.0173
vn 0.5961 0.6267 -0.5019
vn 0.1357 0.5193 -0.8438
vn -0.4571 0.7564 -0.4679
vn -0.6521 0.7579 -0.0194
vn -0.8858 0.4641 -0.0000
vn -0.6207 0.7841 -0.0000
vn -0.9996 -0.0283 -0.0000
vn 0.1793 0.9392 -0.2927
vn -0.1566 0.9482 -0.2764
vn -0.5881 0.8088 0.0047
vn -0.2783 0.9605 -0.0074
vn 0.2577 0.9662 -0.0114
vn 0.3392 0.9407 -0.0000
vn 0.8439 0.5365 0.0000
vn -0.1676 0.9859 -0.0000
vn 0.9976 0.0697 -0.0000
vn -0.4259 0.8637 -0.2697
vn -0.4032 0.9150 0.0121
vn 0.0922 0.9957 -0.0002
vn 0.0587 0.9179 -0.3924
vn 0.0444 0.5711 -0.8197
vn -0.3737 0.7554 -0.5382
vn -0.0764 0.9971 -0.0013
vn -0.2569 0.9608 0.1045
vn 0.0661 0.7175 -0.6934
vn -0.1830 0.9030 -0.3888
vn -0.8613 0.5078 -0.0174
vn -0.6962 0.4199 0.5823
vn -0.2238 0.8468 0.4825
vn -0.1637 -0.0708 0.9840
vn -0.0767 0.1861 0.9795
vn -0.8170 0.5766 -0.0031
vn -0.8183 0.4735 0.3260
vn -0.7989 0.4639 -0.3828
vn -0.8412 0.5407 0.0017
vn -0.5872 0.3067 -0.7491
vn -0.7454 0.2793 -0.6053
vn -0.4917 0.8231 -0.2842
vn -0.4976 0.8640 0.0767
vn -0.8583 0.3014 0.4154
vn -0.1340 -0.0424 0.9901
vn -0.2018 0.2064 0.9574
vn 0.0684 -0.0623 0.9957
vn 0.1686 -0.0739 0.9829
vn -0.8070 0.4629 -0.3666
vn -0.8547 0.5190 0.0013
vn 0.2171 -0.0631 0.9741
vn -0.1862 0.2036 0.9612
vn -0.7262 0.6230 0.2907
vn -0.6988 0.4906 -0.5206
vn -0.5995 0.3643 -0.7126
vn 0.2154 -0.0264 0.9762
vn -0.1743 0.3464 0.9217
vn -0.6805 0.7111 0.1769
vn -0.6721 0.5571 -0.4878
vn -0.6359 0.4474 -0.6288
vn -0.7944 0.5090 -0.3316
vn -0.8356 0.5493 0.0030
vn 0.1725 0.0333 0.9844
vn -0.1417 0.3537 0.9246
vn -0.5693 0.7028 0.4267
vn -0.7007 0.6857 -0.1971
vn -0.7513 0.4982 -0.4328
vn -0.8230 0.5080 -0.2544
vn -0.8088 0.5881 0.0029
vn 0.3289 0.3468 0.8784
vn -0.0916 0.4830 0.8708
vn -0.3061 0.8044 0.5091
vn -0.5254 0.8410 0.1293
vn -0.6533 0.7483 -0.1152
vn -0.7433 0.6654 -0.0690
vn -0.7250 0.6888 0.0007
vn 0.1397 -0.0344 0.9896
vn 0.2845 -0.0502 0.9574
vn 0.2754 -0.0886 0.9572
vn 0.2563 -0.0738 0.9638
vn 0.5391 -0.1811 0.8226
vn 0.8510 -0.0166 0.5249
vn 0.0154 0.0031 0.9999
vn 0.1136 0.7651 -0.6338
vn 0.1653 0.9813 0.0988
vn 0.0923 0.4773 0.8739
vn -0.0206 -0.0851 0.9962
vn -0.0172 -0.0712 0.9973
vn -0.4682 -0.0975 0.8782
vn -0.7799 -0.1140 0.6155
vn -0.8265 -0.2005 0.5260
vn -0.9150 0.0246 0.4026
vn -0.9053 -0.1434 0.3997
vn -0.9540 -0.1885 0.2331
vn -0.9910 -0.1334 0.0064
vn -0.9911 -0.1331 -0.0077
vn 0.2331 0.8848 0.4036
vn 0.0243 0.8033 0.5950
vn -0.1474 0.9233 0.3547
vn -0.2422 0.9607 0.1357
vn -0.2141 0.9764 -0.0301
vn -0.8913 0.4148 0.1833
vn -0.9709 0.2395 -0.0050
vn 0.6733 0.6316 0.3845
vn 0.6741 0.6390 0.3705
vn 0.2093 0.9715 0.1115
vn 0.5619 0.8258 0.0484
vn 0.7961 0.3649 0.4828
vn 0.0226 0.7283 0.6849
vn -0.0155 0.0551 0.9984
vn -0.7184 -0.0138 0.6955
vn -0.9962 -0.0198 0.0850
vn 0.6540 -0.1726 0.7365
vn 0.9598 -0.2563 0.1141
vn 0.3939 0.2657 0.8799
vn 0.9810 0.1915 0.0299
vn 0.9891 0.1180 0.0877
vn 0.6729 -0.0503 -0.7380
vn 0.3670 0.5782 0.7287
vn 0.1526 0.1347 0.9791
vn 0.9762 -0.2168 0.0015
vn 0.8783 -0.4780 0.0141
vn 0.9980 0.0606 0.0166
vn 0.9830 0.0677 0.1706
vn 0.6601 0.1779 0.7298
vn 0.0368 0.1763 0.9836
vn -0.5823 0.4092 0.7025
vn -0.8883 0.4529 0.0762
vn 0.7934 0.6022 0.0880
vn 0.8255 0.5356 0.1781
vn 0.5961 0.6267 0.5019
vn 0.1357 0.5193 0.8438
vn -0.4462 0.7569 0.4776
vn -0.6518 0.7576 0.0346
vn 0.1582 0.9369 0.3117
vn -0.1566 0.9482 0.2764
vn -0.6235 0.7817 -0.0135
vn -0.2776 0.9606 0.0109
vn 0.2628 0.9643 0.0334
vn -0.6925 0.5667 -0.4464
vn -0.7971 0.5552 -0.2375
vn -0.0917 0.4830 0.8708
vn -0.5380 0.8388 0.0835
vn -0.6255 0.7642 -0.1572
vn -0.7363 0.6721 -0.0776
vn -0.7250 0.6888 0.0006
vn -0.7259 0.6878 0.0000
vn -0.8092 0.5875 0.0000
vn -0.8358 0.5490 -0.0000
vn -0.8549 0.5188 0.0000
vn -0.4012 0.9160 0.0000
vn -0.0767 0.9971 -0.0000
vn 0.8172 -0.0229 0.5759
vn 0.2512 0.8386 0.4833
vn -0.2705 0.9548 0.1230
vn -0.1931 0.9811 -0.0141
vn -0.8913 0.4143 0.1840
vn -0.9708 0.2397 -0.0045
vn 0.6873 0.5815 0.4353
vn 0.0750 0.9911 0.1099
vn 0.2060 0.9567 0.2055
vn 0.5521 0.8230 0.1341
vn -0.7351 -0.0075 0.6779
vn -0.9982 -0.0223 0.0557
vn 0.9560 0.2198 0.1943
vn 0.9807 0.1927 0.0325
vn 0.9771 0.1144 0.1795
vn 0.9774 0.2081 -0.0371
vn 0.9940 -0.1090 -0.0028
vn 0.9992 -0.0108 0.0394
vn 0.9761 -0.2172 0.0022
vn 1.0000 -0.0066 0.0000
vn 0.9996 0.0273 0.0000
vn 0.9718 -0.2360 -0.0000
vn 0.8774 -0.4796 0.0121
vn 0.9981 0.0623 0.0031
vn 0.9849 0.0666 0.1597
vn -0.6021 0.4124 0.6837
vn -0.8901 0.4531 0.0496
vn 0.8290 0.5590 0.0173
vn 0.8146 0.5615 0.1452
vn -0.4571 0.7564 0.4679
vn -0.6521 0.7579 0.0194
vn 0.1793 0.9392 0.2927
vn -0.5881 0.8088 -0.0047
vn -0.2783 0.9605 0.0074
vn 0.2577 0.9662 0.0114
vn 0.8439 0.5365 -0.0000
vn 0.3392 0.9407 0.0000
vn -0.1676 0.9859 0.0000
vn -0.7513 0.4982 0.4328
vn -0.8230 0.5080 0.2544
vn -0.0916 0.4830 -0.8708
vn -0.5254 0.8410 -0.1293
vn -0.6533 0.7483 0.1152
vn -0.7433 0.6654 0.0690
vn -0.7250 0.6888 -0.0007
vn 0.8510 -0.0166 -0.5249
vn 0.2331 0.8848 -0.4036
vn -0.2422 0.9607 -0.1357
vn -0.2141 0.9764 0.0301
vn -0.8913 0.4148 -0.1833
vn -0.9709 0.2395 0.0050
vn 0.6733 0.6316 -0.3845
vn 0.6741 0.6390 -0.3705
vn 0.2093 0.9715 -0.1115
vn 0.5619 0.8258 -0.0484
vn -0.7184 -0.0138 -0.6955
vn -0.9962 -0.0198 -0.0850
vn 0.3939 0.2657 -0.8799
vn 0.9810 0.1915 -0.0299
vn 0.9891 0.1180 -0.0877
vn 0.6729 -0.0503 0.7380
vn 0.1526 0.1347 -0.9791
vn 0.3670 0.5782 -0.7287
vn 0.9762 -0.2168 -0.0015
vn 0.8783 -0.4780 -0.0141
vn 0.9980 0.0606 -0.0166
vn 0.9830 0.0677 -0.1706
vn -0.5823 0.4092 -0.7025
vn -0.8883 0.4529 -0.0762
vn 0.8255 0.5356 -0.1781
vn 0.7934 0.6022 -0.0880
vn -0.4462 0.7569 -0.4776
vn -0.6518 0.7576 -0.0346
vn 0.1582 0.9369 -0.3117
vn -0.2776 0.9606 -0.0109
vn -0.6235 0.7817 0.0135
vn 0.2628 0.9643 -0.0334
vn 0.9659 0.2588 -0.0000
# 3120 vertex normals

vt 0.8760 0.7032 0.0000
vt 0.8759 0.6963 0.0000
vt 0.8864 0.6973 0.0000
vt 0.8863 0.7042 0.0000
vt 0.7524 0.7621 0.0000
vt 0.7503 0.7621 0.0000
vt 0.7507 0.7257 0.0000
vt 0.7527 0.7258 0.0000
vt 0.4150 0.0242 0.0000
vt 0.4137 0.0232 0.0000
vt 0.4155 0.0200 0.0000
vt 0.4171 0.0206 0.0000
vt 0.1550 0.8211 0.0000
vt 0.1540 0.8017 0.0000
vt 0.1969 0.7998 0.0000
vt 0.2021 0.8208 0.0000
vt 0.8732 0.6383 0.0000
vt 0.8834 0.6370 0.0000
vt 0.8847 0.6594 0.0000
vt 0.8756 0.6609 0.0000
vt 0.4976 0.5909 0.0000
vt 0.4963 0.5904 0.0000
vt 0.4962 0.5892 0.0000
vt 0.4985 0.5878 0.0000
vt 0.8722 0.6290 0.0000
vt 0.8664 0.6386 0.0000
vt 0.8636 0.6284 0.0000
vt 0.3153 0.0644 0.0000
vt 0.3116 0.0891 0.0000
vt 0.3070 0.0879 0.0000
vt 0.3102 0.0628 0.0000
vt 0.5205 0.5606 0.0000
vt 0.5226 0.5823 0.0000
vt 0.5188 0.5791 0.0000
vt 0.5181 0.5632 0.0000
vt 0.4074 0.0450 0.0000
vt 0.4122 0.0456 0.0000
vt 0.4099 0.0799 0.0000
vt 0.4144 0.1461 0.0000
vt 0.4066 0.1453 0.0000
vt 0.4083 0.1078 0.0000
vt 0.4152 0.1065 0.0000
vt 0.4890 0.5987 0.0000
vt 0.4825 0.5975 0.0000
vt 0.4921 0.5905 0.0000
vt 0.4937 0.5933 0.0000
vt 0.8510 0.7098 0.0000
vt 0.8517 0.6929 0.0000
vt 0.8688 0.6984 0.0000
vt 0.8687 0.7170 0.0000
vt 0.2131 0.1549 0.0000
vt 0.2118 0.1278 0.0000
vt 0.2295 0.1299 0.0000
vt 0.2310 0.1561 0.0000
vt 0.2782 0.0193 0.0000
vt 0.2819 0.0430 0.0000
vt 0.2715 0.0424 0.0000
vt 0.2709 0.0187 0.0000
vt 0.8120 0.6105 0.0000
vt 0.8101 0.6120 0.0000
vt 0.7971 0.5967 0.0000
vt 0.5157 0.5916 0.0000
vt 0.5231 0.5965 0.0000
vt 0.5192 0.5978 0.0000
vt 0.5149 0.5933 0.0000
vt 0.8347 0.2093 0.0000
vt 0.8452 0.2091 0.0000
vt 0.8458 0.2416 0.0000
vt 0.8342 0.2417 0.0000
vt 0.3206 0.0087 0.0000
vt 0.3202 0.0169 0.0000
vt 0.3135 0.0139 0.0000
vt 0.3131 0.0039 0.0000
vt 0.8841 0.6287 0.0000
vt 0.8852 0.6373 0.0000
vt 0.8823 0.6287 0.0000
vt 0.4833 0.6089 0.0000
vt 0.4779 0.6086 0.0000
vt 0.4774 0.5973 0.0000
vt 0.7597 0.7263 0.0000
vt 0.7595 0.7621 0.0000
vt 0.4524 0.5281 0.0000
vt 0.4612 0.5197 0.0000
vt 0.4671 0.5296 0.0000
vt 0.4570 0.5416 0.0000
vt 0.8188 0.3816 0.0000
vt 0.8338 0.3815 0.0000
vt 0.8323 0.3958 0.0000
vt 0.8179 0.3987 0.0000
vt 0.8510 0.6291 0.0000
vt 0.8441 0.6270 0.0000
vt 0.8461 0.6150 0.0000
vt 0.8545 0.6184 0.0000
vt 0.7510 0.6529 0.0000
vt 0.7489 0.6915 0.0000
vt 0.7362 0.6892 0.0000
vt 0.7382 0.6519 0.0000
vt 0.2716 0.2403 0.0000
vt 0.2768 0.2233 0.0000
vt 0.2931 0.2332 0.0000
vt 0.2839 0.2468 0.0000
vt 0.3796 0.0265 0.0000
vt 0.3671 0.0370 0.0000
vt 0.3700 0.0172 0.0000
vt 0.3771 0.0178 0.0000
vt 0.8704 0.3108 0.0000
vt 0.8834 0.3107 0.0000
vt 0.8811 0.3586 0.0000
vt 0.8671 0.3609 0.0000
vt 0.8356 0.3290 0.0000
vt 0.8348 0.3427 0.0000
vt 0.8327 0.3422 0.0000
vt 0.8341 0.3287 0.0000
vt 0.2333 0.6331 0.0000
vt 0.2338 0.6409 0.0000
vt 0.2173 0.6424 0.0000
vt 0.2163 0.6347 0.0000
vt 0.4386 0.0480 0.0000
vt 0.4143 0.0458 0.0000
vt 0.4257 0.0322 0.0000
vt 0.4381 0.0248 0.0000
vt 0.4403 0.0855 0.0000
vt 0.4404 0.1055 0.0000
vt 0.4155 0.0821 0.0000
vt 0.3899 0.7576 0.0000
vt 0.3936 0.7760 0.0000
vt 0.3842 0.7753 0.0000
vt 0.3803 0.7592 0.0000
vt 0.7937 0.2797 0.0000
vt 0.7948 0.2431 0.0000
vt 0.8119 0.2453 0.0000
vt 0.8129 0.2793 0.0000
vt 0.4899 0.5035 0.0000
vt 0.4823 0.4967 0.0000
vt 0.8809 0.6222 0.0000
vt 0.8827 0.6223 0.0000
vt 0.1989 0.6041 0.0000
vt 0.1867 0.5749 0.0000
vt 0.2164 0.5740 0.0000
vt 0.2163 0.6030 0.0000
vt 0.2838 0.7534 0.0000
vt 0.2611 0.7672 0.0000
vt 0.2628 0.7468 0.0000
vt 0.2770 0.7404 0.0000
vt 0.3223 0.0657 0.0000
vt 0.3186 0.0327 0.0000
vt 0.3256 0.0326 0.0000
vt 0.3766 0.5072 0.0000
vt 0.3770 0.3465 0.0000
vt 0.4131 0.3472 0.0000
vt 0.4129 0.5089 0.0000
vt 0.4373 0.0172 0.0000
vt 0.4483 0.0234 0.0000
vt 0.4364 0.0189 0.0000
vt 0.2833 0.7916 0.0000
vt 0.2616 0.7937 0.0000
vt 0.4087 0.0264 0.0000
vt 0.4089 0.0245 0.0000
vt 0.1835 0.0748 0.0000
vt 0.1817 0.0477 0.0000
vt 0.2096 0.0599 0.0000
vt 0.2098 0.0869 0.0000
vt 0.8365 0.2974 0.0000
vt 0.8371 0.3057 0.0000
vt 0.8346 0.3056 0.0000
vt 0.8341 0.2973 0.0000
vt 0.5141 0.6321 0.0000
vt 0.5249 0.6251 0.0000
vt 0.5268 0.6600 0.0000
vt 0.5160 0.6676 0.0000
vt 0.3820 0.1996 0.0000
vt 0.3836 0.1747 0.0000
vt 0.4065 0.1735 0.0000
vt 0.4067 0.2077 0.0000
vt 0.2096 0.0105 0.0000
vt 0.2091 0.0322 0.0000
vt 0.1804 0.0224 0.0000
vt 0.1774 0.0059 0.0000
vt 0.8058 0.7621 0.0000
vt 0.7999 0.7621 0.0000
vt 0.7994 0.7327 0.0000
vt 0.8052 0.7321 0.0000
vt 0.7542 0.7085 0.0000
vt 0.7519 0.7082 0.0000
vt 0.3263 0.1112 0.0000
vt 0.3294 0.0911 0.0000
vt 0.3384 0.0932 0.0000
vt 0.3362 0.1131 0.0000
vt 0.8227 0.7109 0.0000
vt 0.8457 0.7094 0.0000
vt 0.8457 0.7309 0.0000
vt 0.8232 0.7311 0.0000
vt 0.8511 0.7309 0.0000
vt 0.7610 0.7084 0.0000
vt 0.8525 0.6798 0.0000
vt 0.8459 0.6925 0.0000
vt 0.8459 0.6797 0.0000
vt 0.3115 0.0138 0.0000
vt 0.3113 0.0041 0.0000
vt 0.4274 0.0246 0.0000
vt 0.4305 0.0183 0.0000
vt 0.4325 0.0154 0.0000
vt 0.4368 0.0114 0.0000
vt 0.4448 0.0134 0.0000
vt 0.3892 0.6405 0.0000
vt 0.3692 0.6173 0.0000
vt 0.3781 0.6012 0.0000
vt 0.4088 0.6311 0.0000
vt 0.2823 0.8154 0.0000
vt 0.2619 0.8177 0.0000
vt 0.8464 0.2961 0.0000
vt 0.8472 0.3104 0.0000
vt 0.5124 0.5909 0.0000
vt 0.5106 0.5909 0.0000
vt 0.1893 0.7731 0.0000
vt 0.2113 0.7712 0.0000
vt 0.2182 0.7972 0.0000
vt 0.8383 0.3197 0.0000
vt 0.8354 0.3195 0.0000
vt 0.4760 0.5493 0.0000
vt 0.4836 0.5495 0.0000
vt 0.4816 0.5585 0.0000
vt 0.4761 0.5582 0.0000
vt 0.3176 0.0903 0.0000
vt 0.2732 0.0679 0.0000
vt 0.2521 0.0663 0.0000
vt 0.2509 0.0396 0.0000
vt 0.5119 0.5879 0.0000
vt 0.5101 0.5873 0.0000
vt 0.5201 0.4494 0.0000
vt 0.5228 0.4411 0.0000
vt 0.5318 0.4420 0.0000
vt 0.5296 0.4563 0.0000
vt 0.5143 0.5584 0.0000
vt 0.5185 0.5541 0.0000
vt 0.3288 0.5360 0.0000
vt 0.3291 0.5048 0.0000
vt 0.3764 0.5402 0.0000
vt 0.8326 0.3068 0.0000
vt 0.8299 0.3108 0.0000
vt 0.8297 0.3071 0.0000
vt 0.8312 0.2972 0.0000
vt 0.8188 0.3069 0.0000
vt 0.8165 0.2970 0.0000
vt 0.8187 0.3417 0.0000
vt 0.8203 0.3344 0.0000
vt 0.8302 0.3343 0.0000
vt 0.3840 0.1041 0.0000
vt 0.3795 0.1526 0.0000
vt 0.8076 0.6458 0.0000
vt 0.8049 0.6903 0.0000
vt 0.7979 0.6893 0.0000
vt 0.8020 0.6449 0.0000
vt 0.8150 0.3149 0.0000
vt 0.8157 0.3265 0.0000
vt 0.8129 0.3268 0.0000
vt 0.8120 0.3148 0.0000
vt 0.7460 0.7238 0.0000
vt 0.7452 0.7621 0.0000
vt 0.7310 0.7621 0.0000
vt 0.7332 0.7183 0.0000
vt 0.8405 0.3958 0.0000
vt 0.8379 0.3956 0.0000
vt 0.8384 0.3814 0.0000
vt 0.8415 0.3807 0.0000
vt 0.4921 0.5883 0.0000
vt 0.4169 0.7532 0.0000
vt 0.4231 0.7773 0.0000
vt 0.4183 0.7763 0.0000
vt 0.4130 0.7537 0.0000
vt 0.8481 0.3199 0.0000
vt 0.7556 0.6534 0.0000
vt 0.7576 0.6537 0.0000
vt 0.7550 0.6921 0.0000
vt 0.7530 0.6923 0.0000
vt 0.8169 0.6379 0.0000
vt 0.8163 0.6783 0.0000
vt 0.3767 0.0094 0.0000
vt 0.3833 0.0102 0.0000
vt 0.3837 0.0167 0.0000
vt 0.3977 0.6826 0.0000
vt 0.4097 0.6877 0.0000
vt 0.4013 0.7009 0.0000
vt 0.3944 0.6993 0.0000
vt 0.8337 0.3651 0.0000
vt 0.8191 0.3641 0.0000
vt 0.4396 0.2039 0.0000
vt 0.4142 0.2066 0.0000
vt 0.4145 0.1735 0.0000
vt 0.4398 0.1724 0.0000
vt 0.3776 0.5661 0.0000
vt 0.4116 0.5636 0.0000
vt 0.8145 0.3357 0.0000
vt 0.7987 0.3439 0.0000
vt 0.7953 0.3319 0.0000
vt 0.8719 0.6903 0.0000
vt 0.3858 0.0106 0.0000
vt 0.3855 0.0173 0.0000
vt 0.4887 0.5808 0.0000
vt 0.4932 0.5852 0.0000
vt 0.4822 0.5838 0.0000
vt 0.5344 0.6249 0.0000
vt 0.5363 0.6601 0.0000
vt 0.7930 0.3176 0.0000
vt 0.4189 0.6858 0.0000
vt 0.4180 0.6597 0.0000
vt 0.4379 0.6609 0.0000
vt 0.4373 0.6863 0.0000
vt 0.7926 0.7084 0.0000
vt 0.7967 0.7124 0.0000
vt 0.7882 0.7091 0.0000
vt 0.7883 0.7067 0.0000
vt 0.4492 0.0476 0.0000
vt 0.4510 0.0869 0.0000
vt 0.8613 0.4075 0.0000
vt 0.8607 0.3997 0.0000
vt 0.8620 0.3996 0.0000
vt 0.2678 0.6920 0.0000
vt 0.2610 0.6726 0.0000
vt 0.2746 0.6655 0.0000
vt 0.2861 0.6860 0.0000
vt 0.5258 0.3111 0.0000
vt 0.5348 0.3087 0.0000
vt 0.5353 0.3240 0.0000
vt 0.5258 0.3241 0.0000
vt 0.2182 0.6218 0.0000
vt 0.3428 0.0343 0.0000
vt 0.3437 0.0166 0.0000
vt 0.3681 0.0170 0.0000
vt 0.7894 0.7330 0.0000
vt 0.7650 0.7268 0.0000
vt 0.7654 0.7122 0.0000
vt 0.2753 0.1638 0.0000
vt 0.2616 0.2167 0.0000
vt 0.2542 0.1603 0.0000
vt 0.8230 0.6917 0.0000
vt 0.8238 0.6799 0.0000
vt 0.4437 0.1724 0.0000
vt 0.4439 0.2033 0.0000
vt 0.3331 0.0655 0.0000
vt 0.2521 0.0932 0.0000
vt 0.2522 0.1117 0.0000
vt 0.2303 0.1097 0.0000
vt 0.2315 0.0912 0.0000
vt 0.8353 0.2757 0.0000
vt 0.8336 0.2756 0.0000
vt 0.2339 0.4800 0.0000
vt 0.2226 0.4775 0.0000
vt 0.2227 0.4023 0.0000
vt 0.2370 0.3999 0.0000
vt 0.8368 0.3434 0.0000
vt 0.8384 0.3552 0.0000
vt 0.8360 0.3552 0.0000
vt 0.4998 0.5537 0.0000
vt 0.4968 0.5452 0.0000
vt 0.5094 0.5482 0.0000
vt 0.5057 0.5538 0.0000
vt 0.4114 0.7008 0.0000
vt 0.4067 0.7069 0.0000
vt 0.8703 0.2772 0.0000
vt 0.8835 0.2768 0.0000
vt 0.8242 0.6368 0.0000
vt 0.4420 0.3436 0.0000
vt 0.4372 0.3449 0.0000
vt 0.4369 0.3178 0.0000
vt 0.4417 0.3187 0.0000
vt 0.4432 0.2569 0.0000
vt 0.4382 0.2572 0.0000
vt 0.4496 0.1377 0.0000
vt 0.4684 0.1534 0.0000
vt 0.4561 0.1724 0.0000
vt 0.3049 0.3493 0.0000
vt 0.3054 0.3178 0.0000
vt 0.3251 0.3202 0.0000
vt 0.3264 0.3474 0.0000
vt 0.4140 0.0307 0.0000
vt 0.4133 0.7283 0.0000
vt 0.4083 0.7250 0.0000
vt 0.3750 0.2185 0.0000
vt 0.4089 0.2624 0.0000
vt 0.3746 0.2608 0.0000
vt 0.3644 0.2308 0.0000
vt 0.4816 0.5697 0.0000
vt 0.4764 0.5699 0.0000
vt 0.8437 0.3637 0.0000
vt 0.8445 0.3561 0.0000
vt 0.8649 0.3596 0.0000
vt 0.8640 0.3671 0.0000
vt 0.8460 0.2760 0.0000
vt 0.7983 0.7110 0.0000
vt 0.8045 0.7113 0.0000
vt 0.8664 0.3678 0.0000
vt 0.8637 0.3842 0.0000
vt 0.8619 0.3843 0.0000
vt 0.8394 0.3657 0.0000
vt 0.8369 0.3815 0.0000
vt 0.8373 0.3654 0.0000
vt 0.1996 0.2189 0.0000
vt 0.2016 0.2057 0.0000
vt 0.2174 0.2074 0.0000
vt 0.2170 0.2208 0.0000
vt 0.8170 0.3349 0.0000
vt 0.4791 0.5433 0.0000
vt 0.4757 0.5435 0.0000
vt 0.4472 0.0163 0.0000
vt 0.2511 0.0163 0.0000
vt 0.3970 0.7213 0.0000
vt 0.7979 0.7329 0.0000
vt 0.2041 0.8269 0.0000
vt 0.2238 0.8206 0.0000
vt 0.2257 0.8267 0.0000
vt 0.2619 0.6955 0.0000
vt 0.2827 0.7340 0.0000
vt 0.8070 0.6191 0.0000
vt 0.8047 0.6281 0.0000
vt 0.7987 0.6248 0.0000
vt 0.8002 0.6174 0.0000
vt 0.8500 0.3207 0.0000
vt 0.8503 0.3318 0.0000
vt 0.8486 0.3316 0.0000
vt 0.4904 0.5584 0.0000
vt 0.4875 0.5467 0.0000
vt 0.4940 0.5557 0.0000
vt 0.4423 0.5371 0.0000
vt 0.4496 0.5502 0.0000
vt 0.8887 0.7203 0.0000
vt 0.8887 0.7372 0.0000
vt 0.8867 0.7370 0.0000
vt 0.8861 0.7201 0.0000
vt 0.8499 0.2964 0.0000
vt 0.8492 0.3133 0.0000
vt 0.3025 0.2483 0.0000
vt 0.3270 0.2460 0.0000
vt 0.3244 0.2618 0.0000
vt 0.3039 0.2650 0.0000
vt 0.3329 0.5812 0.0000
vt 0.3294 0.5606 0.0000
vt 0.2158 0.5232 0.0000
vt 0.2332 0.5203 0.0000
vt 0.2307 0.5744 0.0000
vt 0.8337 0.3193 0.0000
vt 0.4137 0.2592 0.0000
vt 0.3880 0.0253 0.0000
vt 0.3846 0.0224 0.0000
vt 0.3865 0.0220 0.0000
vt 0.3888 0.0239 0.0000
vt 0.2507 0.6460 0.0000
vt 0.2586 0.6354 0.0000
vt 0.8186 0.6163 0.0000
vt 0.8131 0.6207 0.0000
vt 0.2317 0.6022 0.0000
vt 0.3066 0.5366 0.0000
vt 0.3077 0.5050 0.0000
vt 0.2317 0.2085 0.0000
vt 0.9217 0.1891 0.0000
vt 0.9185 0.1834 0.0000
vt 0.9314 0.1796 0.0000
vt 0.9329 0.1854 0.0000
vt 0.8303 0.3274 0.0000
vt 0.8513 0.2419 0.0000
vt 0.8498 0.2763 0.0000
vt 0.8761 0.7363 0.0000
vt 0.8761 0.7190 0.0000
vt 0.4394 0.1469 0.0000
vt 0.8161 0.3436 0.0000
vt 0.8026 0.3531 0.0000
vt 0.3757 0.7290 0.0000
vt 0.3851 0.7192 0.0000
vt 0.3882 0.7338 0.0000
vt 0.3774 0.7419 0.0000
vt 0.8333 0.3548 0.0000
vt 0.8195 0.3550 0.0000
vt 0.9269 0.1308 0.0000
vt 0.9479 0.1332 0.0000
vt 0.9264 0.1336 0.0000
vt 0.2367 0.3649 0.0000
vt 0.2336 0.3521 0.0000
vt 0.2414 0.3498 0.0000
vt 0.2495 0.3626 0.0000
vt 0.3445 0.0069 0.0000
vt 0.3681 0.0084 0.0000
vt 0.4965 0.6669 0.0000
vt 0.4963 0.6922 0.0000
vt 0.4863 0.6928 0.0000
vt 0.4854 0.6588 0.0000
vt 0.8122 0.3022 0.0000
vt 0.8155 0.3022 0.0000
vt 0.4366 0.5416 0.0000
vt 0.4370 0.5621 0.0000
vt 0.8682 0.7352 0.0000
vt 0.8154 0.3635 0.0000
vt 0.8164 0.3548 0.0000
vt 0.7470 0.7085 0.0000
vt 0.7340 0.7101 0.0000
vt 0.3132 0.0320 0.0000
vt 0.4735 0.1828 0.0000
vt 0.4872 0.1682 0.0000
vt 0.8169 0.6289 0.0000
vt 0.8102 0.6298 0.0000
vt 0.2723 0.0973 0.0000
vt 0.2738 0.1151 0.0000
vt 0.2625 0.8237 0.0000
vt 0.3138 0.1099 0.0000
vt 0.2529 0.1341 0.0000
vt 0.2742 0.1342 0.0000
vt 0.4769 0.5836 0.0000
vt 0.4800 0.6592 0.0000
vt 0.4784 0.6217 0.0000
vt 0.4839 0.6217 0.0000
vt 0.5202 0.4679 0.0000
vt 0.5119 0.4612 0.0000
vt 0.8800 0.3652 0.0000
vt 0.8885 0.7044 0.0000
vt 0.3908 0.7088 0.0000
vt 0.3657 0.0738 0.0000
vt 0.3650 0.0986 0.0000
vt 0.3408 0.0672 0.0000
vt 0.8448 0.6372 0.0000
vt 0.3082 0.1092 0.0000
vt 0.8075 0.3659 0.0000
vt 0.8050 0.3589 0.0000
vt 0.3755 0.3195 0.0000
vt 0.4123 0.3172 0.0000
vt 0.1486 0.6040 0.0000
vt 0.1486 0.5745 0.0000
vt 0.3090 0.5811 0.0000
vt 0.3082 0.5617 0.0000
vt 0.2863 0.7361 0.0000
vt 0.2974 0.7068 0.0000
vt 0.1856 0.0929 0.0000
vt 0.2106 0.1054 0.0000
vt 0.8472 0.3517 0.0000
vt 0.8466 0.3474 0.0000
vt 0.8483 0.3475 0.0000
vt 0.3271 0.0160 0.0000
vt 0.8237 0.7621 0.0000
vt 0.8301 0.3201 0.0000
vt 0.2698 0.3053 0.0000
vt 0.2555 0.3487 0.0000
vt 0.2472 0.3435 0.0000
vt 0.2614 0.3012 0.0000
vt 0.4872 0.3148 0.0000
vt 0.4874 0.3328 0.0000
vt 0.2336 0.0643 0.0000
vt 0.3867 0.0303 0.0000
vt 0.2353 0.0368 0.0000
vt 0.8193 0.3248 0.0000
vt 0.8196 0.3297 0.0000
vt 0.2109 0.3926 0.0000
vt 0.1830 0.3918 0.0000
vt 0.1856 0.3798 0.0000
vt 0.2152 0.3810 0.0000
vt 0.5160 0.5892 0.0000
vt 0.4513 0.1058 0.0000
vt 0.8867 0.7621 0.0000
vt 0.8761 0.7621 0.0000
vt 0.2487 0.3774 0.0000
vt 0.2377 0.3841 0.0000
vt 0.8148 0.3987 0.0000
vt 0.8156 0.3806 0.0000
vt 0.3850 0.0755 0.0000
vt 0.5070 0.6682 0.0000
vt 0.5176 0.6910 0.0000
vt 0.5077 0.6916 0.0000
vt 0.8109 0.3829 0.0000
vt 0.8101 0.4006 0.0000
vt 0.8238 0.6281 0.0000
vt 0.2173 0.3658 0.0000
vt 0.2197 0.3512 0.0000
vt 0.7955 0.6440 0.0000
vt 0.7927 0.6884 0.0000
vt 0.7899 0.6878 0.0000
vt 0.7929 0.6428 0.0000
vt 0.4011 0.7536 0.0000
vt 0.5259 0.3388 0.0000
vt 0.5347 0.3392 0.0000
vt 0.2482 0.4805 0.0000
vt 0.2479 0.3950 0.0000
vt 0.3272 0.0082 0.0000
vt 0.3079 0.0630 0.0000
vt 0.3045 0.0880 0.0000
vt 0.5132 0.5506 0.0000
vt 0.5099 0.5554 0.0000
vt 0.4161 0.6306 0.0000
vt 0.4091 0.6600 0.0000
vt 0.7934 0.2926 0.0000
vt 0.8130 0.2918 0.0000
vt 0.7931 0.3037 0.0000
vt 0.8510 0.6375 0.0000
vt 0.5222 0.5514 0.0000
vt 0.5255 0.5589 0.0000
vt 0.3962 0.6619 0.0000
vt 0.8388 0.3298 0.0000
vt 0.5350 0.2218 0.0000
vt 0.5220 0.2274 0.0000
vt 0.5171 0.2196 0.0000
vt 0.5262 0.1993 0.0000
vt 0.7277 0.6886 0.0000
vt 0.7297 0.6517 0.0000
vt 0.4749 0.5368 0.0000
vt 0.4849 0.5384 0.0000
vt 0.8450 0.7621 0.0000
vt 0.3854 0.0413 0.0000
vt 0.1496 0.3631 0.0000
vt 0.1501 0.3469 0.0000
vt 0.1865 0.3485 0.0000
vt 0.1858 0.3642 0.0000
vt 0.4206 0.7535 0.0000
vt 0.4200 0.7285 0.0000
vt 0.4358 0.7286 0.0000
vt 0.4339 0.7543 0.0000
vt 0.8184 0.3155 0.0000
vt 0.2413 0.6430 0.0000
vt 0.2445 0.6368 0.0000
vt 0.2455 0.6490 0.0000
vt 0.8183 0.3098 0.0000
vt 0.2191 0.4858 0.0000
vt 0.2344 0.4961 0.0000
vt 0.2139 0.5039 0.0000
vt 0.2125 0.4891 0.0000
vt 0.8142 0.2450 0.0000
vt 0.8161 0.2782 0.0000
vt 0.8360 0.3956 0.0000
vt 0.8349 0.4082 0.0000
vt 0.8321 0.4085 0.0000
vt 0.1493 0.3784 0.0000
vt 0.8724 0.6693 0.0000
vt 0.8710 0.6805 0.0000
vt 0.8690 0.6802 0.0000
vt 0.7397 0.6293 0.0000
vt 0.7549 0.6262 0.0000
vt 0.8651 0.6210 0.0000
vt 0.8392 0.4074 0.0000
vt 0.4946 0.6314 0.0000
vt 0.2314 0.2228 0.0000
vt 0.4190 0.7003 0.0000
vt 0.4078 0.0301 0.0000
vt 0.3043 0.1089 0.0000
vt 0.3025 0.1087 0.0000
vt 0.9292 0.1202 0.0000
vt 0.9124 0.1248 0.0000
vt 0.9145 0.1148 0.0000
vt 0.7903 0.7621 0.0000
vt 0.7653 0.7621 0.0000
vt 0.5012 0.2049 0.0000
vt 0.5137 0.1908 0.0000
vt 0.2705 0.2665 0.0000
vt 0.2721 0.2518 0.0000
vt 0.2813 0.2574 0.0000
vt 0.2782 0.2725 0.0000
vt 0.4051 0.7765 0.0000
vt 0.8675 0.3101 0.0000
vt 0.4388 0.6292 0.0000
vt 0.4873 0.6095 0.0000
vt 0.4905 0.6172 0.0000
vt 0.2189 0.3956 0.0000
vt 0.2432 0.5745 0.0000
vt 0.2447 0.5992 0.0000
vt 0.2876 0.1356 0.0000
vt 0.2882 0.1669 0.0000
vt 0.8866 0.6593 0.0000
vt 0.2475 0.4958 0.0000
vt 0.3708 0.0081 0.0000
vt 0.8675 0.2771 0.0000
vt 0.2101 0.7553 0.0000
vt 0.8772 0.3829 0.0000
vt 0.8684 0.2396 0.0000
vt 0.3111 0.0321 0.0000
vt 0.5253 0.2462 0.0000
vt 0.5381 0.2459 0.0000
vt 0.1810 0.5245 0.0000
vt 0.1791 0.5054 0.0000
vt 0.4414 0.5074 0.0000
vt 0.4373 0.5077 0.0000
vt 0.4371 0.7000 0.0000
vt 0.2326 0.6211 0.0000
vt 0.8750 0.3997 0.0000
vt 0.5144 0.5848 0.0000
vt 0.1910 0.1229 0.0000
vt 0.8884 0.6977 0.0000
vt 0.5156 0.5460 0.0000
vt 0.5111 0.5429 0.0000
vt 0.3415 0.6080 0.0000
vt 0.1781 0.4903 0.0000
vt 0.2494 0.6234 0.0000
vt 0.7923 0.7073 0.0000
vt 0.2479 0.5112 0.0000
vt 0.5049 0.6320 0.0000
vt 0.1940 0.1549 0.0000
vt 0.9215 0.0039 0.0000
vt 0.9324 0.0092 0.0000
vt 0.9288 0.0170 0.0000
vt 0.9144 0.0070 0.0000
vt 0.5245 0.4248 0.0000
vt 0.5336 0.4248 0.0000
vt 0.7571 0.6260 0.0000
vt 0.7598 0.6257 0.0000
vt 0.7887 0.7050 0.0000
vt 0.5120 0.6231 0.0000
vt 0.5049 0.6247 0.0000
vt 0.3366 0.0162 0.0000
vt 0.3371 0.0059 0.0000
vt 0.5019 0.5885 0.0000
vt 0.5016 0.5898 0.0000
vt 0.2267 0.8311 0.0000
vt 0.2053 0.8316 0.0000
vt 0.3089 0.6050 0.0000
vt 0.4972 0.5398 0.0000
vt 0.1852 0.7573 0.0000
vt 0.2630 0.8279 0.0000
vt 0.8369 0.4078 0.0000
vt 0.4127 0.5431 0.0000
vt 0.3349 0.0331 0.0000
vt 0.2841 0.0685 0.0000
vt 0.2858 0.0969 0.0000
vt 0.8184 0.4118 0.0000
vt 0.1484 0.6448 0.0000
vt 0.1485 0.6362 0.0000
vt 0.8743 0.4100 0.0000
vt 0.7941 0.2098 0.0000
vt 0.8121 0.2095 0.0000
vt 0.8304 0.2762 0.0000
vt 0.8283 0.2428 0.0000
vt 0.8313 0.2420 0.0000
vt 0.5246 0.6147 0.0000
vt 0.5237 0.6031 0.0000
vt 0.5333 0.6044 0.0000
vt 0.5335 0.6128 0.0000
vt 0.4161 0.0159 0.0000
vt 0.4174 0.0117 0.0000
vt 0.4194 0.0125 0.0000
vt 0.4179 0.0166 0.0000
vt 0.4307 0.7782 0.0000
vt 0.9479 0.1215 0.0000
vt 0.9479 0.0094 0.0000
vt 0.9479 0.0194 0.0000
vt 0.4191 0.0096 0.0000
vt 0.4212 0.0099 0.0000
vt 0.5056 0.5896 0.0000
vt 0.5057 0.5884 0.0000
vt 0.8717 0.6226 0.0000
vt 0.2865 0.1104 0.0000
vt 0.2829 0.8227 0.0000
vt 0.2366 0.0146 0.0000
vt 0.5167 0.6201 0.0000
vt 0.5211 0.6134 0.0000
vt 0.3629 0.1265 0.0000
vt 0.2208 0.0121 0.0000
vt 0.2284 0.0136 0.0000
vt 0.5214 0.6029 0.0000
vt 0.7961 0.6234 0.0000
vt 0.7978 0.6167 0.0000
vt 0.8705 0.2396 0.0000
vt 0.8686 0.7621 0.0000
vt 0.8141 0.4131 0.0000
vt 0.8090 0.4138 0.0000
vt 0.9132 0.0616 0.0000
vt 0.9109 0.0575 0.0000
vt 0.9272 0.0530 0.0000
vt 0.9293 0.0586 0.0000
vt 0.4856 0.5707 0.0000
vt 0.8647 0.3154 0.0000
vt 0.8627 0.3546 0.0000
vt 0.2666 0.2339 0.0000
vt 0.2587 0.2294 0.0000
vt 0.4957 0.6220 0.0000
vt 0.2550 0.6744 0.0000
vt 0.4874 0.5625 0.0000
vt 0.7253 0.7105 0.0000
vt 0.7316 0.6312 0.0000
vt 0.5374 0.6900 0.0000
vt 0.5287 0.6904 0.0000
vt 0.8831 0.2393 0.0000
vt 0.7979 0.7621 0.0000
vt 0.2834 0.8264 0.0000
vt 0.1490 0.5048 0.0000
vt 0.1492 0.4900 0.0000
vt 0.5323 0.5954 0.0000
vt 0.1488 0.5241 0.0000
vt 0.5299 0.5799 0.0000
vt 0.9651 0.3835 0.0000
vt 0.9614 0.3835 0.0000
vt 0.9614 0.3716 0.0000
vt 0.9651 0.3716 0.0000
vt 0.9307 0.3716 0.0000
vt 0.9307 0.3835 0.0000
vt 0.9273 0.3835 0.0000
vt 0.9273 0.3716 0.0000
vt 0.9651 0.3596 0.0000
vt 0.9614 0.3596 0.0000
vt 0.9273 0.3596 0.0000
vt 0.9307 0.3596 0.0000
vt 0.9651 0.3528 0.0000
vt 0.9614 0.3528 0.0000
vt 0.7693 0.0564 0.0000
vt 0.7693 0.0039 0.0000
vt 0.7748 0.0049 0.0000
vt 0.7735 0.0577 0.0000
vt 0.9273 0.3528 0.0000
vt 0.9307 0.3528 0.0000
vt 0.9307 0.3890 0.0000
vt 0.9273 0.3890 0.0000
vt 0.8955 0.3716 0.0000
vt 0.8955 0.3835 0.0000
vt 0.9651 0.3890 0.0000
vt 0.9614 0.3890 0.0000
vt 0.9307 0.4820 0.0000
vt 0.9273 0.4820 0.0000
vt 0.9651 0.4820 0.0000
vt 0.9614 0.4820 0.0000
vt 0.8955 0.3596 0.0000
vt 0.8955 0.3528 0.0000
vt 0.8955 0.3890 0.0000
vt 0.8955 0.4820 0.0000
vt 0.2058 0.3124 0.0000
vt 0.2087 0.3012 0.0000
vt 0.2093 0.3019 0.0000
vt 0.2065 0.3124 0.0000
vt 0.2096 0.3279 0.0000
vt 0.2100 0.3274 0.0000
vt 0.2131 0.3311 0.0000
vt 0.2127 0.3319 0.0000
vt 0.2308 0.3307 0.0000
vt 0.2303 0.3301 0.0000
vt 0.2316 0.2987 0.0000
vt 0.2322 0.2982 0.0000
vt 0.2135 0.2945 0.0000
vt 0.2139 0.2954 0.0000
vt 0.2147 0.3053 0.0000
vt 0.2138 0.3147 0.0000
vt 0.2146 0.3256 0.0000
vt 0.2153 0.3280 0.0000
vt 0.2273 0.3279 0.0000
vt 0.2258 0.3240 0.0000
vt 0.2162 0.2993 0.0000
vt 0.2282 0.3017 0.0000
vt 0.2252 0.3180 0.0000
vt 0.2259 0.3105 0.0000
vt 0.6144 0.0651 0.0000
vt 0.6140 0.0655 0.0000
vt 0.6112 0.0625 0.0000
vt 0.6117 0.0616 0.0000
vt 0.6007 0.0625 0.0000
vt 0.6009 0.0634 0.0000
vt 0.6025 0.0912 0.0000
vt 0.6026 0.0906 0.0000
vt 0.6132 0.0898 0.0000
vt 0.6135 0.0901 0.0000
vt 0.6168 0.0827 0.0000
vt 0.6163 0.0825 0.0000
vt 0.6166 0.0749 0.0000
vt 0.6171 0.0747 0.0000
vt 0.5990 0.0866 0.0000
vt 0.5973 0.0812 0.0000
vt 0.5986 0.0811 0.0000
vt 0.5998 0.0863 0.0000
vt 0.5969 0.0716 0.0000
vt 0.5978 0.0716 0.0000
vt 0.5989 0.0655 0.0000
vt 0.5994 0.0658 0.0000
vt 0.6112 0.0676 0.0000
vt 0.6106 0.0652 0.0000
vt 0.6018 0.0659 0.0000
vt 0.6032 0.0894 0.0000
vt 0.6124 0.0889 0.0000
vt 0.6124 0.0829 0.0000
vt 0.6119 0.0759 0.0000
vt 0.6021 0.0814 0.0000
vt 0.6026 0.0859 0.0000
vt 0.6016 0.0724 0.0000
vt 0.6015 0.0676 0.0000
vt 0.9823 0.3043 0.0000
vt 0.9815 0.3211 0.0000
vt 0.9762 0.3179 0.0000
vt 0.9779 0.3060 0.0000
vt 0.9785 0.2983 0.0000
vt 0.9749 0.3007 0.0000
vt 0.9477 0.3209 0.0000
vt 0.9507 0.3181 0.0000
vt 0.9544 0.3221 0.0000
vt 0.9522 0.3266 0.0000
vt 0.9626 0.2928 0.0000
vt 0.9689 0.2930 0.0000
vt 0.9676 0.2956 0.0000
vt 0.9626 0.2950 0.0000
vt 0.9563 0.2946 0.0000
vt 0.9571 0.2964 0.0000
vt 0.9537 0.2986 0.0000
vt 0.9522 0.2972 0.0000
vt 0.9737 0.2947 0.0000
vt 0.9714 0.2973 0.0000
vt 0.9584 0.3243 0.0000
vt 0.9581 0.3301 0.0000
vt 0.9763 0.3273 0.0000
vt 0.9723 0.3220 0.0000
vt 0.9617 0.3250 0.0000
vt 0.9620 0.3311 0.0000
vt 0.9651 0.3249 0.0000
vt 0.9663 0.3311 0.0000
vt 0.9713 0.3300 0.0000
vt 0.9691 0.3241 0.0000
vt 0.9460 0.3098 0.0000
vt 0.9483 0.3093 0.0000
vt 0.9507 0.3023 0.0000
vt 0.9485 0.3014 0.0000
vt 0.9734 0.3163 0.0000
vt 0.9746 0.3070 0.0000
vt 0.9722 0.3027 0.0000
vt 0.9532 0.3164 0.0000
vt 0.9561 0.3196 0.0000
vt 0.9664 0.2988 0.0000
vt 0.9626 0.2983 0.0000
vt 0.9583 0.2994 0.0000
vt 0.9557 0.3012 0.0000
vt 0.9694 0.3001 0.0000
vt 0.9592 0.3213 0.0000
vt 0.9703 0.3196 0.0000
vt 0.9618 0.3219 0.0000
vt 0.9645 0.3219 0.0000
vt 0.9677 0.3212 0.0000
vt 0.9514 0.3096 0.0000
vt 0.9533 0.3041 0.0000
vt 0.9686 0.3135 0.0000
vt 0.9692 0.3083 0.0000
vt 0.9679 0.3059 0.0000
vt 0.9574 0.3135 0.0000
vt 0.9590 0.3153 0.0000
vt 0.9647 0.3038 0.0000
vt 0.9626 0.3036 0.0000
vt 0.9603 0.3043 0.0000
vt 0.9589 0.3052 0.0000
vt 0.9663 0.3045 0.0000
vt 0.9607 0.3163 0.0000
vt 0.9669 0.3154 0.0000
vt 0.9621 0.3166 0.0000
vt 0.9636 0.3167 0.0000
vt 0.9654 0.3163 0.0000
vt 0.9566 0.3097 0.0000
vt 0.9576 0.3068 0.0000
vt 0.9627 0.3103 0.0000
vt 0.9633 0.1974 0.0000
vt 0.9650 0.2019 0.0000
vt 0.9600 0.2055 0.0000
vt 0.9561 0.2025 0.0000
vt 0.9889 0.2034 0.0000
vt 0.9928 0.2101 0.0000
vt 0.9850 0.2111 0.0000
vt 0.9828 0.2067 0.0000
vt 0.9844 0.1992 0.0000
vt 0.9802 0.2041 0.0000
vt 0.9689 0.1959 0.0000
vt 0.9689 0.2010 0.0000
vt 0.9502 0.2146 0.0000
vt 0.9562 0.2132 0.0000
vt 0.9568 0.2217 0.0000
vt 0.9516 0.2253 0.0000
vt 0.9674 0.2392 0.0000
vt 0.9674 0.2309 0.0000
vt 0.9742 0.2311 0.0000
vt 0.9766 0.2391 0.0000
vt 0.9740 0.1957 0.0000
vt 0.9725 0.2009 0.0000
vt 0.9788 0.1967 0.0000
vt 0.9755 0.2016 0.0000
vt 0.9907 0.2296 0.0000
vt 0.9833 0.2366 0.0000
vt 0.9787 0.2293 0.0000
vt 0.9834 0.2250 0.0000
vt 0.9942 0.2169 0.0000
vt 0.9861 0.2173 0.0000
vt 0.9565 0.2333 0.0000
vt 0.9600 0.2265 0.0000
vt 0.9656 0.2032 0.0000
vt 0.9612 0.2064 0.0000
vt 0.9837 0.2114 0.0000
vt 0.9816 0.2075 0.0000
vt 0.9793 0.2051 0.0000
vt 0.9691 0.2023 0.0000
vt 0.9578 0.2133 0.0000
vt 0.9583 0.2210 0.0000
vt 0.9678 0.2292 0.0000
vt 0.9739 0.2294 0.0000
vt 0.9724 0.2022 0.0000
vt 0.9750 0.2029 0.0000
vt 0.9780 0.2278 0.0000
vt 0.9822 0.2239 0.0000
vt 0.9847 0.2170 0.0000
vt 0.9612 0.2253 0.0000
vt 0.9686 0.2111 0.0000
vt 0.9669 0.2124 0.0000
vt 0.9758 0.2143 0.0000
vt 0.9750 0.2127 0.0000
vt 0.9740 0.2118 0.0000
vt 0.9699 0.2107 0.0000
vt 0.9655 0.2150 0.0000
vt 0.9657 0.2180 0.0000
vt 0.9694 0.2213 0.0000
vt 0.9718 0.2215 0.0000
vt 0.9712 0.2107 0.0000
vt 0.9723 0.2109 0.0000
vt 0.9734 0.2209 0.0000
vt 0.9751 0.2194 0.0000
vt 0.9761 0.2166 0.0000
vt 0.9668 0.2197 0.0000
vt 0.9710 0.2155 0.0000
vt 0.1485 0.6243 0.0000
vt 0.1554 0.8284 0.0000
vt 0.4819 0.6930 0.0000
vt 0.8514 0.2091 0.0000
vt 0.8685 0.2089 0.0000
vt 0.1528 0.7764 0.0000
vt 0.8146 0.2095 0.0000
vt 0.1492 0.1235 0.0000
vt 0.1494 0.0906 0.0000
vt 0.1490 0.1530 0.0000
vt 0.8284 0.2093 0.0000
vt 0.1487 0.2042 0.0000
vt 0.8322 0.2093 0.0000
vt 0.8705 0.2089 0.0000
vt 0.9479 0.1834 0.0000
vt 0.9479 0.1836 0.0000
vt 0.1499 0.0203 0.0000
vt 0.1501 0.0039 0.0000
vt 0.7231 0.7621 0.0000
vt 0.8500 0.7621 0.0000
vt 0.9308 0.0351 0.0000
vt 0.9479 0.0379 0.0000
vt 0.9479 0.0560 0.0000
vt 0.8827 0.2087 0.0000
vt 0.1498 0.0453 0.0000
vt 0.1486 0.2163 0.0000
vt 0.1496 0.0723 0.0000
vt 0.1556 0.8332 0.0000
vt 0.8883 0.7621 0.0000
vt 0.9475 0.0614 0.0000
vt 0.9479 0.0613 0.0000
vt 0.1491 0.3915 0.0000
vt 0.9031 0.0470 0.0000
vt 0.9002 0.0400 0.0000
vt 0.9147 0.0390 0.0000
vt 0.9173 0.0442 0.0000
vt 0.9014 0.0250 0.0000
vt 0.9152 0.0286 0.0000
vt 0.9143 0.0315 0.0000
vt 0.9003 0.0291 0.0000
vt 0.9060 0.0175 0.0000
vt 0.9191 0.0231 0.0000
vt 0.9170 0.0252 0.0000
vt 0.9039 0.0201 0.0000
vt 0.9024 0.0227 0.0000
vt 0.9159 0.0270 0.0000
vt 0.8997 0.0344 0.0000
vt 0.9141 0.0351 0.0000
vt 0.9083 0.0132 0.0000
vt 0.9088 0.0129 0.0000
vt 0.9221 0.0211 0.0000
vt 0.9130 0.0092 0.0000
vt 0.9264 0.0182 0.0000
vt 0.9098 0.0126 0.0000
vt 0.9070 0.0524 0.0000
vt 0.9216 0.0482 0.0000
vt 0.9092 0.0127 0.0000
vt 0.9063 0.0156 0.0000
vt 0.9058 0.0165 0.0000
vt 0.8893 0.3116 0.0000
vt 0.8863 0.3589 0.0000
vt 0.8896 0.2776 0.0000
vt 0.8849 0.3681 0.0000
vt 0.8827 0.3842 0.0000
vt 0.8801 0.4003 0.0000
vt 0.8790 0.4098 0.0000
vt 0.8884 0.2394 0.0000
vt 0.8882 0.2086 0.0000
vt 0.9002 0.1548 0.0000
vt 0.8997 0.1486 0.0000
vt 0.9150 0.1478 0.0000
vt 0.9150 0.1521 0.0000
vt 0.9107 0.1733 0.0000
vt 0.9090 0.1720 0.0000
vt 0.9231 0.1637 0.0000
vt 0.9248 0.1646 0.0000
vt 0.9022 0.1398 0.0000
vt 0.9171 0.1417 0.0000
vt 0.9158 0.1443 0.0000
vt 0.9004 0.1436 0.0000
vt 0.9075 0.1316 0.0000
vt 0.9107 0.1275 0.0000
vt 0.9227 0.1363 0.0000
vt 0.9129 0.1747 0.0000
vt 0.9272 0.1656 0.0000
vt 0.9283 0.1662 0.0000
vt 0.9135 0.1754 0.0000
vt 0.9140 0.1762 0.0000
vt 0.9136 0.1762 0.0000
vt 0.9014 0.1603 0.0000
vt 0.9159 0.1558 0.0000
vt 0.9186 0.1604 0.0000
vt 0.9044 0.1671 0.0000
vt 0.9166 0.1788 0.0000
vt 0.9479 0.1686 0.0000
vt 0.9479 0.1504 0.0000
vt 0.9303 0.1500 0.0000
vt 0.9153 0.1086 0.0000
vt 0.9307 0.1099 0.0000
vt 0.9157 0.0695 0.0000
vt 0.9312 0.0746 0.0000
vt 0.9160 0.0756 0.0000
vt 0.9146 0.0649 0.0000
vt 0.9476 0.1149 0.0000
vt 0.9482 0.0789 0.0000
vt 0.7397 0.4116 0.0000
vt 0.7372 0.4149 0.0000
vt 0.7362 0.4133 0.0000
vt 0.7382 0.4108 0.0000
vt 0.7320 0.4168 0.0000
vt 0.7316 0.4148 0.0000
vt 0.7325 0.3115 0.0000
vt 0.7374 0.3157 0.0000
vt 0.7366 0.3173 0.0000
vt 0.7323 0.3125 0.0000
vt 0.7414 0.3744 0.0000
vt 0.7408 0.3747 0.0000
vt 0.7402 0.3347 0.0000
vt 0.7409 0.3348 0.0000
vt 0.7029 0.4071 0.0000
vt 0.7045 0.4068 0.0000
vt 0.7063 0.4122 0.0000
vt 0.7050 0.4134 0.0000
vt 0.7079 0.4176 0.0000
vt 0.7086 0.4156 0.0000
vt 0.7114 0.4162 0.0000
vt 0.7109 0.4187 0.0000
vt 0.7020 0.3820 0.0000
vt 0.7020 0.3374 0.0000
vt 0.7029 0.3381 0.0000
vt 0.7032 0.3818 0.0000
vt 0.7413 0.4033 0.0000
vt 0.7403 0.4023 0.0000
vt 0.7045 0.3181 0.0000
vt 0.7052 0.3190 0.0000
vt 0.7053 0.3175 0.0000
vt 0.7048 0.3169 0.0000
vt 0.7407 0.4076 0.0000
vt 0.7393 0.4071 0.0000
vt 0.7028 0.4003 0.0000
vt 0.7038 0.4006 0.0000
vt 0.7094 0.4115 0.0000
vt 0.7141 0.4119 0.0000
vt 0.7107 0.4100 0.0000
vt 0.7189 0.4127 0.0000
vt 0.7256 0.4125 0.0000
vt 0.7301 0.4117 0.0000
vt 0.7341 0.4091 0.0000
vt 0.7072 0.4092 0.0000
vt 0.7083 0.4080 0.0000
vt 0.7064 0.4059 0.0000
vt 0.7051 0.4017 0.0000
vt 0.7042 0.3821 0.0000
vt 0.7368 0.4062 0.0000
vt 0.7390 0.4024 0.0000
vt 0.7399 0.3749 0.0000
vt 0.7393 0.3343 0.0000
vt 0.7362 0.3189 0.0000
vt 0.7270 0.3180 0.0000
vt 0.7210 0.3183 0.0000
vt 0.7211 0.3173 0.0000
vt 0.7269 0.3169 0.0000
vt 0.7063 0.3204 0.0000
vt 0.7041 0.3380 0.0000
vt 0.7136 0.4084 0.0000
vt 0.7159 0.4092 0.0000
vt 0.7201 0.4095 0.0000
vt 0.7255 0.4092 0.0000
vt 0.7285 0.4088 0.0000
vt 0.7309 0.4088 0.0000
vt 0.7113 0.4072 0.0000
vt 0.7091 0.4054 0.0000
vt 0.7081 0.4016 0.0000
vt 0.7082 0.3805 0.0000
vt 0.7339 0.4062 0.0000
vt 0.7362 0.4025 0.0000
vt 0.7369 0.3751 0.0000
vt 0.7363 0.3348 0.0000
vt 0.7344 0.3214 0.0000
vt 0.7139 0.3190 0.0000
vt 0.7145 0.3240 0.0000
vt 0.7086 0.3224 0.0000
vt 0.7075 0.3385 0.0000
vt 0.7141 0.3179 0.0000
vt 0.7269 0.3236 0.0000
vt 0.7205 0.3244 0.0000
vt 0.7151 0.4066 0.0000
vt 0.7201 0.4070 0.0000
vt 0.7255 0.4069 0.0000
vt 0.7292 0.4063 0.0000
vt 0.7299 0.4033 0.0000
vt 0.7256 0.4036 0.0000
vt 0.7199 0.4040 0.0000
vt 0.7146 0.4040 0.0000
vt 0.7284 0.3789 0.0000
vt 0.7277 0.3383 0.0000
vt 0.7147 0.3790 0.0000
vt 0.7141 0.3386 0.0000
vt 0.7213 0.3790 0.0000
vt 0.7206 0.3387 0.0000
vt 0.1518 0.7591 0.0000
vt 0.1500 0.3469 0.0000
vt 0.7283 0.3994 0.0000
vt 0.7146 0.3993 0.0000
vt 0.7212 0.3994 0.0000
vt 0.4731 0.1137 0.0000
vt 0.4751 0.1137 0.0000
vt 0.4751 0.1277 0.0000
vt 0.4731 0.1277 0.0000
vt 0.4729 0.0998 0.0000
vt 0.4623 0.1137 0.0000
vt 0.4623 0.0994 0.0000
vt 0.4857 0.1135 0.0000
vt 0.4851 0.1277 0.0000
vt 0.4750 0.0998 0.0000
vt 0.4631 0.1278 0.0000
vt 0.4855 0.0994 0.0000
vt 0.9105 0.3233 0.0000
vt 0.9125 0.3233 0.0000
vt 0.9125 0.3372 0.0000
vt 0.9104 0.3372 0.0000
vt 0.9103 0.3093 0.0000
vt 0.8997 0.3232 0.0000
vt 0.8997 0.3089 0.0000
vt 0.9231 0.3230 0.0000
vt 0.9225 0.3373 0.0000
vt 0.9124 0.3093 0.0000
vt 0.9005 0.3373 0.0000
vt 0.9229 0.3089 0.0000
vt 0.1801 0.4127 0.0000
vt 0.1781 0.4127 0.0000
vt 0.1784 0.3987 0.0000
vt 0.1804 0.3987 0.0000
vt 0.1799 0.4267 0.0000
vt 0.1904 0.4132 0.0000
vt 0.1899 0.4274 0.0000
vt 0.1679 0.4129 0.0000
vt 0.1684 0.3987 0.0000
vt 0.1779 0.4267 0.0000
vt 0.1903 0.3991 0.0000
vt 0.1679 0.4270 0.0000
vt 0.0161 0.3506 0.0000
vt 0.0140 0.3506 0.0000
vt 0.0143 0.3366 0.0000
vt 0.0164 0.3366 0.0000
vt 0.0159 0.3646 0.0000
vt 0.0263 0.3512 0.0000
vt 0.0258 0.3653 0.0000
vt 0.0039 0.3508 0.0000
vt 0.0044 0.3366 0.0000
vt 0.0138 0.3646 0.0000
vt 0.0263 0.3370 0.0000
vt 0.0039 0.3649 0.0000
vt 0.8864 0.8268 0.0000
vt 0.8759 0.8278 0.0000
vt 0.8760 0.8209 0.0000
vt 0.8863 0.8199 0.0000
vt 0.7507 0.7985 0.0000
vt 0.7527 0.7984 0.0000
vt 0.6637 0.7623 0.0000
vt 0.6619 0.7592 0.0000
vt 0.6632 0.7581 0.0000
vt 0.6653 0.7618 0.0000
vt 0.1111 0.8035 0.0000
vt 0.1079 0.8248 0.0000
vt 0.8733 0.8858 0.0000
vt 0.8756 0.8632 0.0000
vt 0.8847 0.8647 0.0000
vt 0.8834 0.8871 0.0000
vt 0.5086 0.7928 0.0000
vt 0.5098 0.7958 0.0000
vt 0.5073 0.7946 0.0000
vt 0.5073 0.7935 0.0000
vt 0.8722 0.8951 0.0000
vt 0.8636 0.8957 0.0000
vt 0.8664 0.8855 0.0000
vt 0.5635 0.7180 0.0000
vt 0.5583 0.7196 0.0000
vt 0.5552 0.6946 0.0000
vt 0.5598 0.6934 0.0000
vt 0.5346 0.8204 0.0000
vt 0.5319 0.8181 0.0000
vt 0.5309 0.8022 0.0000
vt 0.5343 0.7986 0.0000
vt 0.6556 0.7374 0.0000
vt 0.6580 0.7024 0.0000
vt 0.6604 0.7367 0.0000
vt 0.6564 0.6746 0.0000
vt 0.6547 0.6371 0.0000
vt 0.6625 0.6363 0.0000
vt 0.6633 0.6758 0.0000
vt 0.4992 0.7859 0.0000
vt 0.5044 0.7908 0.0000
vt 0.5032 0.7937 0.0000
vt 0.4928 0.7878 0.0000
vt 0.8510 0.8144 0.0000
vt 0.8687 0.8071 0.0000
vt 0.8688 0.8258 0.0000
vt 0.8517 0.8312 0.0000
vt 0.0849 0.1541 0.0000
vt 0.0670 0.1551 0.0000
vt 0.0688 0.1289 0.0000
vt 0.0866 0.1269 0.0000
vt 0.0280 0.0408 0.0000
vt 0.0177 0.0412 0.0000
vt 0.0217 0.0175 0.0000
vt 0.0290 0.0171 0.0000
vt 0.8120 0.9137 0.0000
vt 0.7972 0.9274 0.0000
vt 0.8101 0.9122 0.0000
vt 0.5265 0.7901 0.0000
vt 0.5255 0.7885 0.0000
vt 0.5293 0.7835 0.0000
vt 0.5333 0.7844 0.0000
vt 0.8450 0.1767 0.0000
vt 0.8333 0.1769 0.0000
vt 0.5617 0.7685 0.0000
vt 0.5684 0.7656 0.0000
vt 0.5689 0.7737 0.0000
vt 0.5613 0.7786 0.0000
vt 0.8842 0.8954 0.0000
vt 0.8823 0.8954 0.0000
vt 0.8853 0.8868 0.0000
vt 0.4871 0.7773 0.0000
vt 0.4924 0.7765 0.0000
vt 0.4878 0.7886 0.0000
vt 0.7597 0.7979 0.0000
vt 0.7141 0.2527 0.0000
vt 0.7081 0.2626 0.0000
vt 0.6993 0.2541 0.0000
vt 0.7040 0.2406 0.0000
vt 0.8316 0.0225 0.0000
vt 0.8328 0.0370 0.0000
vt 0.8178 0.0364 0.0000
vt 0.8174 0.0193 0.0000
vt 0.8511 0.8951 0.0000
vt 0.8545 0.9057 0.0000
vt 0.8462 0.9092 0.0000
vt 0.8441 0.8972 0.0000
vt 0.7510 0.8712 0.0000
vt 0.7381 0.8722 0.0000
vt 0.7362 0.8349 0.0000
vt 0.7489 0.8326 0.0000
vt 0.0254 0.2388 0.0000
vt 0.0131 0.2452 0.0000
vt 0.0039 0.2315 0.0000
vt 0.0204 0.2218 0.0000
vt 0.6182 0.7653 0.0000
vt 0.6153 0.7454 0.0000
vt 0.6278 0.7559 0.0000
vt 0.6253 0.7646 0.0000
vt 0.8684 0.1074 0.0000
vt 0.8656 0.0580 0.0000
vt 0.8795 0.0603 0.0000
vt 0.8814 0.1075 0.0000
vt 0.8332 0.0896 0.0000
vt 0.8316 0.0899 0.0000
vt 0.8306 0.0764 0.0000
vt 0.8327 0.0759 0.0000
vt 0.0801 0.6425 0.0000
vt 0.0641 0.6418 0.0000
vt 0.0642 0.6339 0.0000
vt 0.0811 0.6348 0.0000
vt 0.6739 0.7501 0.0000
vt 0.6625 0.7366 0.0000
vt 0.6868 0.7343 0.0000
vt 0.6863 0.7576 0.0000
vt 0.6885 0.6968 0.0000
vt 0.6636 0.7002 0.0000
vt 0.6885 0.6768 0.0000
vt 0.6362 0.0247 0.0000
vt 0.6265 0.0231 0.0000
vt 0.6304 0.0070 0.0000
vt 0.6398 0.0062 0.0000
vt 0.7919 0.1396 0.0000
vt 0.8111 0.1395 0.0000
vt 0.8110 0.1738 0.0000
vt 0.7939 0.1764 0.0000
vt 0.7368 0.2789 0.0000
vt 0.7293 0.2857 0.0000
vt 0.8827 0.9018 0.0000
vt 0.8809 0.9019 0.0000
vt 0.0983 0.6041 0.0000
vt 0.0809 0.6031 0.0000
vt 0.0808 0.5739 0.0000
vt 0.1106 0.5747 0.0000
vt 0.0412 0.7549 0.0000
vt 0.0443 0.7754 0.0000
vt 0.0206 0.7626 0.0000
vt 0.0268 0.7486 0.0000
vt 0.5668 0.7497 0.0000
vt 0.5705 0.7168 0.0000
vt 0.5738 0.7499 0.0000
vt 0.6237 0.2751 0.0000
vt 0.6600 0.2732 0.0000
vt 0.6610 0.4350 0.0000
vt 0.6249 0.4359 0.0000
vt 0.6966 0.7589 0.0000
vt 0.6855 0.7652 0.0000
vt 0.6846 0.7634 0.0000
vt 0.0459 0.8022 0.0000
vt 0.0241 0.8018 0.0000
vt 0.6569 0.7560 0.0000
vt 0.6571 0.7579 0.0000
vt 0.0897 0.0591 0.0000
vt 0.1177 0.0473 0.0000
vt 0.1156 0.0743 0.0000
vt 0.0891 0.0861 0.0000
vt 0.8323 0.1129 0.0000
vt 0.8348 0.1127 0.0000
vt 0.8343 0.1210 0.0000
vt 0.8319 0.1211 0.0000
vt 0.5205 0.7500 0.0000
vt 0.5186 0.7145 0.0000
vt 0.5302 0.7209 0.0000
vt 0.5321 0.7558 0.0000
vt 0.6301 0.5827 0.0000
vt 0.6547 0.5746 0.0000
vt 0.6545 0.6089 0.0000
vt 0.6316 0.6076 0.0000
vt 0.1194 0.0220 0.0000
vt 0.0906 0.0314 0.0000
vt 0.0904 0.0096 0.0000
vt 0.1227 0.0055 0.0000
vt 0.7994 0.7914 0.0000
vt 0.8052 0.7921 0.0000
vt 0.7542 0.8156 0.0000
vt 0.7519 0.8159 0.0000
vt 0.5744 0.6712 0.0000
vt 0.5843 0.6694 0.0000
vt 0.5865 0.6892 0.0000
vt 0.5776 0.6914 0.0000
vt 0.8457 0.7933 0.0000
vt 0.8457 0.8147 0.0000
vt 0.8227 0.8132 0.0000
vt 0.8232 0.7930 0.0000
vt 0.8511 0.7933 0.0000
vt 0.7610 0.8157 0.0000
vt 0.8459 0.8317 0.0000
vt 0.8525 0.8443 0.0000
vt 0.8459 0.8444 0.0000
vt 0.5595 0.7784 0.0000
vt 0.5598 0.7686 0.0000
vt 0.6787 0.7641 0.0000
vt 0.6757 0.7577 0.0000
vt 0.6930 0.7689 0.0000
vt 0.6850 0.7709 0.0000
vt 0.6807 0.7669 0.0000
vt 0.6249 0.1811 0.0000
vt 0.6159 0.1651 0.0000
vt 0.6359 0.1418 0.0000
vt 0.6555 0.1511 0.0000
vt 0.0478 0.8263 0.0000
vt 0.0272 0.8258 0.0000
vt 0.8450 0.1079 0.0000
vt 0.8444 0.1222 0.0000
vt 0.5233 0.7912 0.0000
vt 0.5215 0.7914 0.0000
vt 0.0942 0.7761 0.0000
vt 0.1161 0.7764 0.0000
vt 0.0896 0.8026 0.0000
vt 0.8330 0.0991 0.0000
vt 0.8359 0.0988 0.0000
vt 0.4915 0.8364 0.0000
vt 0.4907 0.8275 0.0000
vt 0.4961 0.8267 0.0000
vt 0.4990 0.8355 0.0000
vt 0.5657 0.6922 0.0000
vt 0.0471 0.0649 0.0000
vt 0.0260 0.0662 0.0000
vt 0.0487 0.0382 0.0000
vt 0.5231 0.7942 0.0000
vt 0.5214 0.7950 0.0000
vt 0.7679 0.3326 0.0000
vt 0.7774 0.3257 0.0000
vt 0.7796 0.3400 0.0000
vt 0.7706 0.3409 0.0000
vt 0.5286 0.8232 0.0000
vt 0.5333 0.8271 0.0000
vt 0.5759 0.2466 0.0000
vt 0.6234 0.2421 0.0000
vt 0.5763 0.2778 0.0000
vt 0.8303 0.1117 0.0000
vt 0.8290 0.1213 0.0000
vt 0.8274 0.1114 0.0000
vt 0.8276 0.1077 0.0000
vt 0.8143 0.1216 0.0000
vt 0.8163 0.1116 0.0000
vt 0.8165 0.0765 0.0000
vt 0.8279 0.0842 0.0000
vt 0.8179 0.0840 0.0000
vt 0.6321 0.6782 0.0000
vt 0.6276 0.6298 0.0000
vt 0.7979 0.8349 0.0000
vt 0.8049 0.8338 0.0000
vt 0.8076 0.8783 0.0000
vt 0.8020 0.8792 0.0000
vt 0.8124 0.1036 0.0000
vt 0.8094 0.1036 0.0000
vt 0.8103 0.0915 0.0000
vt 0.8131 0.0918 0.0000
vt 0.7460 0.8003 0.0000
vt 0.7332 0.8058 0.0000
vt 0.8373 0.0372 0.0000
vt 0.8372 0.0229 0.0000
vt 0.8398 0.0227 0.0000
vt 0.8404 0.0379 0.0000
vt 0.5034 0.7959 0.0000
vt 0.6632 0.0289 0.0000
vt 0.6592 0.0284 0.0000
vt 0.6645 0.0058 0.0000
vt 0.6693 0.0048 0.0000
vt 0.8457 0.0987 0.0000
vt 0.7550 0.8320 0.0000
vt 0.7576 0.8704 0.0000
vt 0.7555 0.8707 0.0000
vt 0.7530 0.8318 0.0000
vt 0.8163 0.8458 0.0000
vt 0.8169 0.8863 0.0000
vt 0.6316 0.7722 0.0000
vt 0.6249 0.7730 0.0000
vt 0.6319 0.7657 0.0000
vt 0.6477 0.0813 0.0000
vt 0.6562 0.0945 0.0000
vt 0.6443 0.0997 0.0000
vt 0.6408 0.0829 0.0000
vt 0.8323 0.0534 0.0000
vt 0.8177 0.0540 0.0000
vt 0.6626 0.6089 0.0000
vt 0.6623 0.5757 0.0000
vt 0.6876 0.5785 0.0000
vt 0.6879 0.6099 0.0000
vt 0.6585 0.2186 0.0000
vt 0.6245 0.2162 0.0000
vt 0.7929 0.0861 0.0000
vt 0.7966 0.0738 0.0000
vt 0.8121 0.0825 0.0000
vt 0.8720 0.8339 0.0000
vt 0.6337 0.7651 0.0000
vt 0.6340 0.7718 0.0000
vt 0.5008 0.8038 0.0000
vt 0.4940 0.8015 0.0000
vt 0.5048 0.7989 0.0000
vt 0.5396 0.7197 0.0000
vt 0.5415 0.7549 0.0000
vt 0.7904 0.1008 0.0000
vt 0.6654 0.0964 0.0000
vt 0.6838 0.0958 0.0000
vt 0.6845 0.1212 0.0000
vt 0.6646 0.1225 0.0000
vt 0.7926 0.8157 0.0000
vt 0.7883 0.8175 0.0000
vt 0.7882 0.8150 0.0000
vt 0.7967 0.8118 0.0000
vt 0.6992 0.6955 0.0000
vt 0.6974 0.7348 0.0000
vt 0.8608 0.0114 0.0000
vt 0.8613 0.0193 0.0000
vt 0.8600 0.0192 0.0000
vt 0.0242 0.6704 0.0000
vt 0.0381 0.6770 0.0000
vt 0.0322 0.6974 0.0000
vt 0.0136 0.6925 0.0000
vt 0.7732 0.4709 0.0000
vt 0.7734 0.4579 0.0000
vt 0.7829 0.4581 0.0000
vt 0.7822 0.4733 0.0000
vt 0.0790 0.6220 0.0000
vt 0.5910 0.7481 0.0000
vt 0.6163 0.7654 0.0000
vt 0.5919 0.7658 0.0000
vt 0.7654 0.8119 0.0000
vt 0.7650 0.7973 0.0000
vt 0.7894 0.7911 0.0000
vt 0.0226 0.1622 0.0000
vt 0.0437 0.1589 0.0000
vt 0.0356 0.2152 0.0000
vt 0.8230 0.8324 0.0000
vt 0.8238 0.8442 0.0000
vt 0.6919 0.5791 0.0000
vt 0.6918 0.6100 0.0000
vt 0.5813 0.7170 0.0000
vt 0.0467 0.0919 0.0000
vt 0.0673 0.0901 0.0000
vt 0.0683 0.1086 0.0000
vt 0.0463 0.1103 0.0000
vt 0.8336 0.1427 0.0000
vt 0.8319 0.1429 0.0000
vt 0.0760 0.4008 0.0000
vt 0.0754 0.4767 0.0000
vt 0.0640 0.4791 0.0000
vt 0.0618 0.3983 0.0000
vt 0.8344 0.0635 0.0000
vt 0.8368 0.0635 0.0000
vt 0.8348 0.0753 0.0000
vt 0.5148 0.8295 0.0000
vt 0.5206 0.8288 0.0000
vt 0.5249 0.8340 0.0000
vt 0.5126 0.8382 0.0000
vt 0.6579 0.0814 0.0000
vt 0.6531 0.0753 0.0000
vt 0.8686 0.1408 0.0000
vt 0.8818 0.1410 0.0000
vt 0.8242 0.8873 0.0000
vt 0.6850 0.4644 0.0000
vt 0.6852 0.4372 0.0000
vt 0.6899 0.4384 0.0000
vt 0.6899 0.4636 0.0000
vt 0.6913 0.5255 0.0000
vt 0.6863 0.5252 0.0000
vt 0.7041 0.6099 0.0000
vt 0.7165 0.6289 0.0000
vt 0.6977 0.6446 0.0000
vt 0.5529 0.4333 0.0000
vt 0.5743 0.4351 0.0000
vt 0.5731 0.4622 0.0000
vt 0.5535 0.4647 0.0000
vt 0.6622 0.7517 0.0000
vt 0.6547 0.0572 0.0000
vt 0.6597 0.0539 0.0000
vt 0.6227 0.5215 0.0000
vt 0.6570 0.5199 0.0000
vt 0.6231 0.5638 0.0000
vt 0.6125 0.5515 0.0000
vt 0.4898 0.8159 0.0000
vt 0.4949 0.8156 0.0000
vt 0.8633 0.0592 0.0000
vt 0.8429 0.0626 0.0000
vt 0.8422 0.0550 0.0000
vt 0.8626 0.0518 0.0000
vt 0.8443 0.1423 0.0000
vt 0.7983 0.8131 0.0000
vt 0.8045 0.8128 0.0000
vt 0.8626 0.0347 0.0000
vt 0.8650 0.0511 0.0000
vt 0.8609 0.0346 0.0000
vt 0.8380 0.0529 0.0000
vt 0.8359 0.0532 0.0000
vt 0.8358 0.0370 0.0000
vt 0.0976 0.2182 0.0000
vt 0.0801 0.2199 0.0000
vt 0.0799 0.2065 0.0000
vt 0.0958 0.2051 0.0000
vt 0.8146 0.0834 0.0000
vt 0.4953 0.8420 0.0000
vt 0.4919 0.8423 0.0000
vt 0.6954 0.7661 0.0000
vt 0.0488 0.0149 0.0000
vt 0.6434 0.0609 0.0000
vt 0.7979 0.7912 0.0000
vt 0.0861 0.8264 0.0000
vt 0.1065 0.8311 0.0000
vt 0.0847 0.8326 0.0000
vt 0.0206 0.7422 0.0000
vt 0.0383 0.7005 0.0000
vt 0.8070 0.9050 0.0000
vt 0.8002 0.9068 0.0000
vt 0.7987 0.8993 0.0000
vt 0.8047 0.8960 0.0000
vt 0.8477 0.0978 0.0000
vt 0.8461 0.0872 0.0000
vt 0.8478 0.0871 0.0000
vt 0.5033 0.8378 0.0000
vt 0.5049 0.8258 0.0000
vt 0.5087 0.8281 0.0000
vt 0.6893 0.2449 0.0000
vt 0.6967 0.2319 0.0000
vt 0.8887 0.8039 0.0000
vt 0.8861 0.8041 0.0000
vt 0.8867 0.7872 0.0000
vt 0.8887 0.7869 0.0000
vt 0.8479 0.1219 0.0000
vt 0.8470 0.1050 0.0000
vt 0.5506 0.5342 0.0000
vt 0.5520 0.5175 0.0000
vt 0.5725 0.5206 0.0000
vt 0.5751 0.5364 0.0000
vt 0.5764 0.2219 0.0000
vt 0.5798 0.2014 0.0000
vt 0.0818 0.5227 0.0000
vt 0.0665 0.5742 0.0000
vt 0.0644 0.5197 0.0000
vt 0.8314 0.0993 0.0000
vt 0.6618 0.5231 0.0000
vt 0.6362 0.7570 0.0000
vt 0.6370 0.7584 0.0000
vt 0.6347 0.7604 0.0000
vt 0.6328 0.7600 0.0000
vt 0.0474 0.6486 0.0000
vt 0.0391 0.6380 0.0000
vt 0.8186 0.9079 0.0000
vt 0.8131 0.9034 0.0000
vt 0.0654 0.6025 0.0000
vt 0.5549 0.2777 0.0000
vt 0.5537 0.2460 0.0000
vt 0.0656 0.2074 0.0000
vt 0.9741 0.1891 0.0000
vt 0.9629 0.1854 0.0000
vt 0.9643 0.1796 0.0000
vt 0.9772 0.1834 0.0000
vt 0.8278 0.0912 0.0000
vt 0.8482 0.1420 0.0000
vt 0.8504 0.1763 0.0000
vt 0.8761 0.8051 0.0000
vt 0.8761 0.7878 0.0000
vt 0.6875 0.6354 0.0000
vt 0.8009 0.0646 0.0000
vt 0.8141 0.0746 0.0000
vt 0.6346 0.0485 0.0000
vt 0.6315 0.0631 0.0000
vt 0.6221 0.0533 0.0000
vt 0.6237 0.0405 0.0000
vt 0.8316 0.0638 0.0000
vt 0.8178 0.0632 0.0000
vt 0.9689 0.1308 0.0000
vt 0.9693 0.1336 0.0000
vt 0.0623 0.3632 0.0000
vt 0.0495 0.3610 0.0000
vt 0.0575 0.3481 0.0000
vt 0.0654 0.3503 0.0000
vt 0.6163 0.7740 0.0000
vt 0.5928 0.7755 0.0000
vt 0.4992 0.7173 0.0000
vt 0.4891 0.7266 0.0000
vt 0.8131 0.1163 0.0000
vt 0.8097 0.1164 0.0000
vt 0.6836 0.2405 0.0000
vt 0.6840 0.2200 0.0000
vt 0.8682 0.7890 0.0000
vt 0.8140 0.0545 0.0000
vt 0.8147 0.0633 0.0000
vt 0.7470 0.8156 0.0000
vt 0.7340 0.8140 0.0000
vt 0.5614 0.7504 0.0000
vt 0.7215 0.5995 0.0000
vt 0.7353 0.6139 0.0000
vt 0.8169 0.8952 0.0000
vt 0.8102 0.8944 0.0000
vt 0.0264 0.0957 0.0000
vt 0.0247 0.1134 0.0000
vt 0.0477 0.8324 0.0000
vt 0.5619 0.6726 0.0000
vt 0.0453 0.1327 0.0000
vt 0.0240 0.1326 0.0000
vt 0.4888 0.8022 0.0000
vt 0.4862 0.7642 0.0000
vt 0.4837 0.7268 0.0000
vt 0.4916 0.7636 0.0000
vt 0.7597 0.3208 0.0000
vt 0.7679 0.3140 0.0000
vt 0.8786 0.0538 0.0000
vt 0.8885 0.8197 0.0000
vt 0.6372 0.0735 0.0000
vt 0.6139 0.7086 0.0000
vt 0.5889 0.7152 0.0000
vt 0.6131 0.6838 0.0000
vt 0.8449 0.8869 0.0000
vt 0.5563 0.6732 0.0000
vt 0.8035 0.0588 0.0000
vt 0.8062 0.0518 0.0000
vt 0.6604 0.4650 0.0000
vt 0.6236 0.4628 0.0000
vt 0.5559 0.2015 0.0000
vt 0.5551 0.2210 0.0000
vt 0.0172 0.7446 0.0000
vt 0.0039 0.7152 0.0000
vt 0.1132 0.0925 0.0000
vt 0.0880 0.1046 0.0000
vt 0.8455 0.0671 0.0000
vt 0.8465 0.0714 0.0000
vt 0.8448 0.0715 0.0000
vt 0.5753 0.7665 0.0000
vt 0.8277 0.0984 0.0000
vt 0.0515 0.3419 0.0000
vt 0.0433 0.3472 0.0000
vt 0.0283 0.3038 0.0000
vt 0.0366 0.2996 0.0000
vt 0.7354 0.4493 0.0000
vt 0.7350 0.4671 0.0000
vt 0.0656 0.0631 0.0000
vt 0.6349 0.7521 0.0000
vt 0.0643 0.0356 0.0000
vt 0.8170 0.0886 0.0000
vt 0.8167 0.0935 0.0000
vt 0.0879 0.3911 0.0000
vt 0.0838 0.3794 0.0000
vt 0.1131 0.3785 0.0000
vt 0.1154 0.3906 0.0000
vt 0.5270 0.7925 0.0000
vt 0.6994 0.6765 0.0000
vt 0.0503 0.3757 0.0000
vt 0.0612 0.3824 0.0000
vt 0.8146 0.0373 0.0000
vt 0.8143 0.0192 0.0000
vt 0.6332 0.7069 0.0000
vt 0.5095 0.7149 0.0000
vt 0.8100 0.0349 0.0000
vt 0.8096 0.0172 0.0000
vt 0.8238 0.8961 0.0000
vt 0.0818 0.3640 0.0000
vt 0.0794 0.3493 0.0000
vt 0.7955 0.8802 0.0000
vt 0.7930 0.8814 0.0000
vt 0.7899 0.8363 0.0000
vt 0.7927 0.8358 0.0000
vt 0.6473 0.0287 0.0000
vt 0.7736 0.4432 0.0000
vt 0.7824 0.4429 0.0000
vt 0.0497 0.4794 0.0000
vt 0.0509 0.3932 0.0000
vt 0.5754 0.7742 0.0000
vt 0.5561 0.7195 0.0000
vt 0.5526 0.6944 0.0000
vt 0.5246 0.8267 0.0000
vt 0.5284 0.8312 0.0000
vt 0.6628 0.1516 0.0000
vt 0.6557 0.1222 0.0000
vt 0.7913 0.1266 0.0000
vt 0.7907 0.1152 0.0000
vt 0.8109 0.1270 0.0000
vt 0.8510 0.8866 0.0000
vt 0.5398 0.8216 0.0000
vt 0.5373 0.8293 0.0000
vt 0.6428 0.1204 0.0000
vt 0.8364 0.0888 0.0000
vt 0.7828 0.5599 0.0000
vt 0.7743 0.5826 0.0000
vt 0.7649 0.5624 0.0000
vt 0.7698 0.5545 0.0000
vt 0.7297 0.8724 0.0000
vt 0.7277 0.8355 0.0000
vt 0.4918 0.8490 0.0000
vt 0.5015 0.8464 0.0000
vt 0.6336 0.7411 0.0000
vt 0.1132 0.3471 0.0000
vt 0.1134 0.3629 0.0000
vt 0.6822 0.0535 0.0000
vt 0.6663 0.0537 0.0000
vt 0.6668 0.0287 0.0000
vt 0.6802 0.0278 0.0000
vt 0.8159 0.1031 0.0000
vt 0.0532 0.6386 0.0000
vt 0.0568 0.6447 0.0000
vt 0.0528 0.6514 0.0000
vt 0.8158 0.1087 0.0000
vt 0.0788 0.4851 0.0000
vt 0.0854 0.4885 0.0000
vt 0.0839 0.5033 0.0000
vt 0.0634 0.4954 0.0000
vt 0.8143 0.1406 0.0000
vt 0.8133 0.1739 0.0000
vt 0.8345 0.0102 0.0000
vt 0.8353 0.0228 0.0000
vt 0.8318 0.0098 0.0000
vt 0.8724 0.8548 0.0000
vt 0.8690 0.8439 0.0000
vt 0.8711 0.8436 0.0000
vt 0.7396 0.8948 0.0000
vt 0.7549 0.8979 0.0000
vt 0.8652 0.9031 0.0000
vt 0.8388 0.0111 0.0000
vt 0.5012 0.7528 0.0000
vt 0.0657 0.2217 0.0000
vt 0.6655 0.0819 0.0000
vt 0.6560 0.7522 0.0000
vt 0.5524 0.6735 0.0000
vt 0.5506 0.6737 0.0000
vt 0.9834 0.1248 0.0000
vt 0.9666 0.1202 0.0000
vt 0.9813 0.1148 0.0000
vt 0.7491 0.5771 0.0000
vt 0.7617 0.5912 0.0000
vt 0.0157 0.2560 0.0000
vt 0.0249 0.2503 0.0000
vt 0.0267 0.2650 0.0000
vt 0.0192 0.2711 0.0000
vt 0.6513 0.0058 0.0000
vt 0.8654 0.1081 0.0000
vt 0.6855 0.1529 0.0000
vt 0.4987 0.7674 0.0000
vt 0.4963 0.7754 0.0000
vt 0.0798 0.3941 0.0000
vt 0.0523 0.5995 0.0000
vt 0.0540 0.5743 0.0000
vt 0.0107 0.1337 0.0000
vt 0.0097 0.1651 0.0000
vt 0.8866 0.8649 0.0000
vt 0.0504 0.4949 0.0000
vt 0.6191 0.7743 0.0000
vt 0.8658 0.1409 0.0000
vt 0.0941 0.7602 0.0000
vt 0.8761 0.0362 0.0000
vt 0.8676 0.1782 0.0000
vt 0.5593 0.7504 0.0000
vt 0.7730 0.5358 0.0000
vt 0.7858 0.5359 0.0000
vt 0.1188 0.5049 0.0000
vt 0.1166 0.5241 0.0000
vt 0.6886 0.2745 0.0000
vt 0.6844 0.2743 0.0000
vt 0.6836 0.0821 0.0000
vt 0.0646 0.6218 0.0000
vt 0.8742 0.0195 0.0000
vt 0.5259 0.7970 0.0000
vt 0.1075 0.1223 0.0000
vt 0.8884 0.8265 0.0000
vt 0.5312 0.8354 0.0000
vt 0.5271 0.8390 0.0000
vt 0.5883 0.1744 0.0000
vt 0.1200 0.4897 0.0000
vt 0.0478 0.6248 0.0000
vt 0.7923 0.8169 0.0000
vt 0.0498 0.5105 0.0000
vt 0.5114 0.7512 0.0000
vt 0.1040 0.1543 0.0000
vt 0.9671 0.0170 0.0000
vt 0.9634 0.0092 0.0000
vt 0.9743 0.0039 0.0000
vt 0.9815 0.0070 0.0000
vt 0.7814 0.3573 0.0000
vt 0.7723 0.3572 0.0000
vt 0.7597 0.8984 0.0000
vt 0.7570 0.8981 0.0000
vt 0.7887 0.8191 0.0000
vt 0.5194 0.7592 0.0000
vt 0.5122 0.7584 0.0000
vt 0.5853 0.7765 0.0000
vt 0.5848 0.7662 0.0000
vt 0.5127 0.7935 0.0000
vt 0.5131 0.7947 0.0000
vt 0.1057 0.8359 0.0000
vt 0.0842 0.8371 0.0000
vt 0.5557 0.1776 0.0000
vt 0.5136 0.8436 0.0000
vt 0.1188 0.7604 0.0000
vt 0.0476 0.8367 0.0000
vt 0.8365 0.0106 0.0000
vt 0.6597 0.2391 0.0000
vt 0.5831 0.7493 0.0000
vt 0.0130 0.0950 0.0000
vt 0.0151 0.0666 0.0000
vt 0.8183 0.0062 0.0000
vt 0.8738 0.0092 0.0000
vt 0.8305 0.1766 0.0000
vt 0.8274 0.1758 0.0000
vt 0.8287 0.1423 0.0000
vt 0.5426 0.7755 0.0000
vt 0.5332 0.7778 0.0000
vt 0.5328 0.7662 0.0000
vt 0.5419 0.7671 0.0000
vt 0.6643 0.7664 0.0000
vt 0.6662 0.7658 0.0000
vt 0.6677 0.7699 0.0000
vt 0.6656 0.7707 0.0000
vt 0.6768 0.0039 0.0000
vt 0.6694 0.7724 0.0000
vt 0.6673 0.7728 0.0000
vt 0.5167 0.7932 0.0000
vt 0.5169 0.7944 0.0000
vt 0.8717 0.9015 0.0000
vt 0.0121 0.1085 0.0000
vt 0.0272 0.8331 0.0000
vt 0.0633 0.0134 0.0000
vt 0.5244 0.7616 0.0000
vt 0.5296 0.7678 0.0000
vt 0.6110 0.6559 0.0000
vt 0.0792 0.0111 0.0000
vt 0.0716 0.0125 0.0000
vt 0.5310 0.7782 0.0000
vt 0.7962 0.9007 0.0000
vt 0.7978 0.9075 0.0000
vt 0.8697 0.1782 0.0000
vt 0.8089 0.0039 0.0000
vt 0.8140 0.0048 0.0000
vt 0.9826 0.0616 0.0000
vt 0.9665 0.0586 0.0000
vt 0.9685 0.0530 0.0000
vt 0.9849 0.0576 0.0000
vt 0.4988 0.8141 0.0000
vt 0.8627 0.1029 0.0000
vt 0.8611 0.0642 0.0000
vt 0.0305 0.2324 0.0000
vt 0.0384 0.2280 0.0000
vt 0.5034 0.7620 0.0000
vt 0.0442 0.6785 0.0000
vt 0.5014 0.8220 0.0000
vt 0.7253 0.8136 0.0000
vt 0.7316 0.8929 0.0000
vt 0.8823 0.1782 0.0000
vt 0.0271 0.8369 0.0000
vt 0.5426 0.7845 0.0000
vt 0.5419 0.8002 0.0000
vt 0.9614 0.5924 0.0000
vt 0.9614 0.5805 0.0000
vt 0.9651 0.5805 0.0000
vt 0.9651 0.5924 0.0000
vt 0.9307 0.5924 0.0000
vt 0.9273 0.5924 0.0000
vt 0.9273 0.5805 0.0000
vt 0.9307 0.5805 0.0000
vt 0.9651 0.6043 0.0000
vt 0.9614 0.6043 0.0000
vt 0.9273 0.6043 0.0000
vt 0.9307 0.6043 0.0000
vt 0.9651 0.6112 0.0000
vt 0.9614 0.6112 0.0000
vt 0.4623 0.0049 0.0000
vt 0.4678 0.0039 0.0000
vt 0.4678 0.0564 0.0000
vt 0.4636 0.0577 0.0000
vt 0.9273 0.6112 0.0000
vt 0.9307 0.6112 0.0000
vt 0.9307 0.5750 0.0000
vt 0.9273 0.5750 0.0000
vt 0.8955 0.5924 0.0000
vt 0.8955 0.5805 0.0000
vt 0.9614 0.5750 0.0000
vt 0.9651 0.5750 0.0000
vt 0.8955 0.6043 0.0000
vt 0.8955 0.6112 0.0000
vt 0.8955 0.5750 0.0000
vt 0.6936 0.1998 0.0000
vt 0.6943 0.1998 0.0000
vt 0.6974 0.2103 0.0000
vt 0.6969 0.2110 0.0000
vt 0.7005 0.1809 0.0000
vt 0.6975 0.1848 0.0000
vt 0.6970 0.1842 0.0000
vt 0.7001 0.1802 0.0000
vt 0.7198 0.2129 0.0000
vt 0.7177 0.1816 0.0000
vt 0.7182 0.1810 0.0000
vt 0.7203 0.2134 0.0000
vt 0.7022 0.2166 0.0000
vt 0.7018 0.2176 0.0000
vt 0.7016 0.1974 0.0000
vt 0.7028 0.2067 0.0000
vt 0.7027 0.1840 0.0000
vt 0.7021 0.1864 0.0000
vt 0.7134 0.1877 0.0000
vt 0.7148 0.1838 0.0000
vt 0.7044 0.2126 0.0000
vt 0.7163 0.2100 0.0000
vt 0.7129 0.1937 0.0000
vt 0.7138 0.2012 0.0000
vt 0.6112 0.1266 0.0000
vt 0.6140 0.1235 0.0000
vt 0.6144 0.1239 0.0000
vt 0.6117 0.1274 0.0000
vt 0.6007 0.1265 0.0000
vt 0.6010 0.1257 0.0000
vt 0.6131 0.0993 0.0000
vt 0.6025 0.0985 0.0000
vt 0.6024 0.0978 0.0000
vt 0.6135 0.0989 0.0000
vt 0.6168 0.1064 0.0000
vt 0.6162 0.1065 0.0000
vt 0.6166 0.1142 0.0000
vt 0.6171 0.1143 0.0000
vt 0.5990 0.1025 0.0000
vt 0.5998 0.1027 0.0000
vt 0.5986 0.1080 0.0000
vt 0.5973 0.1079 0.0000
vt 0.5978 0.1174 0.0000
vt 0.5969 0.1175 0.0000
vt 0.5994 0.1232 0.0000
vt 0.5989 0.1236 0.0000
vt 0.6106 0.1238 0.0000
vt 0.6112 0.1215 0.0000
vt 0.6018 0.1232 0.0000
vt 0.6124 0.1001 0.0000
vt 0.6031 0.0997 0.0000
vt 0.6124 0.1062 0.0000
vt 0.6119 0.1131 0.0000
vt 0.6025 0.1031 0.0000
vt 0.6021 0.1077 0.0000
vt 0.6015 0.1166 0.0000
vt 0.6016 0.1215 0.0000
vt 0.5113 0.3683 0.0000
vt 0.5068 0.3666 0.0000
vt 0.5052 0.3547 0.0000
vt 0.5105 0.3515 0.0000
vt 0.5075 0.3743 0.0000
vt 0.5039 0.3719 0.0000
vt 0.4834 0.3504 0.0000
vt 0.4797 0.3544 0.0000
vt 0.4767 0.3516 0.0000
vt 0.4812 0.3459 0.0000
vt 0.4916 0.3798 0.0000
vt 0.4916 0.3776 0.0000
vt 0.4965 0.3770 0.0000
vt 0.4979 0.3795 0.0000
vt 0.4827 0.3740 0.0000
vt 0.4861 0.3762 0.0000
vt 0.4852 0.3780 0.0000
vt 0.4812 0.3753 0.0000
vt 0.5003 0.3752 0.0000
vt 0.5026 0.3779 0.0000
vt 0.4874 0.3483 0.0000
vt 0.4871 0.3425 0.0000
vt 0.5013 0.3506 0.0000
vt 0.5053 0.3453 0.0000
vt 0.4907 0.3476 0.0000
vt 0.4910 0.3415 0.0000
vt 0.4941 0.3477 0.0000
vt 0.4953 0.3415 0.0000
vt 0.4981 0.3484 0.0000
vt 0.5003 0.3426 0.0000
vt 0.4773 0.3632 0.0000
vt 0.4749 0.3627 0.0000
vt 0.4796 0.3702 0.0000
vt 0.4775 0.3711 0.0000
vt 0.5036 0.3656 0.0000
vt 0.5023 0.3563 0.0000
vt 0.5012 0.3699 0.0000
vt 0.4851 0.3530 0.0000
vt 0.4822 0.3562 0.0000
vt 0.4915 0.3742 0.0000
vt 0.4953 0.3738 0.0000
vt 0.4846 0.3714 0.0000
vt 0.4873 0.3731 0.0000
vt 0.4983 0.3725 0.0000
vt 0.4882 0.3513 0.0000
vt 0.4993 0.3530 0.0000
vt 0.4908 0.3507 0.0000
vt 0.4935 0.3507 0.0000
vt 0.4967 0.3514 0.0000
vt 0.4804 0.3630 0.0000
vt 0.4822 0.3684 0.0000
vt 0.4982 0.3642 0.0000
vt 0.4976 0.3591 0.0000
vt 0.4969 0.3667 0.0000
vt 0.4880 0.3573 0.0000
vt 0.4864 0.3591 0.0000
vt 0.4915 0.3690 0.0000
vt 0.4936 0.3688 0.0000
vt 0.4878 0.3674 0.0000
vt 0.4892 0.3683 0.0000
vt 0.4953 0.3681 0.0000
vt 0.4896 0.3563 0.0000
vt 0.4958 0.3572 0.0000
vt 0.4911 0.3559 0.0000
vt 0.4926 0.3559 0.0000
vt 0.4943 0.3563 0.0000
vt 0.4855 0.3628 0.0000
vt 0.4865 0.3658 0.0000
vt 0.4917 0.3623 0.0000
vt 0.9576 0.2751 0.0000
vt 0.9616 0.2791 0.0000
vt 0.9594 0.2829 0.0000
vt 0.9536 0.2772 0.0000
vt 0.9834 0.2815 0.0000
vt 0.9784 0.2776 0.0000
vt 0.9811 0.2740 0.0000
vt 0.9880 0.2761 0.0000
vt 0.9787 0.2846 0.0000
vt 0.9756 0.2795 0.0000
vt 0.9649 0.2806 0.0000
vt 0.9641 0.2852 0.0000
vt 0.9573 0.2599 0.0000
vt 0.9554 0.2675 0.0000
vt 0.9502 0.2653 0.0000
vt 0.9531 0.2559 0.0000
vt 0.9745 0.2542 0.0000
vt 0.9683 0.2533 0.0000
vt 0.9696 0.2458 0.0000
vt 0.9779 0.2474 0.0000
vt 0.9682 0.2812 0.0000
vt 0.9687 0.2861 0.0000
vt 0.9710 0.2811 0.0000
vt 0.9732 0.2860 0.0000
vt 0.9891 0.2581 0.0000
vt 0.9818 0.2612 0.0000
vt 0.9783 0.2565 0.0000
vt 0.9835 0.2506 0.0000
vt 0.9903 0.2701 0.0000
vt 0.9831 0.2686 0.0000
vt 0.9610 0.2561 0.0000
vt 0.9589 0.2494 0.0000
vt 0.9588 0.2745 0.0000
vt 0.9624 0.2780 0.0000
vt 0.9775 0.2767 0.0000
vt 0.9800 0.2735 0.0000
vt 0.9750 0.2785 0.0000
vt 0.9654 0.2794 0.0000
vt 0.9585 0.2609 0.0000
vt 0.9569 0.2677 0.0000
vt 0.9740 0.2557 0.0000
vt 0.9685 0.2549 0.0000
vt 0.9683 0.2800 0.0000
vt 0.9708 0.2798 0.0000
vt 0.9806 0.2619 0.0000
vt 0.9774 0.2578 0.0000
vt 0.9817 0.2685 0.0000
vt 0.9618 0.2574 0.0000
vt 0.9649 0.2700 0.0000
vt 0.9663 0.2714 0.0000
vt 0.9723 0.2709 0.0000
vt 0.9733 0.2696 0.0000
vt 0.9712 0.2716 0.0000
vt 0.9674 0.2719 0.0000
vt 0.9648 0.2647 0.0000
vt 0.9641 0.2673 0.0000
vt 0.9708 0.2625 0.0000
vt 0.9686 0.2623 0.0000
vt 0.9686 0.2722 0.0000
vt 0.9696 0.2721 0.0000
vt 0.9735 0.2650 0.0000
vt 0.9722 0.2633 0.0000
vt 0.9739 0.2676 0.0000
vt 0.9660 0.2633 0.0000
vt 0.9692 0.2678 0.0000
vt 0.9650 0.0351 0.0000
vt 0.9483 0.0614 0.0000
vt 0.9927 0.0470 0.0000
vt 0.9784 0.0442 0.0000
vt 0.9811 0.0391 0.0000
vt 0.9956 0.0400 0.0000
vt 0.9815 0.0315 0.0000
vt 0.9806 0.0286 0.0000
vt 0.9944 0.0250 0.0000
vt 0.9955 0.0292 0.0000
vt 0.9788 0.0253 0.0000
vt 0.9767 0.0231 0.0000
vt 0.9898 0.0176 0.0000
vt 0.9919 0.0202 0.0000
vt 0.9799 0.0270 0.0000
vt 0.9934 0.0227 0.0000
vt 0.9817 0.0351 0.0000
vt 0.9961 0.0344 0.0000
vt 0.9875 0.0133 0.0000
vt 0.9737 0.0211 0.0000
vt 0.9870 0.0129 0.0000
vt 0.9694 0.0182 0.0000
vt 0.9828 0.0092 0.0000
vt 0.9861 0.0127 0.0000
vt 0.9888 0.0524 0.0000
vt 0.9741 0.0482 0.0000
vt 0.9866 0.0127 0.0000
vt 0.9895 0.0157 0.0000
vt 0.9900 0.0165 0.0000
vt 0.8848 0.0600 0.0000
vt 0.8873 0.1066 0.0000
vt 0.8879 0.1400 0.0000
vt 0.8835 0.0509 0.0000
vt 0.8816 0.0349 0.0000
vt 0.8794 0.0189 0.0000
vt 0.8785 0.0095 0.0000
vt 0.8876 0.1780 0.0000
vt 0.9956 0.1548 0.0000
vt 0.9808 0.1521 0.0000
vt 0.9808 0.1478 0.0000
vt 0.9961 0.1486 0.0000
vt 0.9850 0.1733 0.0000
vt 0.9709 0.1646 0.0000
vt 0.9727 0.1637 0.0000
vt 0.9868 0.1720 0.0000
vt 0.9800 0.1443 0.0000
vt 0.9787 0.1417 0.0000
vt 0.9936 0.1398 0.0000
vt 0.9953 0.1436 0.0000
vt 0.9883 0.1316 0.0000
vt 0.9731 0.1363 0.0000
vt 0.9851 0.1275 0.0000
vt 0.9829 0.1747 0.0000
vt 0.9686 0.1656 0.0000
vt 0.9674 0.1662 0.0000
vt 0.9822 0.1754 0.0000
vt 0.9818 0.1762 0.0000
vt 0.9822 0.1762 0.0000
vt 0.9771 0.1604 0.0000
vt 0.9799 0.1558 0.0000
vt 0.9943 0.1603 0.0000
vt 0.9913 0.1671 0.0000
vt 0.9792 0.1788 0.0000
vt 0.9655 0.1500 0.0000
vt 0.9650 0.1099 0.0000
vt 0.9805 0.1087 0.0000
vt 0.9646 0.0746 0.0000
vt 0.9801 0.0695 0.0000
vt 0.9798 0.0756 0.0000
vt 0.9812 0.0649 0.0000
vt 0.9481 0.1149 0.0000
vt 0.9476 0.0789 0.0000
vt 0.9014 0.2950 0.0000
vt 0.9029 0.2943 0.0000
vt 0.9049 0.2968 0.0000
vt 0.9038 0.2984 0.0000
vt 0.9095 0.2983 0.0000
vt 0.9091 0.3003 0.0000
vt 0.9086 0.1950 0.0000
vt 0.9088 0.1960 0.0000
vt 0.9045 0.2009 0.0000
vt 0.9037 0.1992 0.0000
vt 0.9010 0.2182 0.0000
vt 0.9004 0.2582 0.0000
vt 0.8997 0.2579 0.0000
vt 0.9002 0.2183 0.0000
vt 0.9348 0.2957 0.0000
vt 0.9366 0.2903 0.0000
vt 0.9382 0.2906 0.0000
vt 0.9361 0.2970 0.0000
vt 0.9297 0.2998 0.0000
vt 0.9325 0.2992 0.0000
vt 0.9332 0.3012 0.0000
vt 0.9302 0.3023 0.0000
vt 0.9391 0.2655 0.0000
vt 0.9380 0.2654 0.0000
vt 0.9382 0.2216 0.0000
vt 0.9391 0.2209 0.0000
vt 0.9009 0.2858 0.0000
vt 0.8998 0.2867 0.0000
vt 0.9360 0.2025 0.0000
vt 0.9367 0.2016 0.0000
vt 0.9358 0.2010 0.0000
vt 0.9363 0.2004 0.0000
vt 0.9019 0.2905 0.0000
vt 0.9004 0.2911 0.0000
vt 0.9374 0.2842 0.0000
vt 0.9384 0.2839 0.0000
vt 0.9317 0.2950 0.0000
vt 0.9270 0.2955 0.0000
vt 0.9304 0.2935 0.0000
vt 0.9222 0.2963 0.0000
vt 0.9155 0.2960 0.0000
vt 0.9110 0.2952 0.0000
vt 0.9070 0.2926 0.0000
vt 0.9339 0.2928 0.0000
vt 0.9328 0.2916 0.0000
vt 0.9347 0.2895 0.0000
vt 0.9360 0.2852 0.0000
vt 0.9369 0.2656 0.0000
vt 0.9043 0.2896 0.0000
vt 0.9021 0.2858 0.0000
vt 0.9012 0.2584 0.0000
vt 0.9018 0.2178 0.0000
vt 0.9049 0.2024 0.0000
vt 0.9141 0.2015 0.0000
vt 0.9142 0.2004 0.0000
vt 0.9200 0.2008 0.0000
vt 0.9201 0.2018 0.0000
vt 0.9371 0.2215 0.0000
vt 0.9348 0.2039 0.0000
vt 0.9252 0.2928 0.0000
vt 0.9276 0.2920 0.0000
vt 0.9210 0.2930 0.0000
vt 0.9156 0.2927 0.0000
vt 0.9126 0.2923 0.0000
vt 0.9102 0.2923 0.0000
vt 0.9298 0.2907 0.0000
vt 0.9320 0.2889 0.0000
vt 0.9330 0.2852 0.0000
vt 0.9329 0.2640 0.0000
vt 0.9072 0.2896 0.0000
vt 0.9050 0.2859 0.0000
vt 0.9043 0.2586 0.0000
vt 0.9048 0.2183 0.0000
vt 0.9067 0.2050 0.0000
vt 0.9326 0.2059 0.0000
vt 0.9267 0.2075 0.0000
vt 0.9272 0.2025 0.0000
vt 0.9336 0.2220 0.0000
vt 0.9271 0.2014 0.0000
vt 0.9143 0.2071 0.0000
vt 0.9207 0.2079 0.0000
vt 0.9260 0.2902 0.0000
vt 0.9210 0.2906 0.0000
vt 0.9157 0.2904 0.0000
vt 0.9119 0.2898 0.0000
vt 0.9112 0.2868 0.0000
vt 0.9155 0.2872 0.0000
vt 0.9212 0.2875 0.0000
vt 0.9265 0.2875 0.0000
vt 0.9134 0.2218 0.0000
vt 0.9127 0.2624 0.0000
vt 0.9265 0.2625 0.0000
vt 0.9271 0.2221 0.0000
vt 0.9205 0.2222 0.0000
vt 0.9199 0.2625 0.0000
vt 0.9128 0.2829 0.0000
vt 0.9265 0.2828 0.0000
vt 0.9199 0.2829 0.0000
vt 0.4729 0.0926 0.0000
vt 0.4729 0.0787 0.0000
vt 0.4749 0.0787 0.0000
vt 0.4750 0.0926 0.0000
vt 0.4751 0.0647 0.0000
vt 0.4857 0.0644 0.0000
vt 0.4857 0.0786 0.0000
vt 0.4629 0.0927 0.0000
vt 0.4623 0.0784 0.0000
vt 0.4730 0.0647 0.0000
vt 0.4849 0.0927 0.0000
vt 0.4625 0.0643 0.0000
vt 0.4897 0.3048 0.0000
vt 0.4897 0.2909 0.0000
vt 0.4918 0.2909 0.0000
vt 0.4918 0.3048 0.0000
vt 0.4919 0.2769 0.0000
vt 0.5025 0.2766 0.0000
vt 0.5025 0.2908 0.0000
vt 0.4797 0.3049 0.0000
vt 0.4791 0.2906 0.0000
vt 0.4898 0.2769 0.0000
vt 0.5017 0.3049 0.0000
vt 0.4793 0.2765 0.0000
vt 0.4643 0.4140 0.0000
vt 0.4640 0.4000 0.0000
vt 0.4661 0.4000 0.0000
vt 0.4664 0.4139 0.0000
vt 0.4659 0.3860 0.0000
vt 0.4758 0.3853 0.0000
vt 0.4763 0.3994 0.0000
vt 0.4544 0.4139 0.0000
vt 0.4539 0.3998 0.0000
vt 0.4638 0.3860 0.0000
vt 0.4763 0.4136 0.0000
vt 0.4539 0.3857 0.0000
vt 0.0143 0.4006 0.0000
vt 0.0140 0.3867 0.0000
vt 0.0161 0.3866 0.0000
vt 0.0164 0.4006 0.0000
vt 0.0159 0.3726 0.0000
vt 0.0258 0.3719 0.0000
vt 0.0263 0.3861 0.0000
vt 0.0044 0.4006 0.0000
vt 0.0039 0.3865 0.0000
vt 0.0138 0.3727 0.0000
vt 0.0263 0.4002 0.0000
vt 0.0039 0.3723 0.0000
vt 0.1618 0.3150 0.0000
vt 0.1472 0.3173 0.0000
vt 0.1461 0.2871 0.0000
vt 0.1686 0.2875 0.0000
vt 0.1425 0.3181 0.0000
vt 0.1419 0.2871 0.0000
vt 0.1364 0.3186 0.0000
vt 0.1364 0.2871 0.0000
vt 0.1233 0.3182 0.0000
vt 0.1233 0.2855 0.0000
vt 0.1185 0.3179 0.0000
vt 0.1180 0.2855 0.0000
vt 0.1048 0.3191 0.0000
vt 0.1058 0.2874 0.0000
vt 0.1685 0.2721 0.0000
vt 0.1459 0.2721 0.0000
vt 0.1420 0.2721 0.0000
vt 0.1368 0.2721 0.0000
vt 0.1247 0.2721 0.0000
vt 0.1179 0.2721 0.0000
vt 0.1054 0.2721 0.0000
vt 0.1461 0.2570 0.0000
vt 0.1472 0.2268 0.0000
vt 0.1618 0.2291 0.0000
vt 0.1686 0.2566 0.0000
vt 0.1419 0.2570 0.0000
vt 0.1425 0.2260 0.0000
vt 0.1364 0.2570 0.0000
vt 0.1364 0.2255 0.0000
vt 0.1233 0.2586 0.0000
vt 0.1233 0.2259 0.0000
vt 0.1180 0.2586 0.0000
vt 0.1185 0.2262 0.0000
vt 0.1058 0.2567 0.0000
vt 0.1048 0.2250 0.0000
vt 0.6221 0.9738 0.0000
vt 0.6221 0.8632 0.0000
vt 0.7111 0.8632 0.0000
vt 0.7111 0.9738 0.0000
vt 0.6221 0.8178 0.0000
vt 0.7111 0.8178 0.0000
vt 0.6221 0.7809 0.0000
vt 0.7111 0.7809 0.0000
vt 0.7575 0.1114 0.0000
vt 0.7569 0.0735 0.0000
vt 0.7812 0.1062 0.0000
vt 0.7811 0.1144 0.0000
vt 0.7591 0.2160 0.0000
vt 0.7806 0.2161 0.0000
vt 0.7483 0.1102 0.0000
vt 0.7483 0.0741 0.0000
vt 0.7483 0.2141 0.0000
vt 0.5548 0.0366 0.0000
vt 0.5791 0.0039 0.0000
vt 0.5785 0.0418 0.0000
vt 0.5549 0.0448 0.0000
vt 0.5770 0.1464 0.0000
vt 0.5554 0.1465 0.0000
vt 0.5877 0.0045 0.0000
vt 0.5877 0.0406 0.0000
vt 0.5877 0.1445 0.0000
vt 0.4178 0.8847 0.0000
vt 0.4180 0.8755 0.0000
vt 0.4281 0.8748 0.0000
vt 0.4304 0.8845 0.0000
vt 0.4305 0.8738 0.0000
vt 0.4371 0.8807 0.0000
vt 0.4377 0.8731 0.0000
vt 0.4316 0.8712 0.0000
vt 0.4401 0.8730 0.0000
vt 0.4407 0.8812 0.0000
vt 0.4391 0.8876 0.0000
vt 0.4426 0.8865 0.0000
vt 0.4306 0.8884 0.0000
vt 0.4439 0.8727 0.0000
vt 0.4443 0.8803 0.0000
vt 0.4461 0.8851 0.0000
vt 0.4374 0.8896 0.0000
vt 0.4307 0.8899 0.0000
vt 0.4471 0.8881 0.0000
vt 0.4440 0.8893 0.0000
vt 0.4421 0.8906 0.0000
vt 0.4412 0.8920 0.0000
vt 0.4319 0.8449 0.0000
vt 0.4378 0.8437 0.0000
vt 0.4402 0.8436 0.0000
vt 0.4439 0.8438 0.0000
vt 0.4307 0.8418 0.0000
vt 0.4360 0.8364 0.0000
vt 0.4284 0.8402 0.0000
vt 0.4287 0.8320 0.0000
vt 0.4180 0.8398 0.0000
vt 0.4183 0.8315 0.0000
vt 0.4365 0.8251 0.0000
vt 0.4289 0.8251 0.0000
vt 0.4400 0.8359 0.0000
vt 0.4401 0.8251 0.0000
vt 0.4184 0.8248 0.0000
vt 0.4288 0.8023 0.0000
vt 0.4358 0.8028 0.0000
vt 0.4406 0.8038 0.0000
vt 0.4177 0.8014 0.0000
vt 0.4175 0.7915 0.0000
vt 0.4287 0.7924 0.0000
vt 0.4341 0.7924 0.0000
vt 0.4420 0.7955 0.0000
vt 0.4400 0.7871 0.0000
vt 0.4331 0.7863 0.0000
vt 0.4464 0.7892 0.0000
vt 0.4428 0.7853 0.0000
vt 0.4459 0.8017 0.0000
vt 0.4447 0.8060 0.0000
vt 0.4487 0.7973 0.0000
vt 0.4441 0.8251 0.0000
vt 0.4440 0.8362 0.0000
vt 0.4179 0.7846 0.0000
vt 0.4281 0.7856 0.0000
vt 0.4529 0.7825 0.0000
vt 0.4485 0.7770 0.0000
vt 0.4560 0.7891 0.0000
vt 0.4566 0.7632 0.0000
vt 0.4616 0.7724 0.0000
vt 0.4647 0.7804 0.0000
vt 0.4617 0.7545 0.0000
vt 0.4660 0.7673 0.0000
vt 0.4686 0.7794 0.0000
vt 0.4057 0.8395 0.0000
vt 0.4058 0.8312 0.0000
vt 0.4059 0.8245 0.0000
vt 0.4063 0.8011 0.0000
vt 0.4064 0.7912 0.0000
vt 0.4065 0.7844 0.0000
vt 0.4181 0.8890 0.0000
vt 0.4182 0.8905 0.0000
vt 0.4052 0.8846 0.0000
vt 0.4053 0.8753 0.0000
vt 0.4051 0.8889 0.0000
vt 0.4051 0.8904 0.0000
vt 0.4649 0.9210 0.0000
vt 0.4640 0.9224 0.0000
vt 0.4620 0.9234 0.0000
vt 0.4599 0.9242 0.0000
vt 0.3925 0.8844 0.0000
vt 0.3800 0.8838 0.0000
vt 0.3825 0.8742 0.0000
vt 0.3926 0.8751 0.0000
vt 0.3802 0.8732 0.0000
vt 0.3734 0.8799 0.0000
vt 0.3730 0.8722 0.0000
vt 0.3791 0.8705 0.0000
vt 0.3706 0.8721 0.0000
vt 0.3697 0.8803 0.0000
vt 0.3712 0.8867 0.0000
vt 0.3677 0.8855 0.0000
vt 0.3797 0.8877 0.0000
vt 0.3662 0.8793 0.0000
vt 0.3667 0.8717 0.0000
vt 0.3643 0.8840 0.0000
vt 0.3728 0.8888 0.0000
vt 0.3796 0.8892 0.0000
vt 0.3662 0.8883 0.0000
vt 0.3632 0.8871 0.0000
vt 0.3681 0.8897 0.0000
vt 0.3690 0.8911 0.0000
vt 0.3736 0.8428 0.0000
vt 0.3795 0.8442 0.0000
vt 0.3712 0.8427 0.0000
vt 0.3675 0.8428 0.0000
vt 0.3807 0.8411 0.0000
vt 0.3756 0.8356 0.0000
vt 0.3831 0.8396 0.0000
vt 0.3830 0.8313 0.0000
vt 0.3935 0.8394 0.0000
vt 0.3934 0.8311 0.0000
vt 0.3754 0.8243 0.0000
vt 0.3830 0.8245 0.0000
vt 0.3716 0.8350 0.0000
vt 0.3718 0.8242 0.0000
vt 0.3934 0.8244 0.0000
vt 0.3767 0.8020 0.0000
vt 0.3837 0.8016 0.0000
vt 0.3719 0.8029 0.0000
vt 0.3948 0.8010 0.0000
vt 0.3841 0.7918 0.0000
vt 0.3952 0.7912 0.0000
vt 0.3787 0.7916 0.0000
vt 0.3706 0.7945 0.0000
vt 0.3729 0.7862 0.0000
vt 0.3799 0.7856 0.0000
vt 0.3664 0.7881 0.0000
vt 0.3702 0.7844 0.0000
vt 0.3666 0.8006 0.0000
vt 0.3677 0.8049 0.0000
vt 0.3639 0.7962 0.0000
vt 0.3678 0.8241 0.0000
vt 0.3676 0.8352 0.0000
vt 0.3848 0.7850 0.0000
vt 0.3951 0.7843 0.0000
vt 0.3602 0.7812 0.0000
vt 0.3647 0.7759 0.0000
vt 0.3569 0.7878 0.0000
vt 0.3517 0.7709 0.0000
vt 0.3569 0.7619 0.0000
vt 0.3484 0.7789 0.0000
vt 0.3475 0.7657 0.0000
vt 0.3520 0.7530 0.0000
vt 0.3446 0.7777 0.0000
vt 0.3921 0.8887 0.0000
vt 0.3920 0.8901 0.0000
vt 0.3454 0.9209 0.0000
vt 0.3446 0.9195 0.0000
vt 0.3474 0.9220 0.0000
vt 0.3495 0.9228 0.0000
vt 0.1994 0.2386 0.0000
vt 0.1949 0.2391 0.0000
vt 0.1938 0.2273 0.0000
vt 0.1977 0.2266 0.0000
vt 0.1971 0.2496 0.0000
vt 0.1934 0.2498 0.0000
vt 0.2015 0.2348 0.0000
vt 0.2071 0.2369 0.0000
vt 0.2073 0.2412 0.0000
vt 0.1986 0.2268 0.0000
vt 0.2037 0.2500 0.0000
vt 0.2109 0.2432 0.0000
vt 0.2084 0.2507 0.0000
vt 0.2135 0.2364 0.0000
vt 0.2148 0.2377 0.0000
vt 0.2118 0.2350 0.0000
vt 0.1959 0.2789 0.0000
vt 0.1956 0.2716 0.0000
vt 0.1999 0.2729 0.0000
vt 0.1998 0.2801 0.0000
vt 0.2080 0.2738 0.0000
vt 0.2073 0.2798 0.0000
vt 0.1983 0.2905 0.0000
vt 0.1949 0.2906 0.0000
vt 0.2138 0.2801 0.0000
vt 0.2126 0.2819 0.0000
vt 0.2115 0.2716 0.0000
vt 0.2153 0.2786 0.0000
vt 0.4800 0.2625 0.0000
vt 0.4780 0.2563 0.0000
vt 0.4809 0.2560 0.0000
vt 0.4827 0.2610 0.0000
vt 0.4745 0.2621 0.0000
vt 0.4740 0.2570 0.0000
vt 0.4799 0.2653 0.0000
vt 0.4748 0.2656 0.0000
vt 0.4611 0.2601 0.0000
vt 0.4602 0.2490 0.0000
vt 0.4646 0.2494 0.0000
vt 0.4658 0.2607 0.0000
vt 0.4717 0.2485 0.0000
vt 0.4681 0.2650 0.0000
vt 0.4634 0.2726 0.0000
vt 0.4619 0.2719 0.0000
vt 0.4600 0.2713 0.0000
vt 0.4769 0.2270 0.0000
vt 0.4723 0.2276 0.0000
vt 0.4737 0.2200 0.0000
vt 0.4791 0.2187 0.0000
vt 0.4826 0.2193 0.0000
vt 0.4801 0.2265 0.0000
vt 0.4741 0.2158 0.0000
vt 0.4787 0.2148 0.0000
vt 0.4644 0.2276 0.0000
vt 0.4604 0.2280 0.0000
vt 0.4615 0.2179 0.0000
vt 0.4659 0.2178 0.0000
vt 0.4680 0.2146 0.0000
vt 0.4650 0.2067 0.0000
vt 0.4655 0.2060 0.0000
vt 0.4718 0.2143 0.0000
vt 0.2065 0.2828 0.0000
vt 0.2007 0.2837 0.0000
vt 0.4634 0.2071 0.0000
vt 0.4614 0.2075 0.0000
vt 0.4593 0.2171 0.0000
vt 0.4599 0.2078 0.0000
vt 0.4573 0.2167 0.0000
vt 0.4594 0.2079 0.0000
vt 0.1896 0.2886 0.0000
vt 0.1874 0.2796 0.0000
vt 0.1896 0.2794 0.0000
vt 0.1904 0.2886 0.0000
vt 0.1916 0.2792 0.0000
vt 0.1910 0.2890 0.0000
vt 0.1935 0.2790 0.0000
vt 0.1921 0.2897 0.0000
vt 0.1902 0.2702 0.0000
vt 0.1927 0.2708 0.0000
vt 0.1898 0.2605 0.0000
vt 0.1926 0.2607 0.0000
vt 0.1959 0.2609 0.0000
vt 0.2010 0.2611 0.0000
vt 0.2077 0.2611 0.0000
vt 0.2114 0.2515 0.0000
vt 0.2107 0.2611 0.0000
vt 0.2139 0.2521 0.0000
vt 0.2135 0.2611 0.0000
vt 0.2139 0.2701 0.0000
vt 0.2168 0.2772 0.0000
vt 0.4887 0.2372 0.0000
vt 0.4850 0.2372 0.0000
vt 0.4855 0.2278 0.0000
vt 0.4883 0.2275 0.0000
vt 0.4867 0.2193 0.0000
vt 0.4883 0.2195 0.0000
vt 0.4891 0.2111 0.0000
vt 0.4910 0.2109 0.0000
vt 0.4826 0.2271 0.0000
vt 0.4850 0.2195 0.0000
vt 0.4877 0.2107 0.0000
vt 0.4860 0.2102 0.0000
vt 0.4842 0.2096 0.0000
vt 0.4832 0.2091 0.0000
vt 0.2169 0.2879 0.0000
vt 0.2110 0.2835 0.0000
vt 0.2175 0.2877 0.0000
vt 0.2195 0.2870 0.0000
vt 0.2216 0.2855 0.0000
vt 0.2236 0.2835 0.0000
vt 0.4807 0.2370 0.0000
vt 0.4780 0.2368 0.0000
vt 0.4813 0.2477 0.0000
vt 0.4789 0.2481 0.0000
vt 0.4759 0.2482 0.0000
vt 0.4757 0.2370 0.0000
vt 0.4713 0.2369 0.0000
vt 0.4644 0.2373 0.0000
vt 0.4597 0.2377 0.0000
vt 0.4569 0.2493 0.0000
vt 0.4567 0.2376 0.0000
vt 0.4579 0.2273 0.0000
vt 0.4539 0.2375 0.0000
vt 0.4551 0.2267 0.0000
vt 0.1830 0.2707 0.0000
vt 0.1805 0.2606 0.0000
vt 0.1856 0.2604 0.0000
vt 0.1866 0.2698 0.0000
vt 0.1825 0.2492 0.0000
vt 0.1866 0.2502 0.0000
vt 0.1905 0.2501 0.0000
vt 0.1903 0.2390 0.0000
vt 0.1925 0.2390 0.0000
vt 0.1911 0.2288 0.0000
vt 0.1919 0.2283 0.0000
vt 0.1876 0.2389 0.0000
vt 0.1906 0.2290 0.0000
vt 0.4579 0.2708 0.0000
vt 0.4567 0.2609 0.0000
vt 0.4587 0.2607 0.0000
vt 0.4586 0.2709 0.0000
vt 0.4543 0.2496 0.0000
vt 0.4833 0.2554 0.0000
vt 0.4848 0.2469 0.0000
vt 0.4852 0.2548 0.0000
vt 0.4868 0.2602 0.0000
vt 0.4851 0.2604 0.0000
vt 0.4901 0.2673 0.0000
vt 0.4888 0.2677 0.0000
vt 0.4873 0.2685 0.0000
vt 0.4858 0.2693 0.0000
vt 0.4850 0.2699 0.0000
vt 0.2164 0.2297 0.0000
vt 0.2173 0.2299 0.0000
vt 0.2195 0.2307 0.0000
vt 0.2220 0.2323 0.0000
vt 0.2163 0.2389 0.0000
vt 0.2131 0.2445 0.0000
vt 0.2236 0.2344 0.0000
vt 0.2176 0.2399 0.0000
vt 0.2150 0.2453 0.0000
vt 0.4875 0.2543 0.0000
vt 0.4883 0.2598 0.0000
vt 0.4881 0.2471 0.0000
vt 0.4910 0.2671 0.0000
vt 0.4691 0.2671 0.0000
vt 0.4640 0.2738 0.0000
vt 0.8801 0.4530 0.0000
vt 0.8803 0.4435 0.0000
vt 0.8825 0.4431 0.0000
vt 0.8830 0.4533 0.0000
vt 0.8851 0.4427 0.0000
vt 0.8851 0.4536 0.0000
vt 0.8809 0.4635 0.0000
vt 0.8789 0.4626 0.0000
vt 0.8833 0.4646 0.0000
vt 0.8771 0.4736 0.0000
vt 0.8751 0.4721 0.0000
vt 0.1285 0.4710 0.0000
vt 0.1281 0.4686 0.0000
vt 0.1379 0.4647 0.0000
vt 0.1392 0.4667 0.0000
vt 0.1461 0.4581 0.0000
vt 0.1479 0.4597 0.0000
vt 0.1518 0.4494 0.0000
vt 0.1541 0.4504 0.0000
vt 0.1366 0.4626 0.0000
vt 0.1442 0.4565 0.0000
vt 0.1495 0.4484 0.0000
vt 0.1523 0.4393 0.0000
vt 0.1547 0.4395 0.0000
vt 0.8715 0.4690 0.0000
vt 0.8733 0.4706 0.0000
vt 0.8666 0.4777 0.0000
vt 0.8650 0.4758 0.0000
vt 0.8582 0.4822 0.0000
vt 0.8578 0.4799 0.0000
vt 0.8486 0.4808 0.0000
vt 0.8498 0.4785 0.0000
vt 0.8681 0.4796 0.0000
vt 0.8587 0.4845 0.0000
vt 0.8482 0.4833 0.0000
vt 0.8383 0.4807 0.0000
vt 0.8391 0.4784 0.0000
vt 0.8592 0.4869 0.0000
vt 0.8478 0.4857 0.0000
vt 0.8374 0.4830 0.0000
vt 0.8277 0.4774 0.0000
vt 0.8293 0.4755 0.0000
vt 0.1571 0.4290 0.0000
vt 0.1547 0.4293 0.0000
vt 0.1523 0.4193 0.0000
vt 0.1545 0.4184 0.0000
vt 0.1468 0.4106 0.0000
vt 0.1486 0.4089 0.0000
vt 0.1388 0.4041 0.0000
vt 0.1400 0.4020 0.0000
vt 0.1500 0.4203 0.0000
vt 0.1450 0.4122 0.0000
vt 0.1376 0.4062 0.0000
vt 0.1287 0.4028 0.0000
vt 0.1292 0.4004 0.0000
vt 0.1431 0.4139 0.0000
vt 0.1364 0.4083 0.0000
vt 0.1282 0.4053 0.0000
vt 0.1195 0.4049 0.0000
vt 0.1192 0.4025 0.0000
vt 0.8247 0.4663 0.0000
vt 0.8226 0.4676 0.0000
vt 0.8187 0.4580 0.0000
vt 0.8211 0.4574 0.0000
vt 0.8180 0.4476 0.0000
vt 0.8205 0.4478 0.0000
vt 0.8206 0.4375 0.0000
vt 0.8228 0.4385 0.0000
vt 0.8163 0.4585 0.0000
vt 0.8156 0.4474 0.0000
vt 0.8184 0.4365 0.0000
vt 0.8243 0.4271 0.0000
vt 0.8261 0.4287 0.0000
vt 0.1186 0.3976 0.0000
vt 0.1189 0.4001 0.0000
vt 0.1090 0.4030 0.0000
vt 0.1080 0.4008 0.0000
vt 0.1005 0.4090 0.0000
vt 0.0988 0.4072 0.0000
vt 0.0942 0.4173 0.0000
vt 0.0921 0.4161 0.0000
vt 0.1100 0.4053 0.0000
vt 0.1021 0.4108 0.0000
vt 0.0964 0.4185 0.0000
vt 0.0931 0.4277 0.0000
vt 0.0907 0.4272 0.0000
vt 0.1039 0.4126 0.0000
vt 0.0985 0.4197 0.0000
vt 0.0956 0.4282 0.0000
vt 0.0954 0.4372 0.0000
vt 0.0929 0.4375 0.0000
vt 0.8354 0.4241 0.0000
vt 0.8341 0.4220 0.0000
vt 0.8437 0.4181 0.0000
vt 0.8442 0.4205 0.0000
vt 0.8540 0.4174 0.0000
vt 0.8538 0.4198 0.0000
vt 0.8640 0.4199 0.0000
vt 0.8631 0.4222 0.0000
vt 0.8432 0.4158 0.0000
vt 0.8543 0.4150 0.0000
vt 0.8650 0.4177 0.0000
vt 0.8744 0.4236 0.0000
vt 0.8727 0.4255 0.0000
vt 0.0880 0.4381 0.0000
vt 0.0905 0.4378 0.0000
vt 0.0934 0.4480 0.0000
vt 0.0912 0.4490 0.0000
vt 0.0993 0.4569 0.0000
vt 0.0975 0.4585 0.0000
vt 0.1075 0.4637 0.0000
vt 0.1062 0.4658 0.0000
vt 0.0957 0.4470 0.0000
vt 0.1012 0.4552 0.0000
vt 0.1088 0.4617 0.0000
vt 0.1179 0.4656 0.0000
vt 0.1173 0.4680 0.0000
vt 0.1031 0.4536 0.0000
vt 0.1101 0.4596 0.0000
vt 0.1185 0.4631 0.0000
vt 0.8711 0.4273 0.0000
vt 0.8792 0.4334 0.0000
vt 0.8771 0.4346 0.0000
vt 0.8814 0.4322 0.0000
vt 0.0979 0.4460 0.0000
vt 0.1167 0.4704 0.0000
vt 0.1276 0.4662 0.0000
vt 0.1276 0.4639 0.0000
vt 0.8767 0.4617 0.0000
vt 0.8776 0.4536 0.0000
vt 0.0884 0.4267 0.0000
vt 0.8328 0.4199 0.0000
vt 0.8280 0.4303 0.0000
vt 0.1110 0.4075 0.0000
vt 0.1297 0.3981 0.0000
vt 0.8205 0.4689 0.0000
vt 0.8309 0.4736 0.0000
vt 0.1478 0.4213 0.0000
vt 0.1522 0.4297 0.0000
vt 0.1497 0.4300 0.0000
vt 0.1571 0.4398 0.0000
vt 0.8697 0.4815 0.0000
vt 0.7765 0.2405 0.0000
vt 0.7648 0.2405 0.0000
vt 0.7648 0.2375 0.0000
vt 0.7765 0.2375 0.0000
vt 0.7765 0.2434 0.0000
vt 0.7648 0.2434 0.0000
vt 0.7765 0.2463 0.0000
vt 0.7648 0.2463 0.0000
vt 0.7523 0.2463 0.0000
vt 0.7523 0.2434 0.0000
vt 0.7523 0.2405 0.0000
vt 0.7399 0.2434 0.0000
vt 0.7399 0.2405 0.0000
vt 0.7399 0.2375 0.0000
vt 0.7523 0.2375 0.0000
vt 0.7399 0.2346 0.0000
vt 0.7523 0.2346 0.0000
vt 0.7648 0.2346 0.0000
vt 0.7765 0.2346 0.0000
vt 0.7523 0.2316 0.0000
vt 0.7648 0.2316 0.0000
vt 0.7765 0.2316 0.0000
vt 0.7648 0.2286 0.0000
vt 0.7765 0.2286 0.0000
vt 0.7648 0.2257 0.0000
vt 0.7765 0.2257 0.0000
vt 0.7648 0.2228 0.0000
vt 0.7765 0.2228 0.0000
vt 0.7648 0.2637 0.0000
vt 0.7648 0.2608 0.0000
vt 0.7765 0.2608 0.0000
vt 0.7765 0.2637 0.0000
vt 0.7648 0.2579 0.0000
vt 0.7765 0.2579 0.0000
vt 0.7648 0.2550 0.0000
vt 0.7765 0.2550 0.0000
vt 0.7648 0.2521 0.0000
vt 0.7765 0.2521 0.0000
vt 0.7648 0.2492 0.0000
vt 0.7765 0.2492 0.0000
vt 0.7523 0.2521 0.0000
vt 0.7523 0.2492 0.0000
vt 0.7399 0.2521 0.0000
vt 0.7399 0.2492 0.0000
vt 0.7399 0.2463 0.0000
vt 0.7523 0.2550 0.0000
vt 0.7399 0.2550 0.0000
vt 0.7523 0.2579 0.0000
vt 0.7399 0.2579 0.0000
vt 0.7523 0.2608 0.0000
vt 0.7399 0.2608 0.0000
vt 0.7523 0.2637 0.0000
vt 0.7399 0.2637 0.0000
vt 0.7523 0.2228 0.0000
vt 0.7523 0.2257 0.0000
vt 0.7399 0.2257 0.0000
vt 0.7399 0.2228 0.0000
vt 0.7523 0.2286 0.0000
vt 0.7399 0.2286 0.0000
vt 0.7399 0.2316 0.0000
vt 0.7189 0.1567 0.0000
vt 0.7189 0.1520 0.0000
vt 0.7276 0.1510 0.0000
vt 0.7283 0.1589 0.0000
vt 0.7194 0.1446 0.0000
vt 0.7278 0.1444 0.0000
vt 0.7224 0.1360 0.0000
vt 0.7291 0.1357 0.0000
vt 0.7274 0.1288 0.0000
vt 0.7318 0.1241 0.0000
vt 0.7296 0.1638 0.0000
vt 0.7198 0.1643 0.0000
vt 0.7242 0.1707 0.0000
vt 0.7267 0.1742 0.0000
vt 0.7233 0.1741 0.0000
vt 0.7215 0.1713 0.0000
vt 0.7311 0.1691 0.0000
vt 0.7324 0.1726 0.0000
vt 0.3047 0.1537 0.0000
vt 0.3062 0.1483 0.0000
vt 0.3102 0.1508 0.0000
vt 0.3064 0.1549 0.0000
vt 0.3112 0.1579 0.0000
vt 0.3081 0.1577 0.0000
vt 0.3152 0.1507 0.0000
vt 0.3159 0.1562 0.0000
vt 0.3162 0.1479 0.0000
vt 0.3121 0.1407 0.0000
vt 0.3199 0.1509 0.0000
vt 0.3197 0.1556 0.0000
vt 0.3217 0.1469 0.0000
vt 0.3231 0.1523 0.0000
vt 0.3261 0.1457 0.0000
vt 0.3337 0.1439 0.0000
vt 0.3275 0.1516 0.0000
vt 0.3442 0.1452 0.0000
vt 0.3409 0.1419 0.0000
vt 0.3480 0.1478 0.0000
vt 0.3473 0.1438 0.0000
vt 0.3508 0.1469 0.0000
vt 0.3441 0.1407 0.0000
vt 0.5346 0.0159 0.0000
vt 0.5341 0.0195 0.0000
vt 0.5299 0.0178 0.0000
vt 0.5304 0.0144 0.0000
vt 0.5343 0.0072 0.0000
vt 0.5296 0.0083 0.0000
vt 0.3048 0.1570 0.0000
vt 0.3076 0.1595 0.0000
vt 0.3121 0.1600 0.0000
vt 0.3196 0.1591 0.0000
vt 0.3161 0.1597 0.0000
vt 0.3226 0.1556 0.0000
vt 0.3235 0.1583 0.0000
vt 0.3280 0.1547 0.0000
vt 0.3285 0.1569 0.0000
vt 0.7362 0.1687 0.0000
vt 0.7362 0.1720 0.0000
vt 0.7359 0.1636 0.0000
vt 0.7359 0.1593 0.0000
vt 0.7352 0.1503 0.0000
vt 0.5389 0.0155 0.0000
vt 0.5384 0.0192 0.0000
vt 0.5384 0.0074 0.0000
vt 0.3491 0.1496 0.0000
vt 0.3117 0.1640 0.0000
vt 0.3062 0.1635 0.0000
vt 0.3158 0.1631 0.0000
vt 0.3214 0.1610 0.0000
vt 0.3193 0.1622 0.0000
vt 0.3240 0.1592 0.0000
vt 0.3231 0.1614 0.0000
vt 0.3235 0.1710 0.0000
vt 0.3225 0.1743 0.0000
vt 0.3440 0.1751 0.0000
vt 0.3467 0.1774 0.0000
vt 0.3432 0.1800 0.0000
vt 0.3398 0.1781 0.0000
vt 0.3371 0.1859 0.0000
vt 0.3343 0.1831 0.0000
vt 0.3479 0.1713 0.0000
vt 0.3519 0.1671 0.0000
vt 0.3522 0.1710 0.0000
vt 0.3506 0.1739 0.0000
vt 0.5300 0.0044 0.0000
vt 0.5339 0.0042 0.0000
vt 0.3463 0.1665 0.0000
vt 0.3511 0.1628 0.0000
vt 0.5383 0.0040 0.0000
vt 0.3412 0.1707 0.0000
vt 0.3357 0.1739 0.0000
vt 0.3312 0.1771 0.0000
vt 0.3518 0.1491 0.0000
vt 0.5403 0.0075 0.0000
vt 0.5405 0.0153 0.0000
vt 0.5406 0.0194 0.0000
vt 0.5399 0.0039 0.0000
vt 0.3403 0.1681 0.0000
vt 0.3468 0.1640 0.0000
vt 0.3505 0.1613 0.0000
vt 0.3348 0.1711 0.0000
vt 0.3294 0.1741 0.0000
vt 0.3252 0.1717 0.0000
vt 0.3247 0.1703 0.0000
vt 0.3195 0.1734 0.0000
vt 0.3152 0.1754 0.0000
vt 0.3166 0.1722 0.0000
vt 0.3210 0.1778 0.0000
vt 0.3224 0.1809 0.0000
vt 0.3239 0.1765 0.0000
vt 0.3244 0.1820 0.0000
vt 0.3261 0.1728 0.0000
vt 0.3284 0.1731 0.0000
vt 0.3215 0.1844 0.0000
vt 0.3197 0.1832 0.0000
vt 0.3289 0.1877 0.0000
vt 0.3249 0.1922 0.0000
vt 0.3327 0.1929 0.0000
vt 0.3274 0.1986 0.0000
vt 0.7351 0.1416 0.0000
vt 0.7362 0.1200 0.0000
vt 0.7355 0.1303 0.0000
vt 0.3347 0.2145 0.0000
vt 0.3337 0.2155 0.0000
vt 0.3305 0.2064 0.0000
vt 0.3335 0.2041 0.0000
vt 0.3113 0.1193 0.0000
vt 0.3108 0.1255 0.0000
vt 0.3095 0.1251 0.0000
vt 0.3102 0.1187 0.0000
vt 0.3108 0.1319 0.0000
vt 0.3077 0.1386 0.0000
vt 0.3085 0.1315 0.0000
vt 0.3290 0.1583 0.0000
vt 0.3264 0.1592 0.0000
vt 0.3493 0.1511 0.0000
vt 0.3256 0.1600 0.0000
vt 0.3249 0.1621 0.0000
vt 0.3522 0.1504 0.0000
vt 0.5415 0.0076 0.0000
vt 0.5415 0.0147 0.0000
vt 0.5415 0.0183 0.0000
vt 0.5415 0.0043 0.0000
vt 0.3394 0.1674 0.0000
vt 0.3458 0.1634 0.0000
vt 0.3489 0.1609 0.0000
vt 0.3345 0.1701 0.0000
vt 0.3299 0.1724 0.0000
vt 0.3260 0.1698 0.0000
vt 0.3265 0.1709 0.0000
vt 0.3270 0.1718 0.0000
vt 0.3285 0.1723 0.0000
vt 0.2402 0.2607 0.0000
vt 0.2402 0.2628 0.0000
vt 0.2364 0.2633 0.0000
vt 0.2352 0.2612 0.0000
vt 0.2375 0.2639 0.0000
vt 0.2402 0.2640 0.0000
vt 0.2402 0.2593 0.0000
vt 0.2402 0.2576 0.0000
vt 0.2352 0.2399 0.0000
vt 0.2402 0.2403 0.0000
vt 0.2367 0.2374 0.0000
vt 0.2402 0.2368 0.0000
vt 0.2505 0.2376 0.0000
vt 0.2519 0.2412 0.0000
vt 0.2475 0.2409 0.0000
vt 0.2473 0.2369 0.0000
vt 0.2526 0.2487 0.0000
vt 0.2481 0.2519 0.0000
vt 0.2528 0.2542 0.0000
vt 0.2483 0.2560 0.0000
vt 0.2529 0.2595 0.0000
vt 0.2485 0.2599 0.0000
vt 0.2522 0.2609 0.0000
vt 0.2493 0.2614 0.0000
vt 0.2512 0.2623 0.0000
vt 0.2501 0.2627 0.0000
vt 0.2486 0.2615 0.0000
vt 0.2487 0.2631 0.0000
vt 0.3029 0.1616 0.0000
vt 0.3023 0.1639 0.0000
vt 0.3046 0.1656 0.0000
vt 0.3038 0.1565 0.0000
vt 0.3207 0.1849 0.0000
vt 0.3190 0.1837 0.0000
vt 0.3142 0.1760 0.0000
vt 0.3243 0.1926 0.0000
vt 0.3268 0.1991 0.0000
vt 0.3336 0.2165 0.0000
vt 0.3298 0.2069 0.0000
vt 0.3019 0.1616 0.0000
vt 0.3037 0.1665 0.0000
vt 0.3015 0.1642 0.0000
vt 0.3114 0.1179 0.0000
vt 0.3107 0.1172 0.0000
vt 0.3013 0.1529 0.0000
vt 0.3028 0.1479 0.0000
vt 0.3060 0.1252 0.0000
vt 0.3068 0.1187 0.0000
vt 0.3043 0.1386 0.0000
vt 0.3051 0.1316 0.0000
vt 0.3004 0.1558 0.0000
vt 0.3170 0.1864 0.0000
vt 0.3161 0.1846 0.0000
vt 0.3110 0.1774 0.0000
vt 0.3204 0.1944 0.0000
vt 0.3232 0.2007 0.0000
vt 0.3304 0.2179 0.0000
vt 0.3266 0.2083 0.0000
vt 0.2984 0.1615 0.0000
vt 0.3006 0.1680 0.0000
vt 0.2983 0.1650 0.0000
vt 0.3071 0.1172 0.0000
vt 0.7230 0.5420 0.0000
vt 0.7252 0.5238 0.0000
vt 0.7339 0.5238 0.0000
vt 0.7323 0.5417 0.0000
vt 0.7351 0.5377 0.0000
vt 0.7355 0.5241 0.0000
vt 0.7322 0.5474 0.0000
vt 0.7222 0.5472 0.0000
vt 0.7356 0.5412 0.0000
vt 0.7363 0.5416 0.0000
vt 0.7343 0.5485 0.0000
vt 0.7358 0.5483 0.0000
vt 0.7372 0.5419 0.0000
vt 0.7372 0.5484 0.0000
vt 0.7380 0.5419 0.0000
vt 0.7227 0.5504 0.0000
vt 0.7324 0.5498 0.0000
vt 0.7322 0.5170 0.0000
vt 0.7242 0.5166 0.0000
vt 0.7353 0.5165 0.0000
vt 0.7374 0.5180 0.0000
vt 0.7379 0.5244 0.0000
vt 0.7393 0.5244 0.0000
vt 0.7392 0.5181 0.0000
vt 0.7409 0.5191 0.0000
vt 0.7407 0.5241 0.0000
vt 0.7478 0.5196 0.0000
vt 0.7465 0.5154 0.0000
vt 0.7318 0.5136 0.0000
vt 0.7240 0.5132 0.0000
vt 0.7401 0.5126 0.0000
vt 0.7457 0.5105 0.0000
vt 0.7385 0.5130 0.0000
vt 0.7370 0.5131 0.0000
vt 0.7350 0.5127 0.0000
vt 0.7394 0.5065 0.0000
vt 0.7441 0.5042 0.0000
vt 0.7375 0.5069 0.0000
vt 0.7361 0.5068 0.0000
vt 0.7344 0.5067 0.0000
vt 0.7317 0.5067 0.0000
vt 0.7239 0.5062 0.0000
vt 0.7379 0.4968 0.0000
vt 0.7411 0.4960 0.0000
vt 0.7366 0.4971 0.0000
vt 0.7354 0.4971 0.0000
vt 0.7340 0.4971 0.0000
vt 0.7320 0.4973 0.0000
vt 0.7239 0.4970 0.0000
vt 0.7030 0.0826 0.0000
vt 0.6936 0.0812 0.0000
vt 0.6964 0.0697 0.0000
vt 0.7029 0.0672 0.0000
vt 0.7362 0.4926 0.0000
vt 0.7372 0.4927 0.0000
vt 0.7353 0.4925 0.0000
vt 0.7338 0.4920 0.0000
vt 0.7321 0.4916 0.0000
vt 0.7243 0.4918 0.0000
vt 0.7219 0.4969 0.0000
vt 0.7220 0.4917 0.0000
vt 0.7217 0.5062 0.0000
vt 0.7217 0.5132 0.0000
vt 0.7217 0.5165 0.0000
vt 0.7218 0.5237 0.0000
vt 0.7202 0.5420 0.0000
vt 0.7200 0.5471 0.0000
vt 0.7200 0.5503 0.0000
vt 0.7511 0.5171 0.0000
vt 0.7521 0.5214 0.0000
vt 0.7495 0.5105 0.0000
vt 0.7061 0.1217 0.0000
vt 0.7047 0.1057 0.0000
vt 0.7139 0.1068 0.0000
vt 0.7172 0.1224 0.0000
vt 0.7094 0.0822 0.0000
vt 0.7068 0.0658 0.0000
vt 0.7452 0.5287 0.0000
vt 0.7363 0.5376 0.0000
vt 0.7376 0.5380 0.0000
vt 0.7385 0.5378 0.0000
vt 0.7455 0.5390 0.0000
vt 0.7444 0.5442 0.0000
vt 0.7394 0.5512 0.0000
vt 0.7361 0.5492 0.0000
vt 0.7385 0.5521 0.0000
vt 0.7351 0.5497 0.0000
vt 0.7375 0.5527 0.0000
vt 0.7347 0.5542 0.0000
vt 0.7225 0.5564 0.0000
vt 0.7214 0.5558 0.0000
vt 0.7199 0.5558 0.0000
vt 0.6975 0.0658 0.0000
vt 0.7026 0.0637 0.0000
vt 0.7359 0.4920 0.0000
vt 0.7364 0.4915 0.0000
vt 0.7351 0.4918 0.0000
vt 0.7341 0.4911 0.0000
vt 0.7319 0.4906 0.0000
vt 0.7242 0.4910 0.0000
vt 0.7221 0.4908 0.0000
vt 0.7062 0.0637 0.0000
vt 0.7354 0.4908 0.0000
vt 0.6988 0.0619 0.0000
vt 0.7020 0.0604 0.0000
vt 0.7070 0.0617 0.0000
vt 0.7354 0.4899 0.0000
vt 0.7087 0.0564 0.0000
vt 0.7039 0.0572 0.0000
vt 0.7341 0.4896 0.0000
vt 0.7341 0.4866 0.0000
vt 0.7320 0.4862 0.0000
vt 0.7262 0.4858 0.0000
vt 0.7064 0.0479 0.0000
vt 0.6969 0.0502 0.0000
vt 0.7116 0.0469 0.0000
vt 0.7149 0.0550 0.0000
vt 0.7127 0.0594 0.0000
vt 0.7092 0.0629 0.0000
vt 0.7161 0.0569 0.0000
vt 0.7203 0.0529 0.0000
vt 0.7214 0.0550 0.0000
vt 0.7165 0.0449 0.0000
vt 0.7355 0.0451 0.0000
vt 0.7366 0.0472 0.0000
vt 0.7317 0.0373 0.0000
vt 0.7314 0.0719 0.0000
vt 0.7454 0.0642 0.0000
vt 0.7042 0.0316 0.0000
vt 0.7111 0.0281 0.0000
vt 0.7013 0.0328 0.0000
vt 0.6936 0.0343 0.0000
vt 0.7318 0.4807 0.0000
vt 0.7335 0.4803 0.0000
vt 0.7258 0.4806 0.0000
vt 0.7011 0.0241 0.0000
vt 0.7078 0.0199 0.0000
vt 0.6994 0.0254 0.0000
vt 0.6947 0.0264 0.0000
vt 0.7310 0.4782 0.0000
vt 0.7322 0.4772 0.0000
vt 0.7261 0.4777 0.0000
vt 0.7226 0.4804 0.0000
vt 0.7227 0.4774 0.0000
vt 0.7224 0.4858 0.0000
vt 0.7305 0.4765 0.0000
vt 0.7301 0.4777 0.0000
vt 0.7312 0.4748 0.0000
vt 0.7319 0.4752 0.0000
vt 0.7300 0.4777 0.0000
vt 0.7261 0.4770 0.0000
vt 0.7271 0.4756 0.0000
vt 0.7281 0.4743 0.0000
vt 0.7228 0.4750 0.0000
vt 0.7228 0.4738 0.0000
vt 0.7228 0.4765 0.0000
vt 0.7239 0.0213 0.0000
vt 0.7202 0.0136 0.0000
vt 0.7105 0.5232 0.0000
vt 0.7186 0.5236 0.0000
vt 0.7173 0.5419 0.0000
vt 0.7077 0.5411 0.0000
vt 0.7055 0.5365 0.0000
vt 0.7091 0.5233 0.0000
vt 0.7178 0.5470 0.0000
vt 0.7072 0.5471 0.0000
vt 0.7041 0.5401 0.0000
vt 0.7032 0.5406 0.0000
vt 0.7051 0.5486 0.0000
vt 0.7034 0.5486 0.0000
vt 0.7020 0.5407 0.0000
vt 0.4960 0.0259 0.0000
vt 0.5038 0.0059 0.0000
vt 0.5075 0.0086 0.0000
vt 0.4987 0.0266 0.0000
vt 0.7173 0.5502 0.0000
vt 0.7075 0.5497 0.0000
vt 0.7110 0.5163 0.0000
vt 0.7192 0.5164 0.0000
vt 0.7076 0.5156 0.0000
vt 0.7055 0.5173 0.0000
vt 0.7070 0.5234 0.0000
vt 0.7059 0.5233 0.0000
vt 0.7034 0.5177 0.0000
vt 0.5109 0.0839 0.0000
vt 0.5044 0.0835 0.0000
vt 0.5153 0.0722 0.0000
vt 0.5181 0.0731 0.0000
vt 0.5317 0.0874 0.0000
vt 0.5246 0.0970 0.0000
vt 0.7112 0.5130 0.0000
vt 0.7193 0.5131 0.0000
vt 0.5191 0.1087 0.0000
vt 0.5035 0.0999 0.0000
vt 0.4989 0.0976 0.0000
vt 0.7038 0.5121 0.0000
vt 0.7054 0.5123 0.0000
vt 0.7077 0.5119 0.0000
vt 0.5135 0.1238 0.0000
vt 0.5006 0.1167 0.0000
vt 0.7020 0.5113 0.0000
vt 0.7036 0.5053 0.0000
vt 0.7054 0.5058 0.0000
vt 0.7069 0.5059 0.0000
vt 0.7086 0.5059 0.0000
vt 0.7114 0.5061 0.0000
vt 0.7194 0.5061 0.0000
vt 0.5057 0.1455 0.0000
vt 0.4971 0.1434 0.0000
vt 0.7060 0.4958 0.0000
vt 0.7073 0.4962 0.0000
vt 0.7084 0.4964 0.0000
vt 0.7098 0.4965 0.0000
vt 0.7118 0.4968 0.0000
vt 0.7199 0.4968 0.0000
vt 0.5013 0.1608 0.0000
vt 0.4960 0.1550 0.0000
vt 0.7068 0.4919 0.0000
vt 0.7079 0.4919 0.0000
vt 0.7088 0.4919 0.0000
vt 0.7126 0.4913 0.0000
vt 0.7143 0.4910 0.0000
vt 0.7198 0.4916 0.0000
vt 0.5443 0.0851 0.0000
vt 0.5387 0.0955 0.0000
vt 0.5298 0.1111 0.0000
vt 0.5225 0.1252 0.0000
vt 0.5115 0.1476 0.0000
vt 0.5050 0.1639 0.0000
vt 0.5292 0.0612 0.0000
vt 0.7043 0.5361 0.0000
vt 0.7029 0.5360 0.0000
vt 0.5010 0.0390 0.0000
vt 0.4982 0.0390 0.0000
vt 0.5206 0.0246 0.0000
vt 0.5228 0.0361 0.0000
vt 0.5174 0.0061 0.0000
vt 0.5075 0.0046 0.0000
vt 0.5180 0.0039 0.0000
vt 0.7032 0.5537 0.0000
vt 0.7037 0.5499 0.0000
vt 0.7048 0.5501 0.0000
vt 0.7040 0.5538 0.0000
vt 0.7064 0.5546 0.0000
vt 0.7181 0.5559 0.0000
vt 0.7184 0.5557 0.0000
vt 0.7064 0.4890 0.0000
vt 0.7077 0.4889 0.0000
vt 0.7078 0.4909 0.0000
vt 0.7083 0.4914 0.0000
vt 0.7090 0.4912 0.0000
vt 0.7123 0.4903 0.0000
vt 0.7145 0.4900 0.0000
vt 0.7199 0.4908 0.0000
vt 0.7076 0.4876 0.0000
vt 0.7068 0.4870 0.0000
vt 0.7088 0.4902 0.0000
vt 0.7111 0.4889 0.0000
vt 0.7105 0.4870 0.0000
vt 0.7126 0.4870 0.0000
vt 0.7123 0.4887 0.0000
vt 0.7129 0.4858 0.0000
vt 0.7150 0.4855 0.0000
vt 0.7187 0.4855 0.0000
vt 0.7595 0.0300 0.0000
vt 0.7559 0.0328 0.0000
vt 0.7502 0.0262 0.0000
vt 0.7580 0.0201 0.0000
vt 0.7464 0.0299 0.0000
vt 0.7517 0.0368 0.0000
vt 0.7121 0.4855 0.0000
vt 0.7103 0.4860 0.0000
vt 0.7570 0.0371 0.0000
vt 0.7526 0.0386 0.0000
vt 0.7519 0.0396 0.0000
vt 0.7510 0.0375 0.0000
vt 0.7417 0.0326 0.0000
vt 0.5125 0.1704 0.0000
vt 0.5314 0.1592 0.0000
vt 0.5170 0.1737 0.0000
vt 0.5206 0.1763 0.0000
vt 0.5217 0.1758 0.0000
vt 0.7599 0.0572 0.0000
vt 0.7370 0.0155 0.0000
vt 0.7387 0.0147 0.0000
vt 0.7414 0.0130 0.0000
vt 0.7472 0.0078 0.0000
vt 0.7139 0.4795 0.0000
vt 0.7155 0.4800 0.0000
vt 0.7194 0.4804 0.0000
vt 0.7328 0.0078 0.0000
vt 0.7347 0.0076 0.0000
vt 0.7367 0.0070 0.0000
vt 0.7403 0.0039 0.0000
vt 0.7154 0.4766 0.0000
vt 0.7165 0.4776 0.0000
vt 0.7194 0.4775 0.0000
vt 0.7171 0.4759 0.0000
vt 0.7175 0.4772 0.0000
vt 0.7158 0.4746 0.0000
vt 0.7166 0.4742 0.0000
vt 0.7176 0.4771 0.0000
vt 0.7194 0.4769 0.0000
vt 0.7184 0.4754 0.0000
vt 0.7173 0.4742 0.0000
vt 0.0712 0.3329 0.0000
vt 0.0712 0.2290 0.0000
vt 0.0943 0.2290 0.0000
vt 0.0943 0.3329 0.0000
# 3540 texture coords

o LowBody
g LowBody
usemtl Body
s 1
f 1/1/1 2/2/2 3/3/3 4/4/4 
f 5/5/5 6/6/6 7/7/7 8/8/8 
s 2
f 9/9/9 10/10/10 11/11/11 12/12/12 
s 1
f 13/13/13 14/14/14 15/15/15 16/16/16 
f 17/17/17 18/18/18 19/19/19 20/20/20 
s 2
f 21/21/21 22/22/22 23/23/23 24/24/24 
f 25/25/25 17/17/17 26/26/26 27/27/27 
s 1
f 28/28/28 29/29/29 30/30/30 31/31/31 
s 2
f 32/32/32 33/33/33 34/34/34 35/35/35 
f 36/36/36 37/37/37 38/38/38 
s 1
f 39/39/39 40/40/40 41/41/41 42/42/42 
s 2
f 43/43/43 44/44/44 45/45/45 46/46/46 
f 47/47/47 48/48/48 49/49/49 50/50/50 
f 51/51/51 52/52/52 53/53/53 54/54/54 
f 55/55/55 56/56/56 57/57/57 58/58/58 
s 1
f 59/59/59 60/60/60 61/61/61 
s 2
f 62/62/62 63/63/63 64/64/64 65/65/65 
s 1
f 66/66/66 67/67/67 68/68/68 69/69/69 
f 70/70/70 71/71/71 72/72/72 73/73/73 
s 2
f 74/74/74 75/75/75 18/18/18 76/76/76 
f 44/44/44 77/77/77 78/78/78 79/79/79 
s 1
f 80/80/80 81/81/81 5/5/5 8/8/8 
s 2
f 82/82/82 83/83/83 84/84/84 85/85/85 
s 1
f 86/86/86 87/87/87 88/88/88 89/89/89 
s 2
f 90/90/90 91/91/91 92/92/92 93/93/93 
s 1
f 94/94/94 95/95/95 96/96/96 97/97/97 
s 2
f 98/98/98 99/99/99 100/100/100 101/101/101 
f 102/102/102 61/103/61 60/104/60 103/105/103 
s 1
f 104/106/104 105/107/105 106/108/106 107/109/107 
s 2
f 108/110/108 109/111/109 110/112/110 111/113/111 
f 112/114/112 113/115/113 114/116/114 115/117/115 
f 116/118/116 117/119/117 118/120/118 119/121/119 
f 120/122/120 121/123/121 42/42/42 122/124/122 
f 123/125/123 124/126/124 125/127/125 126/128/126 
s 4
f 127/129/127 128/130/128 129/131/129 130/132/130 
s 2
f 131/133/131 84/84/84 83/83/83 132/134/132 
f 76/76/76 73/135/73 133/136/133 74/74/74 
f 134/137/134 135/138/135 136/139/136 137/140/137 
s 1
f 138/141/138 139/142/139 140/143/140 141/144/141 
s 2
f 142/145/142 28/28/28 143/146/143 144/147/144 
f 145/148/145 146/149/146 147/150/147 148/151/148 
f 149/152/149 150/153/150 119/121/119 151/154/151 
s 1
f 139/142/139 138/141/138 152/155/152 153/156/153 
s 2
f 10/10/10 9/9/9 154/157/154 155/158/155 
f 156/159/156 157/160/157 158/161/158 159/162/159 
s 1
f 160/163/160 161/164/161 162/165/162 163/166/163 
s 2
f 164/167/164 165/168/165 166/169/166 167/170/167 
f 168/171/168 169/172/169 170/173/170 171/174/171 
f 172/175/172 173/176/173 174/177/174 175/178/175 
s 4
f 176/179/176 177/180/177 178/181/178 179/182/179 
s 1
f 180/183/180 8/8/8 7/7/7 181/184/181 
s 2
f 182/185/182 183/186/183 184/187/184 185/188/185 
s 4
f 186/189/186 187/190/187 188/191/188 189/192/189 
s 2
f 188/191/188 187/190/187 47/47/47 190/193/190 
s 1
f 180/183/180 191/194/191 80/80/80 8/8/8 
s 2
f 192/195/192 48/48/48 193/196/193 194/197/194 
f 195/198/195 133/199/133 73/73/73 72/72/72 
f 119/121/119 196/200/196 197/201/197 151/154/151 
f 149/152/149 198/202/198 199/203/199 200/204/200 
f 201/205/201 202/206/202 203/207/203 204/208/204 
s 1
f 150/209/150 205/210/205 153/156/153 152/155/152 
f 161/164/161 160/163/160 206/211/206 207/212/207 
s 2
f 208/213/208 62/62/62 65/65/65 209/214/209 
s 1
f 15/15/15 210/215/210 211/216/211 212/217/212 
f 161/164/161 213/218/213 214/219/214 162/165/162 
s 2
f 215/220/215 216/221/216 217/222/217 218/223/218 
f 142/145/142 219/224/219 29/29/29 28/28/28 
f 57/57/57 220/225/220 221/226/221 222/227/222 
f 223/228/223 208/213/208 209/214/209 224/229/224 
f 225/230/225 226/231/226 227/232/227 228/233/228 
f 229/234/229 230/235/230 32/32/32 35/35/35 
f 231/236/231 232/237/232 145/148/145 233/238/233 
s 1
f 234/239/234 235/240/235 236/241/236 237/242/237 
s 2
f 238/243/238 239/244/239 237/242/237 236/241/236 
s 4
f 240/245/240 241/246/241 242/247/242 110/112/110 
s 2
f 243/248/243 41/41/41 40/40/40 244/249/244 
s 4
f 245/250/245 246/251/246 247/252/247 248/253/248 
s 2
f 249/254/249 250/255/250 251/256/251 252/257/252 
s 1
f 253/258/253 254/259/254 255/260/255 256/261/256 
f 257/262/257 258/263/258 259/264/259 260/265/260 
s 2
f 23/23/23 22/22/22 45/45/45 261/266/261 
f 262/267/262 263/268/263 264/269/264 265/270/265 
s 1
f 213/218/213 161/164/161 207/212/207 266/271/266 
f 267/272/267 268/273/268 269/274/269 270/275/270 
f 245/250/245 271/276/271 272/277/272 246/251/246 
s 2
f 103/105/103 273/278/273 274/279/274 275/280/275 
f 276/281/276 277/282/277 278/283/278 279/284/279 
s 1
f 280/285/280 87/87/87 86/86/86 281/286/281 
s 2
f 282/287/282 283/288/283 284/289/284 285/290/285 
f 203/207/203 286/291/286 287/292/287 204/208/204 
s 4
f 288/293/288 218/294/218 289/295/289 251/256/251 
s 2
f 49/49/49 290/296/290 2/2/2 1/1/1 
f 275/280/275 274/279/274 291/297/291 292/298/292 
f 293/299/293 294/300/294 261/266/261 295/301/295 
f 166/169/166 165/168/165 172/302/172 175/303/175 
s 4
f 296/304/296 252/257/252 251/256/251 289/295/289 
s 2
f 297/305/297 298/306/298 299/307/299 300/308/300 
s 1
f 301/309/301 302/310/302 303/311/303 304/312/304 
s 2
f 152/313/152 138/314/138 120/122/120 116/118/116 
f 305/315/305 306/316/306 307/317/307 
f 308/318/308 309/319/309 310/320/310 311/321/311 
f 312/322/312 313/323/313 314/324/314 315/325/315 
f 134/137/134 137/140/137 316/326/316 
f 317/327/317 318/328/318 59/329/59 61/103/61 
f 303/311/303 319/330/319 320/331/320 321/332/321 
f 322/333/322 99/99/99 323/334/323 324/335/324 
s 1
f 325/336/325 246/251/246 272/277/272 326/337/326 
s 2
f 285/290/285 327/338/327 328/339/328 282/287/282 
f 142/145/142 329/340/329 183/186/183 219/224/219 
f 330/341/330 331/342/331 332/343/332 333/344/333 
s 1
f 334/345/334 160/163/160 163/166/163 335/346/335 
s 2
f 336/347/336 337/348/337 338/349/338 339/350/339 
s 1
f 95/95/95 94/94/94 267/272/267 270/275/270 
f 340/351/340 341/352/341 342/353/342 109/111/109 
s 2
f 343/354/343 344/355/344 345/356/345 346/357/346 
f 347/358/347 348/359/348 278/283/278 277/282/277 
s 1
f 105/107/105 104/106/104 349/360/349 350/361/350 
f 326/337/326 272/277/272 271/276/271 351/362/351 
s 2
f 352/363/352 353/364/353 354/365/354 355/366/355 
f 356/367/356 355/366/355 354/365/354 357/368/357 
f 327/338/327 358/369/358 311/370/311 359/371/359 
f 360/372/360 361/373/361 362/374/362 363/375/363 
s 1
f 117/119/117 37/37/37 364/376/364 
s 2
f 365/377/365 366/378/366 348/359/348 347/358/347 
f 367/379/367 368/380/368 369/381/369 370/382/370 
f 217/222/217 371/383/371 289/384/289 218/223/218 
f 171/174/171 368/380/368 367/379/367 168/171/168 
s 4
f 372/385/372 373/386/373 374/387/374 375/388/375 
s 1
f 206/211/206 160/163/160 334/345/334 376/389/376 
s 2
f 237/242/237 163/166/163 162/165/162 234/239/234 
s 4
f 377/390/377 247/252/247 246/251/246 378/391/378 
s 2
f 375/388/375 379/392/379 380/393/380 381/394/381 
s 1
f 382/395/382 259/264/259 383/396/383 384/397/384 
f 68/68/68 376/389/376 334/345/334 69/69/69 
s 2
f 385/398/385 386/399/386 387/400/387 388/401/388 
f 389/402/389 288/293/288 251/256/251 250/255/250 
s 1
f 212/217/212 211/216/211 139/142/139 153/156/153 
s 2
f 390/403/390 216/221/216 215/220/215 391/404/391 
f 392/405/392 150/153/150 149/152/149 200/204/200 
f 222/227/222 393/406/393 58/58/58 57/57/57 
f 394/407/394 278/283/278 348/359/348 366/378/366 
f 302/310/302 395/408/395 319/330/319 303/311/303 
s 1
f 396/409/396 16/16/16 397/410/397 398/411/398 
s 2
f 399/412/399 308/318/308 400/413/400 141/144/141 
s 4
f 273/414/273 401/415/401 402/416/402 274/417/274 
f 403/418/403 404/419/404 405/420/405 266/271/266 
s 2
f 406/421/406 216/221/216 407/422/407 408/423/408 
s 1
f 378/391/378 186/189/186 189/192/189 179/182/179 
s 2
f 409/424/409 82/82/82 85/85/85 101/425/101 
f 410/426/410 411/427/411 412/428/412 413/429/413 
s 4
f 414/430/414 415/431/415 207/212/207 206/211/206 
s 2
f 416/432/416 417/433/417 418/434/418 419/435/419 
f 420/436/420 421/437/421 286/291/286 203/207/203 
f 422/438/422 423/439/423 424/440/424 136/139/136 
f 111/113/111 425/441/425 214/219/214 108/110/108 
s 1
f 171/174/171 283/288/283 426/442/426 368/380/368 
s 2
f 427/443/427 428/444/428 429/445/429 430/446/430 
f 431/447/431 432/448/432 310/320/310 309/319/309 
s 1
f 60/60/60 59/59/59 433/449/433 434/450/434 
s 2
f 424/440/424 435/451/435 137/140/137 136/139/136 
f 232/237/232 231/236/231 436/452/436 437/453/437 
f 54/54/54 438/454/438 387/400/387 51/51/51 
s 1
f 439/455/439 440/456/440 441/457/441 442/458/442 
f 242/247/242 443/459/443 111/113/111 110/112/110 
s 4
f 376/389/376 68/68/68 444/460/444 445/461/445 
s 1
f 446/462/446 447/463/447 413/429/413 412/428/412 
s 2
f 42/42/42 121/123/121 448/464/448 39/39/39 
s 4
f 151/154/151 197/201/197 198/202/198 149/152/149 
f 449/465/449 215/466/215 218/294/218 288/293/288 
s 2
f 450/467/450 451/468/451 452/469/452 453/470/453 
s 1
f 454/471/454 280/285/280 281/286/281 455/472/455 
f 456/473/456 457/474/457 458/475/458 
s 2
f 459/476/459 460/477/460 461/478/461 228/479/228 
f 318/328/318 92/480/92 433/481/433 59/329/59 
f 462/482/462 463/483/463 464/484/464 465/485/465 
f 252/257/252 466/486/466 467/487/467 249/254/249 
f 468/488/468 409/424/409 101/425/101 100/489/100 
f 50/50/50 469/490/469 190/193/190 47/47/47 
f 375/388/375 374/387/374 107/109/107 379/392/379 
s 1
f 260/265/260 259/264/259 382/395/382 372/385/372 
f 455/472/455 281/286/281 470/491/470 471/492/471 
s 4
f 325/336/325 193/196/193 187/190/187 186/189/186 
s 1
f 96/96/96 95/95/95 472/493/472 473/494/473 
f 474/495/474 72/72/72 71/71/71 143/146/143 
s 2
f 46/46/46 45/45/45 22/22/22 21/21/21 
f 475/496/475 359/371/359 311/370/311 310/497/310 
f 196/200/196 118/120/118 364/376/364 
s 1
f 476/498/476 271/276/271 245/250/245 477/499/477 434/450/434 
s 2
f 330/341/330 221/226/221 220/225/220 478/500/478 
f 478/500/478 479/501/479 331/342/331 330/341/330 
s 1
f 398/411/398 397/410/397 205/210/205 480/502/480 
s 2
f 219/224/219 183/186/183 182/185/182 481/503/481 
f 482/504/482 331/342/331 479/501/479 483/505/483 
f 295/301/295 44/44/44 79/79/79 296/506/296 
f 465/485/465 128/507/128 127/508/127 484/509/484 
f 228/233/228 485/510/485 486/511/486 225/230/225 
s 8
f 107/109/107 106/108/106 487/512/487 379/392/379 
s 2
f 488/513/488 410/426/410 413/429/413 4/4/4 
s 1
f 384/397/384 342/353/342 341/352/341 382/395/382 
f 397/410/397 212/217/212 153/156/153 205/210/205 
s 2
f 278/283/278 394/407/394 489/514/489 279/284/279 
f 490/515/490 491/516/491 184/187/184 492/517/492 
s 4
f 493/518/493 194/197/194 326/337/326 351/362/351 
s 2
f 29/29/29 219/224/219 481/503/481 494/519/494 
s 4
f 470/491/470 125/520/125 391/521/391 471/492/471 
s 2
f 146/149/146 495/522/495 496/523/496 147/150/147 
f 448/464/448 358/369/358 327/338/327 285/290/285 
f 482/504/482 324/335/324 54/54/54 53/53/53 
f 497/524/497 498/525/498 135/138/135 134/137/134 
f 421/437/421 420/436/420 499/526/499 500/527/500 
f 331/342/331 482/504/482 53/53/53 332/343/332 
s 4
f 325/336/325 326/337/326 194/197/194 193/196/193 
s 1
f 501/528/501 400/413/400 358/529/358 
s 2
f 502/530/502 156/159/156 159/162/159 503/531/503 
s 4
f 504/532/504 373/386/373 505/533/505 506/534/506 
s 2
f 421/437/421 231/236/231 233/238/233 286/291/286 
f 71/71/71 507/535/507 144/147/144 143/146/143 
s 1
f 179/182/179 189/192/189 508/536/508 176/179/176 
f 443/459/443 509/537/509 425/441/425 111/113/111 
s 2
f 131/538/131 485/539/485 510/540/510 511/541/511 
f 284/289/284 39/39/39 448/464/448 285/290/285 
f 355/366/355 512/542/512 513/543/513 352/363/352 
f 514/544/514 333/344/333 159/162/159 158/161/158 
f 515/545/515 102/102/102 428/444/428 427/443/427 
f 158/161/158 173/176/173 516/546/516 514/544/514 
s 1
f 250/255/250 517/547/517 518/548/518 389/402/389 
s 2
f 519/549/519 520/550/520 521/551/521 522/552/522 
f 63/63/63 62/62/62 523/553/523 33/33/33 
f 121/123/121 120/122/120 138/314/138 501/554/501 
s 1
f 412/428/412 524/555/524 525/556/525 446/462/446 
s 2
f 227/557/227 526/558/526 459/476/459 228/479/228 
f 48/48/48 47/47/47 187/190/187 193/196/193 
f 1/1/1 447/463/447 50/50/50 49/49/49 
s 1
f 527/559/527 528/560/528 86/86/86 89/89/89 
s 2
f 491/516/491 490/515/490 529/561/529 243/248/243 
f 530/562/530 167/170/167 531/563/531 532/564/532 
s 4
f 126/565/126 528/560/528 527/559/527 453/566/453 
s 1
f 351/362/351 271/276/271 476/498/476 533/567/533 
s 2
f 460/477/460 459/476/459 534/568/534 535/569/535 
s 4
f 536/570/536 537/571/537 538/572/538 539/573/539 
s 2
f 540/574/540 123/125/123 452/469/452 394/407/394 
f 541/575/541 315/325/315 314/324/314 542/576/542 
f 232/237/232 437/453/437 360/372/360 363/375/363 
f 542/577/542 336/347/336 339/350/339 543/578/543 
f 507/535/507 71/71/71 70/70/70 544/579/544 
s 1
f 31/31/31 474/495/474 143/146/143 28/28/28 
s 2
f 214/219/214 425/441/425 234/239/234 162/165/162 
s 4
f 537/571/537 536/570/536 248/253/248 247/252/247 
s 2
f 440/580/440 31/31/31 30/30/30 545/581/545 
f 345/356/345 546/582/546 547/583/547 346/357/346 
s 1
f 204/208/204 548/584/548 298/306/298 549/585/549 
s 2
f 365/377/365 262/267/262 265/270/265 366/378/366 
f 483/505/483 322/333/322 324/335/324 482/504/482 
s 4
f 78/586/78 550/587/550 466/486/466 79/588/79 
s 2
f 551/589/551 90/90/90 27/27/27 26/26/26 
s 4
f 79/588/79 466/486/466 252/257/252 296/304/296 
s 2
f 230/235/230 55/590/55 58/591/58 32/32/32 
f 549/585/549 552/592/552 201/205/201 204/208/204 
s 4
f 381/394/381 306/316/306 257/262/257 260/265/260 
s 1
f 553/593/553 340/351/340 109/111/109 108/110/108 
s 2
f 554/594/554 555/595/555 556/596/556 557/597/557 
s 1
f 558/598/558 559/599/559 97/97/97 96/96/96 
s 2
f 125/600/125 124/601/124 390/403/390 391/404/391 
s 4
f 560/602/560 508/536/508 189/192/189 188/191/188 
s 2
f 546/582/546 230/235/230 229/234/229 547/583/547 
f 495/522/495 362/374/362 418/434/418 369/381/369 
f 561/603/561 529/561/529 490/515/490 61/103/61 
s 1
f 280/285/280 454/471/454 342/353/342 384/397/384 
s 2
f 562/604/562 563/605/563 564/606/564 565/607/565 
f 566/608/566 567/609/567 568/610/568 56/611/56 
f 438/454/438 54/54/54 324/335/324 323/334/323 
s 1
f 249/254/249 569/612/569 517/547/517 250/255/250 
s 2
f 570/613/570 571/614/571 431/447/431 572/615/572 
f 152/313/152 116/118/116 119/121/119 150/153/150 
s 1
f 573/616/573 569/612/569 249/254/249 467/487/467 
s 2
f 574/617/574 575/618/575 576/619/576 577/620/577 
f 571/614/571 570/613/570 113/115/113 112/114/112 
f 240/245/240 110/112/110 454/471/454 455/472/455 
f 407/422/407 216/221/216 390/403/390 124/601/124 
f 129/131/129 578/621/578 579/622/579 130/132/130 
f 131/133/131 132/134/132 486/511/486 485/510/485 
f 469/490/469 50/50/50 447/463/447 446/462/446 
s 1
f 88/88/88 580/623/580 581/624/581 582/625/582 
s 2
f 565/607/565 521/551/521 583/626/583 562/604/562 
f 357/368/357 426/442/426 283/288/283 282/287/282 
s 1
f 584/627/584 585/628/585 586/629/586 26/26/26 
s 2
f 574/617/574 337/348/337 336/347/336 575/618/575 
f 368/380/368 496/523/496 495/522/495 369/381/369 
f 503/531/503 159/162/159 333/344/333 332/343/332 
s 1
f 266/271/266 405/420/405 553/593/553 213/218/213 
f 199/630/199 587/631/587 94/94/94 97/97/97 
s 2
f 27/27/27 90/90/90 93/93/93 544/632/544 
s 4
f 588/633/588 257/262/257 306/316/306 305/315/305 
s 2
f 465/485/465 484/509/484 589/634/589 462/482/462 
f 388/401/388 387/400/387 438/454/438 590/635/590 
s 1
f 382/395/382 341/352/341 373/386/373 372/385/372 
s 2
f 282/287/282 328/339/328 356/367/356 357/368/357 
s 1
f 591/636/591 567/609/567 365/377/365 347/358/347 
s 2
f 154/157/154 9/9/9 364/376/364 592/637/592 
f 545/581/545 30/30/30 593/638/593 594/639/594 
s 1
f 595/640/595 456/473/456 419/641/419 361/642/361 
s 2
f 592/637/592 36/36/36 561/603/561 515/545/515 
s 1
f 246/251/246 325/336/325 186/189/186 378/391/378 
s 2
f 319/330/319 596/643/596 597/644/597 320/331/320 
f 557/597/557 556/596/556 598/645/598 432/646/432 
f 192/195/192 551/589/551 26/26/26 586/629/586 
f 599/647/599 600/648/600 85/649/85 84/650/84 
s 1
f 270/275/270 269/274/269 180/183/180 181/184/181 
s 2
f 77/77/77 484/509/484 127/508/127 78/78/78 
f 449/465/449 240/245/240 455/472/455 471/492/471 
f 124/126/124 123/125/123 540/574/540 601/651/601 
f 354/365/354 496/523/496 426/442/426 357/368/357 
f 374/387/374 602/652/602 104/106/104 107/109/107 
f 603/653/603 548/584/548 287/292/287 100/489/100 
f 417/433/417 370/382/370 369/381/369 418/434/418 
f 77/77/77 604/654/604 605/655/605 484/509/484 
f 606/656/606 526/558/526 339/350/339 338/349/338 
f 424/440/424 607/657/607 554/658/554 435/451/435 
f 322/333/322 483/505/483 299/659/299 603/660/603 
f 495/522/495 146/149/146 363/375/363 362/374/362 
s 1
f 38/38/38 37/37/37 117/119/117 122/124/122 
s 2
f 19/19/19 18/18/18 75/75/75 608/661/608 
f 314/662/314 575/618/575 336/347/336 542/577/542 
f 60/104/60 434/663/434 273/278/273 103/105/103 
s 4
f 351/362/351 533/567/533 91/91/91 493/518/493 
f 375/388/375 381/394/381 260/265/260 372/385/372 
s 1
f 262/267/262 566/608/566 263/268/263 
s 2
f 366/378/366 265/270/265 540/574/540 394/407/394 
f 349/360/349 104/106/104 602/652/602 609/664/609 
s 1
f 610/665/610 140/143/140 139/142/139 211/216/211 
s 8
f 379/392/379 487/512/487 611/666/611 380/393/380 
s 1
f 505/533/505 373/386/373 341/352/341 340/351/340 
s 2
f 549/585/549 277/282/277 276/281/276 552/592/552 
s 4
f 609/664/609 445/461/445 444/460/444 612/667/612 
s 1
f 122/124/122 42/42/42 41/41/41 38/38/38 
f 549/585/549 298/306/298 297/305/297 277/282/277 
s 2
f 439/668/439 474/495/474 31/31/31 440/580/440 
f 208/213/208 223/228/223 523/553/523 62/62/62 
f 613/669/613 607/670/607 313/323/313 312/322/312 
f 23/23/23 261/266/261 294/300/294 24/24/24 
f 614/671/614 615/672/615 576/619/576 422/438/422 
s 1
f 567/609/567 566/608/566 262/267/262 365/377/365 
s 2
f 616/673/616 617/674/617 353/364/353 352/363/352 
f 618/675/618 591/636/591 297/305/297 300/308/300 
f 316/326/316 137/140/137 435/451/435 619/676/619 
f 522/552/522 521/551/521 565/607/565 534/568/534 
s 8
f 620/677/620 307/317/307 380/393/380 611/666/611 
s 2
f 33/33/33 523/553/523 621/678/621 34/34/34 
f 534/568/534 565/607/565 564/606/564 535/569/535 
f 622/679/622 502/530/502 503/531/503 52/52/52 
f 4/4/4 3/3/3 623/680/623 488/513/488 
f 263/681/263 546/582/546 345/356/345 264/682/264 
f 84/650/84 131/538/131 511/541/511 599/647/599 
f 288/293/288 389/402/389 240/245/240 449/465/449 
f 196/200/196 119/121/119 118/120/118 
f 203/207/203 202/206/202 624/683/624 420/436/420 
f 615/672/615 625/684/625 577/620/577 576/619/576 
f 485/539/485 228/479/228 461/478/461 510/540/510 
s 1
f 501/528/501 138/141/138 141/144/141 400/413/400 
s 2
f 619/676/619 435/451/435 554/658/554 557/685/557 
s 1
f 377/390/377 302/310/302 301/309/301 626/686/626 
s 2
f 423/439/423 313/687/313 607/657/607 424/440/424 
f 454/471/454 110/112/110 109/111/109 342/353/342 
f 462/482/462 589/634/589 627/688/627 530/562/530 
f 194/197/194 493/518/493 551/589/551 192/195/192 
f 628/689/628 622/679/622 52/52/52 51/51/51 
f 436/452/436 231/236/231 421/437/421 500/527/500 
f 571/614/571 557/685/557 432/448/432 431/447/431 
s 1
f 629/690/629 630/691/630 631/692/631 632/693/632 
s 2
f 561/603/561 61/103/61 102/102/102 515/545/515 
f 227/232/227 226/231/226 633/694/633 543/695/543 
f 147/150/147 353/364/353 617/674/617 148/151/148 
s 1
f 634/696/634 635/697/635 268/273/268 267/272/267 
s 2
f 117/119/117 364/376/364 118/120/118 
s 4
f 636/698/636 538/572/538 537/571/537 626/686/626 
s 2
f 637/699/637 164/167/164 627/688/627 638/700/638 
f 92/480/92 318/328/318 639/701/639 93/702/93 
f 24/24/24 640/703/640 641/704/641 21/21/21 
f 617/674/617 616/673/616 409/424/409 468/488/468 
f 381/394/381 380/393/380 307/317/307 306/316/306 
s 4
f 398/411/398 558/705/558 642/706/642 396/409/396 
s 2
f 643/707/643 499/526/499 420/436/420 624/683/624 
f 601/708/601 344/355/344 407/422/407 124/601/124 
s 4
f 179/182/179 178/181/178 377/390/377 378/391/378 
s 1
f 610/665/610 211/216/211 210/215/210 644/709/644 
s 4
f 558/705/558 398/411/398 480/502/480 559/710/559 
s 1
f 645/711/645 581/624/581 580/623/580 258/263/258 
s 4
f 127/129/127 130/132/130 550/587/550 78/586/78 
s 2
f 422/438/422 136/139/136 135/138/135 614/671/614 
f 286/291/286 233/238/233 646/712/646 287/292/287 
f 317/327/317 492/517/492 329/340/329 647/713/647 
f 478/500/478 220/225/220 568/714/568 618/715/618 
f 43/43/43 604/654/604 77/77/77 44/44/44 
f 362/374/362 361/373/361 419/435/419 418/434/418 
s 1
f 582/625/582 648/716/648 89/89/89 88/88/88 
s 2
f 649/717/649 650/718/650 115/117/115 114/116/114 
s 4
f 321/332/321 191/194/191 304/312/304 303/311/303 
s 8
f 620/677/620 632/719/632 305/315/305 307/317/307 
s 4
f 128/130/128 651/720/651 652/721/652 129/131/129 
s 2
f 335/346/335 653/722/653 654/723/654 655/724/655 
f 496/523/496 354/365/354 353/364/353 147/150/147 
s 1
f 340/351/340 553/593/553 405/420/405 505/533/505 
s 2
f 653/722/653 579/622/579 578/621/578 654/723/654 
s 8
f 178/181/178 395/408/395 302/310/302 377/390/377 
s 2
f 656/725/656 657/726/657 658/727/658 659/728/659 
s 1
f 447/463/447 1/1/1 4/4/4 413/429/413 
s 4
f 401/415/401 273/414/273 434/450/434 477/499/477 
s 1
f 591/636/591 347/358/347 277/282/277 297/305/297 
s 4
f 660/729/660 635/730/635 661/731/661 662/732/662 
s 2
f 647/713/647 144/147/144 507/535/507 639/701/639 
f 222/227/222 221/226/221 514/544/514 516/546/516 
s 1
f 426/442/426 496/523/496 368/380/368 
s 2
f 263/268/263 566/608/566 56/611/56 55/733/55 
s 1
f 456/473/456 595/640/595 663/734/663 457/474/457 
s 2
f 530/562/530 627/688/627 164/167/164 167/170/167 
f 233/238/233 145/148/145 148/151/148 646/712/646 
f 386/399/386 628/689/628 51/51/51 387/400/387 
f 243/248/243 529/561/529 38/38/38 41/41/41 
f 232/237/232 363/375/363 146/149/146 145/148/145 
s 4
f 215/466/215 449/465/449 471/492/471 391/521/391 
s 1
f 630/691/630 664/735/664 665/736/665 631/692/631 
s 2
f 661/731/661 635/730/635 634/737/634 587/738/587 
f 666/739/666 641/704/641 640/703/640 667/740/667 
f 544/632/544 70/741/70 25/25/25 27/27/27 
s 1
f 29/29/29 494/519/494 593/638/593 30/30/30 
s 2
f 478/500/478 618/715/618 300/742/300 479/501/479 
s 1
f 480/502/480 205/210/205 150/209/150 392/743/392 
s 2
f 576/619/576 575/618/575 423/439/423 422/438/422 
f 393/406/393 222/227/222 516/546/516 668/744/668 
f 196/200/196 12/12/12 662/732/662 197/201/197 
s 4
f 238/243/238 573/616/573 467/487/467 239/244/239 
s 2
f 544/579/544 93/702/93 639/701/639 507/535/507 
f 557/685/557 571/614/571 112/114/112 619/676/619 
f 601/651/601 540/574/540 265/270/265 264/269/264 
s 1
f 69/69/69 334/345/334 335/346/335 655/724/655 
s 2
f 264/682/264 345/356/345 344/355/344 601/708/601 
f 315/325/315 513/543/513 512/542/512 312/322/312 
f 459/476/459 526/558/526 522/552/522 534/568/534 
s 1
f 588/633/588 645/711/645 258/263/258 257/262/257 
f 321/332/321 320/331/320 80/80/80 191/194/191 
s 2
f 656/725/656 165/168/165 669/745/669 670/746/670 
f 243/248/243 244/249/244 671/747/671 491/516/491 
f 598/645/598 475/496/475 310/497/310 432/646/432 
f 173/176/173 172/175/172 659/748/659 
s 1
f 587/631/587 634/696/634 267/272/267 94/94/94 
f 16/16/16 15/15/15 212/217/212 397/410/397 
s 2
f 428/444/428 275/280/275 292/298/292 429/445/429 
f 658/749/658 668/744/668 516/546/516 
f 670/746/670 672/750/672 657/726/657 656/725/656 
f 122/124/122 117/119/117 116/118/116 120/122/120 
s 4
f 673/751/673 291/752/291 274/417/274 402/416/402 
s 2
f 56/56/56 568/714/568 220/225/220 57/57/57 
s 1
f 213/218/213 553/593/553 108/110/108 214/219/214 
s 2
f 63/63/63 657/726/657 672/750/672 64/64/64 
f 12/12/12 196/200/196 364/376/364 9/9/9 
f 298/306/298 548/584/548 603/653/603 299/307/299 
f 621/678/621 523/553/523 223/228/223 224/229/224 
f 609/664/609 612/667/612 674/753/674 349/360/349 
f 446/462/446 525/556/525 675/754/675 469/490/469 
s 4
f 676/755/676 450/756/450 453/566/453 527/559/527 
s 1
f 499/757/499 643/758/643 677/759/677 678/760/678 
s 2
f 237/242/237 239/244/239 579/622/579 653/722/653 
f 198/202/198 661/731/661 587/738/587 199/203/199 
f 492/517/492 317/327/317 61/103/61 490/515/490 
s 1
f 389/402/389 518/548/518 241/246/241 240/245/240 
s 4
f 125/520/125 470/491/470 528/560/528 126/565/126 
s 2
f 293/299/293 295/301/295 371/383/371 679/761/679 
s 1
f 476/498/476 434/450/434 433/449/433 533/567/533 
s 2
f 592/637/592 515/545/515 427/443/427 154/157/154 
s 4
f 680/762/680 602/652/602 374/387/374 681/763/681 
s 2
f 101/101/101 85/649/85 600/648/600 98/98/98 
f 579/622/579 239/244/239 550/587/550 130/132/130 
s 1
f 425/441/425 509/537/509 235/240/235 234/239/234 
s 2
f 491/516/491 671/747/671 185/188/185 184/187/184 
f 466/486/466 550/587/550 239/244/239 467/487/467 
f 195/198/195 72/72/72 474/495/474 439/668/439 
f 91/91/91 533/567/533 433/449/433 92/92/92 
f 290/296/290 49/49/49 586/629/586 585/628/585 
f 646/712/646 468/488/468 100/489/100 287/292/287 
f 90/90/90 551/589/551 493/518/493 91/91/91 
f 430/446/430 155/158/155 154/157/154 427/443/427 
f 323/334/323 99/99/99 682/764/682 683/765/683 
f 344/355/344 343/354/343 408/423/408 407/422/407 
f 638/700/638 627/688/627 589/634/589 684/766/684 
f 309/319/309 685/767/685 572/615/572 431/447/431 
s 1
f 25/25/25 70/741/70 73/135/73 76/76/76 
s 2
f 217/222/217 216/221/216 406/421/406 686/768/686 
f 164/167/164 637/699/637 669/745/669 165/168/165 
s 1
f 25/25/25 76/76/76 18/18/18 17/17/17 
s 2
f 371/383/371 217/222/217 686/768/686 679/761/679 
s 1
f 548/584/548 204/208/204 287/292/287 
s 2
f 36/36/36 592/637/592 364/376/364 37/37/37 
f 626/686/626 301/309/301 304/312/304 636/698/636 
f 451/468/451 489/514/489 394/407/394 452/469/452 
f 99/99/99 322/333/322 603/660/603 100/100/100 
s 1
f 473/494/473 642/769/642 558/598/558 96/96/96 
s 2
f 492/517/492 184/187/184 183/186/183 329/340/329 
f 586/629/586 49/49/49 48/48/48 192/195/192 
f 323/334/323 683/765/683 590/635/590 438/454/438 
s 1
f 283/288/283 171/174/171 170/173/170 284/289/284 
f 258/263/258 580/623/580 383/396/383 259/264/259 
f 281/286/281 86/86/86 528/560/528 470/491/470 
s 2
f 633/694/633 541/575/541 542/576/542 543/695/543 
f 662/732/662 12/12/12 11/11/11 660/729/660 
s 1
f 87/87/87 383/396/383 580/623/580 88/88/88 
s 4
f 247/252/247 377/390/377 626/686/626 537/571/537 
s 2
f 296/506/296 289/384/289 371/383/371 295/301/295 
f 230/235/230 546/582/546 263/681/263 55/590/55 
s 1
f 97/97/97 559/599/559 200/770/200 199/630/199 
f 39/39/39 284/289/284 170/173/170 40/40/40 
s 2
f 313/687/313 423/439/423 575/618/575 314/662/314 
f 144/147/144 647/713/647 329/340/329 142/145/142 
f 221/226/221 330/341/330 333/344/333 514/544/514 
f 175/303/175 687/771/687 688/772/688 166/169/166 
f 148/151/148 617/674/617 468/488/468 646/712/646 
f 358/369/358 448/464/448 121/123/121 501/554/501 
f 332/343/332 53/53/53 52/52/52 503/531/503 
f 484/509/484 605/655/605 684/766/684 589/634/589 
s 4
f 415/431/415 403/418/403 266/271/266 207/212/207 
s 1
f 384/397/384 383/396/383 87/87/87 280/285/280 
s 2
f 529/561/529 561/603/561 36/36/36 38/38/38 
f 479/501/479 300/742/300 299/659/299 483/505/483 
s 1
f 674/753/674 689/773/689 350/361/350 349/360/349 
s 2
f 395/408/395 690/774/690 596/643/596 319/330/319 
s 4
f 602/652/602 680/762/680 415/431/415 414/430/414 
s 2
f 555/595/555 554/594/554 607/670/607 613/669/613 
f 428/444/428 102/102/102 103/105/103 275/280/275 
s 4
f 559/710/559 480/502/480 392/743/392 200/775/200 
s 2
f 173/176/173 659/748/659 658/749/658 516/546/516 
f 45/45/45 44/44/44 295/301/295 261/266/261 
f 568/610/568 567/609/567 591/636/591 618/675/618 
f 625/684/625 615/672/615 691/776/691 692/777/692 
f 308/318/308 399/412/399 685/767/685 309/319/309 
f 173/176/173 158/161/158 157/160/157 174/177/174 
s 4
f 661/731/661 198/202/198 197/201/197 662/732/662 
f 373/386/373 504/532/504 681/763/681 374/387/374 
s 2
f 20/20/20 584/627/584 26/26/26 17/17/17 
f 656/725/656 659/728/659 172/302/172 165/168/165 
f 224/229/224 209/214/209 666/739/666 667/740/667 
s 4
f 609/664/609 602/652/602 414/430/414 445/461/445 
s 2
f 163/166/163 237/242/237 653/722/653 335/346/335 
f 657/726/657 63/63/63 668/778/668 658/727/658 
s 4
f 445/461/445 414/430/414 206/211/206 376/389/376 
s 1
f 648/716/648 676/755/676 527/559/527 89/89/89 
s 2
f 358/529/358 400/413/400 308/318/308 311/321/311 
f 123/125/123 126/128/126 453/470/453 452/469/452 
f 522/552/522 526/558/526 606/656/606 519/549/519 
f 244/249/244 40/40/40 170/173/170 169/172/169 
s 4
f 506/534/506 505/533/505 405/420/405 404/419/404 
s 2
f 543/578/543 339/350/339 526/558/526 227/557/227 
f 318/328/318 317/327/317 647/713/647 639/701/639 
f 615/672/615 614/671/614 693/779/693 691/776/691 
f 32/32/32 58/591/58 393/780/393 33/33/33 
f 668/778/668 63/63/63 33/33/33 393/780/393 
s 1
f 694/781/694 695/782/695 696/783/696 697/784/697 
f 698/785/698 699/786/699 700/787/700 701/788/701 
f 702/789/702 697/784/697 696/783/696 703/790/703 
f 698/785/698 701/788/701 704/791/704 705/792/705 
s 2
f 696/783/696 695/782/695 699/786/699 698/785/698 
s 1
f 706/793/706 702/789/702 703/790/703 707/794/707 
s 4
f 708/795/708 706/796/706 707/797/707 709/798/709 
s 1
f 708/799/708 709/800/709 705/792/705 704/791/704 
f 710/801/710 711/802/711 700/787/700 699/786/699 
s 2
f 697/803/697 701/788/701 700/787/700 694/804/694 
s 1
f 695/782/695 694/781/694 712/805/712 713/806/713 
f 711/802/711 710/801/710 714/807/714 715/808/715 
s 2
f 703/790/703 696/783/696 698/785/698 705/792/705 
s 1
f 713/806/713 712/805/712 716/809/716 717/810/717 
s 2
f 702/811/702 704/791/704 701/788/701 697/803/697 
f 707/794/707 703/790/703 705/792/705 709/800/709 
f 704/791/704 702/811/702 706/812/706 708/799/708 
s 4
f 700/787/700 711/802/711 712/813/712 694/804/694 
f 710/801/710 699/786/699 695/782/695 713/806/713 
f 711/802/711 715/808/715 716/814/716 712/813/712 
s 1
f 404/815/404 403/816/403 718/817/718 719/818/719 
f 506/819/506 720/820/720 721/821/721 504/822/504 
f 681/823/681 722/824/722 723/825/723 680/826/680 
f 403/816/403 415/827/415 724/828/724 718/817/718 
s 2
f 680/826/680 723/825/723 724/828/724 415/827/415 
f 681/823/681 504/822/504 721/821/721 722/824/722 
s 1
f 404/815/404 719/818/719 720/820/720 506/819/506 
s 4
f 719/818/719 718/817/718 725/829/725 726/830/726 
f 721/821/721 720/820/720 727/831/727 728/832/728 
f 722/824/722 729/833/729 730/834/730 
f 718/817/718 724/828/724 731/835/731 725/829/725 
s 8
f 723/825/723 732/836/732 731/835/731 724/828/724 
f 722/824/722 721/821/721 728/832/728 729/833/729 
s 4
f 720/820/720 719/818/719 726/830/726 727/831/727 
f 730/834/730 733/837/733 722/824/722 
f 734/838/734 723/825/723 722/824/722 733/837/733 
f 734/838/734 732/836/732 723/825/723 
s 1
f 729/833/729 728/832/728 727/831/727 730/834/730 
f 733/837/733 730/834/730 727/831/727 726/830/726 
f 734/838/734 733/837/733 726/830/726 725/829/725 
f 732/836/732 734/838/734 725/829/725 731/835/731 
f 235/839/235 735/840/735 736/841/736 236/842/236 
s 8
f 238/843/238 236/842/236 736/841/736 737/844/737 
s 2
f 241/845/241 738/846/738 739/847/739 242/848/242 
s 1
f 443/849/443 242/848/242 739/847/739 740/850/740 
f 443/849/443 740/850/740 741/851/741 509/852/509 
f 518/853/518 517/854/517 742/855/742 743/856/743 
f 517/854/517 569/857/569 744/858/744 742/855/742 
f 569/857/569 573/859/573 745/860/745 744/858/744 
f 573/859/573 238/843/238 737/844/737 745/860/745 
f 241/845/241 518/853/518 743/856/743 738/846/738 
f 509/852/509 741/851/741 735/840/735 235/839/235 
s 4
f 735/840/735 746/861/746 747/862/747 736/841/736 
s 8
f 737/844/737 736/841/736 747/862/747 748/863/748 
f 739/847/739 738/846/738 749/864/749 750/865/750 
s 4
f 739/847/739 750/865/750 751/866/751 740/850/740 
f 740/850/740 751/866/751 752/867/752 741/851/741 
s 1
f 743/856/743 742/855/742 753/868/753 754/869/754 
f 742/855/742 744/858/744 755/870/755 753/868/753 
f 744/858/744 745/860/745 756/871/756 755/870/755 
f 745/860/745 737/844/737 748/863/748 756/871/756 
f 738/846/738 743/856/743 754/869/754 749/864/749 
s 4
f 741/851/741 752/867/752 746/861/746 735/840/735 
s 1
f 35/872/35 34/873/34 757/874/757 758/875/758 
s 4
f 229/876/229 35/872/35 758/875/758 759/877/759 
f 293/878/293 760/879/760 761/880/761 294/881/294 
f 343/882/343 346/883/346 762/884/762 763/885/763 
f 408/886/408 764/887/764 765/888/765 406/889/406 
f 346/883/346 547/890/547 766/891/766 762/884/762 
f 547/890/547 229/876/229 759/877/759 766/891/766 
f 294/881/294 761/880/761 767/892/767 24/893/24 
f 34/873/34 621/894/621 768/895/768 757/874/757 
f 24/893/24 767/892/767 769/896/769 640/897/640 
f 640/897/640 769/896/769 770/898/770 667/899/667 
f 621/894/621 224/900/224 771/901/771 768/895/768 
s 1
f 679/902/679 772/903/772 760/879/760 293/878/293 
s 4
f 343/882/343 763/885/763 764/887/764 408/886/408 
f 406/889/406 765/888/765 773/904/773 686/905/686 
f 686/905/686 773/904/773 772/903/772 679/902/679 
f 667/899/667 770/898/770 771/901/771 224/900/224 
s 2
f 757/874/757 774/906/774 775/907/775 758/875/758 
f 758/875/758 775/907/775 776/908/776 759/877/759 
f 760/879/760 777/909/777 778/910/778 761/880/761 
f 763/885/763 762/884/762 779/911/779 780/912/780 
f 765/888/765 764/887/764 781/913/781 782/914/782 
f 762/884/762 766/891/766 783/915/783 779/911/779 
f 766/891/766 759/877/759 776/908/776 783/915/783 
f 761/880/761 778/910/778 784/916/784 767/892/767 
f 768/895/768 785/917/785 774/906/774 757/874/757 
f 767/892/767 784/916/784 786/918/786 769/896/769 
f 769/896/769 786/918/786 787/919/787 770/898/770 
f 771/901/771 788/920/788 785/917/785 768/895/768 
f 760/879/760 772/903/772 789/921/789 777/909/777 
f 764/887/764 763/885/763 780/912/780 781/913/781 
f 773/904/773 765/888/765 782/914/782 790/922/790 
f 772/903/772 773/904/773 790/922/790 789/921/789 
f 770/898/770 787/919/787 788/920/788 771/901/771 
f 775/907/775 774/906/774 791/923/791 792/924/792 
f 776/908/776 775/907/775 792/924/792 793/925/793 
f 777/909/777 794/926/794 795/927/795 778/910/778 
f 780/912/780 779/911/779 796/928/796 797/929/797 
f 782/914/782 781/913/781 798/930/798 799/931/799 
f 779/911/779 783/915/783 800/932/800 796/928/796 
f 783/915/783 776/908/776 793/925/793 800/932/800 
f 778/910/778 795/927/795 801/933/801 784/916/784 
f 785/917/785 802/934/802 791/923/791 774/906/774 
f 784/916/784 801/933/801 803/935/803 786/918/786 
f 786/918/786 803/935/803 804/936/804 787/919/787 
f 788/920/788 805/937/805 802/934/802 785/917/785 
f 789/921/789 806/938/806 794/926/794 777/909/777 
f 781/913/781 780/912/780 797/929/797 798/930/798 
f 790/922/790 782/914/782 799/931/799 807/939/807 
f 790/922/790 807/939/807 806/938/806 789/921/789 
f 787/919/787 804/936/804 805/937/805 788/920/788 
f 756/871/756 748/863/748 747/862/747 746/861/746 
f 750/865/750 749/864/749 754/869/754 751/866/751 
f 751/866/751 754/869/754 753/868/753 752/867/752 
f 752/867/752 753/868/753 755/870/755 746/861/746 
f 746/861/746 755/870/755 756/871/756 
f 792/924/792 791/923/791 808/940/808 
f 791/923/791 802/934/802 808/940/808 
f 802/934/802 805/937/805 808/940/808 
f 805/937/805 804/936/804 808/940/808 
f 804/936/804 803/935/803 808/940/808 
f 803/935/803 801/933/801 808/940/808 
f 801/933/801 795/927/795 808/940/808 
f 795/927/795 794/926/794 808/940/808 
f 794/926/794 806/938/806 808/940/808 
f 806/938/806 807/939/807 808/940/808 
f 807/939/807 799/931/799 808/940/808 
f 799/931/799 798/930/798 808/940/808 
f 798/930/798 797/929/797 808/940/808 
f 797/929/797 796/928/796 808/940/808 
f 796/928/796 800/932/800 808/940/808 
f 800/932/800 793/925/793 808/940/808 
f 793/925/793 792/924/792 808/940/808 
f 99/99/99 98/98/98 682/764/682 
s 1
f 46/941/46 809/942/809 810/943/810 43/944/43 
f 65/945/65 64/946/64 811/947/811 812/948/812 
f 209/949/209 65/945/65 812/948/812 813/950/813 
f 46/941/46 21/951/21 814/952/814 809/942/809 
f 604/953/604 815/954/815 816/955/816 605/956/605 
f 638/957/638 817/958/817 818/959/818 637/960/637 
f 21/951/21 641/961/641 819/962/819 814/952/814 
s 4
f 43/944/43 810/943/810 815/954/815 604/953/604 
s 1
f 641/961/641 666/963/666 820/964/820 819/962/819 
f 670/965/670 669/966/669 821/967/821 822/968/822 
s 4
f 672/969/672 670/965/670 822/968/822 823/970/823 
s 1
f 64/946/64 672/969/672 823/970/823 811/947/811 
s 4
f 684/971/684 824/972/824 817/958/817 638/957/638 
s 1
f 669/966/669 637/960/637 818/959/818 821/967/821 
s 8
f 605/956/605 816/955/816 824/972/824 684/971/684 
s 1
f 666/963/666 209/949/209 813/950/813 820/964/820 
s 2
f 809/942/809 825/973/825 826/974/826 810/943/810 
f 812/948/812 811/947/811 827/975/827 828/976/828 
f 813/950/813 812/948/812 828/976/828 829/977/829 
f 814/952/814 830/978/830 825/973/825 809/942/809 
f 815/954/815 831/979/831 832/980/832 816/955/816 
f 818/959/818 817/958/817 833/981/833 834/982/834 
f 819/962/819 835/983/835 830/978/830 814/952/814 
f 810/943/810 826/974/826 831/979/831 815/954/815 
f 820/964/820 836/984/836 835/983/835 819/962/819 
f 822/968/822 821/967/821 837/985/837 838/986/838 
f 823/970/823 822/968/822 838/986/838 839/987/839 
f 811/947/811 823/970/823 839/987/839 827/975/827 
f 824/972/824 840/988/840 833/981/833 817/958/817 
f 821/967/821 818/959/818 834/982/834 837/985/837 
f 816/955/816 832/980/832 840/988/840 824/972/824 
f 813/950/813 829/977/829 836/984/836 820/964/820 
f 826/974/826 825/973/825 841/989/841 842/990/842 
f 827/975/827 843/991/843 844/992/844 828/976/828 
f 828/976/828 844/992/844 845/993/845 829/977/829 
f 825/973/825 830/978/830 846/994/846 841/989/841 
f 831/979/831 847/995/847 848/996/848 832/980/832 
f 833/981/833 849/997/849 850/998/850 834/982/834 
f 830/978/830 835/983/835 851/999/851 846/994/846 
f 831/979/831 826/974/826 842/990/842 847/995/847 
f 836/984/836 852/1000/852 851/999/851 835/983/835 
f 837/985/837 853/1001/853 854/1002/854 838/986/838 
f 839/987/839 838/986/838 854/1002/854 855/1003/855 
f 839/987/839 855/1003/855 843/991/843 827/975/827 
f 840/988/840 856/1004/856 849/997/849 833/981/833 
f 834/982/834 850/998/850 853/1001/853 837/985/837 
f 840/988/840 832/980/832 848/996/848 856/1004/856 
f 836/984/836 829/977/829 845/993/845 852/1000/852 
f 842/990/842 841/989/841 857/1005/857 
f 841/989/841 846/994/846 857/1005/857 
f 846/994/846 851/999/851 857/1005/857 
f 851/999/851 852/1000/852 857/1005/857 
f 852/1000/852 845/993/845 857/1005/857 
f 845/993/845 844/992/844 857/1005/857 
f 844/992/844 843/991/843 857/1005/857 
f 843/991/843 855/1003/855 857/1005/857 
f 855/1003/855 854/1002/854 857/1005/857 
f 854/1002/854 853/1001/853 857/1005/857 
f 853/1001/853 850/998/850 857/1005/857 
f 850/998/850 849/997/849 857/1005/857 
f 849/997/849 856/1004/856 857/1005/857 
f 856/1004/856 848/996/848 857/1005/857 
f 848/996/848 847/995/847 857/1005/857 
f 847/995/847 842/990/842 857/1005/857 
f 112/114/112 115/117/115 316/326/316 619/676/619 
f 115/117/115 650/718/650 858/1006/858 316/326/316 
s 1
f 7/7/7 6/6/6 254/259/254 253/258/253 
f 181/184/181 7/7/7 253/258/253 472/493/472 
f 181/184/181 472/493/472 95/95/95 270/275/270 
f 642/769/642 473/494/473 256/261/256 
f 256/261/256 473/494/473 472/493/472 253/258/253 
f 16/16/16 396/409/396 859/1007/859 13/13/13 
f 80/80/80 320/331/320 597/644/597 81/81/81 
s 2
f 614/671/614 135/138/135 498/525/498 693/779/693 
f 128/507/128 465/485/465 464/484/464 651/1008/651 
s 4
f 612/667/612 444/460/444 860/1009/860 861/1010/861 
s 1
f 210/215/210 15/15/15 14/14/14 862/1011/862 
s 2
f 578/621/578 129/131/129 652/721/652 863/1012/863 
f 502/530/502 622/679/622 864/1013/864 865/1014/865 
f 463/483/463 462/482/462 530/562/530 532/564/532 
f 622/679/622 628/689/628 866/1015/866 864/1013/864 
f 654/723/654 578/621/578 863/1012/863 867/1016/867 
f 628/689/628 386/399/386 868/1017/868 866/1015/866 
f 134/137/134 316/326/316 858/1006/858 497/524/497 
f 655/724/655 654/723/654 867/1016/867 869/1018/869 
f 674/753/674 612/667/612 861/1010/861 870/1019/870 
s 1
f 69/69/69 655/724/655 869/1018/869 66/66/66 
f 442/458/442 441/457/441 871/1020/871 872/1021/871 
s 2
f 175/178/175 174/177/174 873/1022/872 687/1023/687 
s 1
f 874/1024/873 642/769/642 256/261/256 255/260/255 
s 2
f 875/1025/874 190/193/190 469/490/469 675/754/675 
s 1
f 677/759/677 876/1026/875 877/1027/876 878/1028/877 
f 689/773/689 674/753/674 870/1019/870 879/1029/878 
s 2
f 174/177/174 157/160/157 880/1030/879 873/1022/872 
f 868/1017/868 386/399/386 385/398/385 881/1031/880 
f 157/160/157 156/159/156 882/1032/881 880/1030/879 
f 156/159/156 502/530/502 865/1014/865 882/1032/881 
f 188/191/188 190/193/190 875/1025/874 560/602/560 
f 167/170/167 166/169/166 688/772/688 531/563/531 
s 4
f 396/409/396 642/706/642 874/1033/873 859/1007/859 
s 2
f 524/555/524 412/428/412 411/427/411 883/1034/882 
s 1
f 678/760/678 677/759/677 878/1028/877 884/1035/883 
s 8
f 395/408/395 178/181/178 177/180/177 690/774/690 
s 4
f 444/460/444 68/68/68 67/67/67 860/1009/860 
f 714/807/714 710/801/710 713/806/713 717/810/717 
s 1
f 884/1035/883 878/1028/877 885/1036/884 
s 2
f 520/550/520 886/1037/885 583/626/583 521/551/521 
s 1
f 876/1026/875 631/692/631 665/736/665 877/1027/876 
f 202/1038/202 201/1039/201 887/1040/886 888/1041/887 
s 16
f 279/1042/279 889/1043/888 890/1044/889 276/1045/276 
f 450/1046/450 891/1047/890 892/1048/891 451/1049/451 
f 489/1050/489 893/1051/892 889/1043/888 279/1042/279 
f 552/1052/552 894/1053/893 887/1040/886 201/1039/201 
f 582/1054/582 581/1055/581 895/1056/894 
f 305/1057/305 896/1058/895 895/1056/894 588/1059/588 
f 276/1045/276 890/1044/889 894/1053/893 552/1052/552 
s 4
f 624/1060/624 202/1038/202 888/1041/887 897/1061/896 
f 643/758/643 624/1060/624 897/1061/896 677/759/677 
s 16
f 581/1055/581 645/1062/645 895/1056/894 
f 582/1054/582 895/1056/894 891/1047/890 648/1063/648 
f 632/693/632 631/692/631 896/1058/895 305/1057/305 
f 645/1062/645 588/1059/588 895/1056/894 
f 450/1046/450 676/1064/676 891/1047/890 
f 451/1049/451 892/1048/891 893/1051/892 489/1050/489 
f 676/1064/676 648/1063/648 891/1047/890 
s 2
f 106/108/106 105/107/105 898/1065/897 899/1066/898 
f 105/107/105 350/361/350 900/1067/899 898/1065/897 
s 8
f 487/512/487 106/108/106 899/1066/898 901/1068/900 
f 611/666/611 487/512/487 901/1068/900 902/1069/901 
f 620/677/620 611/666/611 902/1069/901 903/1070/902 
f 620/677/620 903/1070/902 904/1071/903 632/719/632 
s 2
f 350/361/350 689/773/689 905/1072/904 900/1067/899 
f 879/1029/878 906/1073/905 905/1072/904 689/773/689 
s 1
f 169/1074/169 168/1075/168 907/1076/906 908/1077/907 
s 4
f 182/1078/182 185/1079/185 909/1080/908 910/1081/909 
s 1
f 370/1082/370 911/1083/910 912/1084/911 367/1085/367 
f 367/1085/367 912/1084/911 907/1076/906 168/1075/168 
s 4
f 417/1086/417 416/1087/416 458/475/458 913/1088/912 
f 481/1089/481 182/1078/182 910/1081/909 914/1090/913 
f 481/1089/481 914/1090/913 915/1091/914 494/1092/494 
f 594/1093/594 593/1094/593 915/1091/914 
f 417/1086/417 913/1088/912 911/1083/910 370/1082/370 
f 593/1094/593 494/1092/494 915/1091/914 
s 1
f 244/1095/244 916/1096/915 917/1097/916 671/1098/671 
s 4
f 185/1079/185 671/1098/671 917/1097/916 909/1080/908 
s 1
f 169/1074/169 908/1077/907 916/1096/915 244/1095/244 
f 545/1099/545 594/1093/594 915/1091/914 
f 545/1099/545 915/1091/914 441/457/441 440/456/440 
f 441/457/441 915/1091/914 918/1100/917 871/1020/871 
f 457/474/457 919/1101/918 920/1102/919 458/475/458 
f 456/473/456 458/475/458 416/1087/416 419/641/419 
f 919/1101/918 918/1100/917 915/1091/914 920/1102/919 
s 2
f 915/1091/914 914/1090/913 920/1102/919 
s 1
f 361/642/361 360/1103/360 921/1104/920 595/640/595 
f 436/1105/436 678/760/678 922/1106/921 437/1107/437 
f 500/1108/500 499/757/499 678/760/678 
f 437/1107/437 922/1106/921 921/1104/920 360/1103/360 
f 436/1105/436 500/1108/500 678/760/678 
f 595/640/595 921/1104/920 923/1109/922 663/734/663 
f 922/1106/921 678/760/678 884/1035/883 924/1110/923 
f 921/1104/920 922/1106/921 924/1110/923 923/1109/922 
s 4
f 11/1111/11 10/1112/10 925/1113/924 926/1114/925 
s 1
f 10/1112/10 155/1115/155 927/1116/926 925/1113/924 
f 191/1117/191 180/1118/180 928/1119/927 929/1120/928 
f 268/1121/268 930/1122/929 931/1123/930 269/1124/269 
f 291/1125/291 932/1126/931 933/1127/932 292/1128/292 
s 4
f 429/1129/429 934/1130/933 935/1131/934 430/1132/430 
s 1
f 539/1133/539 538/1134/538 936/1135/935 937/1136/936 
f 269/1124/269 931/1123/930 928/1119/927 180/1118/180 
f 268/1121/268 635/1137/635 938/1138/937 930/1122/929 
f 538/1134/538 636/1139/636 939/1140/938 936/1135/935 
s 8
f 191/1117/191 929/1120/928 940/1141/939 304/1142/304 
s 1
f 635/1137/635 660/1143/660 941/1144/940 938/1138/937 
f 292/1128/292 933/1127/932 934/1130/933 429/1129/429 
f 673/1145/673 942/1146/941 932/1126/931 291/1125/291 
f 155/1115/155 430/1132/430 935/1131/934 927/1116/926 
s 16
f 304/1142/304 940/1141/939 939/1140/938 636/1139/636 
s 1
f 11/1111/11 926/1114/925 941/1144/940 660/1143/660 
s 2
f 934/1130/933 933/1127/932 943/1147/942 935/1131/934 
f 944/1148/943 935/1131/934 943/1147/942 945/1149/944 
f 946/1150/945 935/1131/934 944/1148/943 
f 927/1116/926 935/1131/934 946/1150/945 947/1151/946 
f 948/1152/947 925/1113/924 927/1116/926 947/1151/946 
f 949/1153/948 926/1114/925 925/1113/924 948/1152/947 
f 950/1154/949 951/1155/950 945/1149/944 943/1147/942 
f 952/1156/951 951/1155/950 950/1154/949 932/1126/931 
s 4
f 477/499/477 245/250/245 248/253/248 401/415/401 
f 401/415/401 248/253/248 536/570/536 402/416/402 
f 402/416/402 536/570/536 539/573/539 673/751/673 
s 1
f 673/1145/673 539/1133/539 937/1136/936 942/1146/941 
s 4
f 953/1157/952 952/1156/951 932/1126/931 942/1146/941 
f 954/1158/953 953/1157/952 942/1146/941 937/1136/936 
s 2
f 955/1159/954 941/1144/940 926/1114/925 949/1153/948 
s 8
f 956/1160/955 938/1138/937 941/1144/940 955/1159/954 
s 4
f 957/1161/956 930/1122/929 938/1138/937 956/1160/955 
f 931/1123/930 930/1122/929 957/1161/956 958/1162/957 
f 959/1163/958 928/1119/927 931/1123/930 958/1162/957 
f 960/1164/959 961/1165/960 962/1166/961 963/1167/962 
f 964/1168/963 965/1169/964 936/1135/935 939/1140/938 
f 965/1169/964 954/1158/953 937/1136/936 936/1135/935 
s 2
f 928/1119/927 963/1167/962 929/1120/928 
s 1
f 944/1148/943 945/1149/944 966/1170/965 967/1171/966 
f 946/1150/945 944/1148/943 967/1171/966 968/1172/967 
f 947/1151/946 946/1150/945 968/1172/967 969/1173/968 
f 947/1151/946 969/1173/968 970/1174/969 948/1152/947 
f 948/1152/947 970/1174/969 971/1175/970 949/1153/948 
f 945/1149/944 951/1155/950 972/1176/971 966/1170/965 
f 951/1155/950 952/1156/951 973/1177/972 972/1176/971 
f 952/1156/951 953/1157/952 974/1178/973 973/1177/972 
f 954/1158/953 975/1179/974 974/1178/973 953/1157/952 
f 949/1153/948 971/1175/970 976/1180/975 955/1159/954 
s 16
f 955/1159/954 976/1180/975 977/1181/976 956/1160/955 
f 956/1160/955 977/1181/976 978/1182/977 957/1161/956 
f 957/1161/956 978/1182/977 979/1183/978 958/1162/957 
f 958/1162/957 979/1183/978 980/1184/979 959/1163/958 
s 2
f 981/1185/980 982/1186/981 983/1187/982 964/1168/963 
s 1
f 965/1169/964 964/1168/963 983/1187/982 984/1188/983 
f 965/1169/964 984/1188/983 975/1179/974 954/1158/953 
s 4
f 985/1189/984 981/1185/980 964/1168/963 939/1140/938 
s 2
f 985/1189/984 939/1140/938 940/1141/939 
f 960/1164/959 959/1163/958 980/1184/979 986/1190/985 
f 987/1191/986 982/1186/981 981/1185/980 961/1165/960 
s 4
f 963/1167/962 928/1119/927 959/1163/958 960/1164/959 
s 2
f 963/1167/962 962/1166/961 929/1120/928 
s 4
f 961/1165/960 981/1185/980 985/1189/984 962/1166/961 
s 2
f 962/1166/961 985/1189/984 940/1141/939 929/1120/928 
f 961/1165/960 960/1164/959 986/1190/985 987/1191/986 
s 4
f 966/1170/965 972/1176/971 988/1192/987 967/1171/966 
f 967/1171/966 988/1192/987 989/1193/988 968/1172/967 
f 969/1173/968 968/1172/967 989/1193/988 990/1194/989 
f 970/1174/969 969/1173/968 990/1194/989 991/1195/990 
f 971/1175/970 970/1174/969 991/1195/990 976/1180/975 
f 976/1180/975 991/1195/990 992/1196/991 977/1181/976 
f 991/1195/990 990/1194/989 993/1197/992 992/1196/991 
f 990/1194/989 989/1193/988 994/1198/993 993/1197/992 
f 988/1192/987 995/1199/994 994/1198/993 989/1193/988 
f 972/1176/971 973/1177/972 995/1199/994 988/1192/987 
f 978/1182/977 996/1200/995 997/1201/996 979/1183/978 
f 998/1202/997 975/1179/974 984/1188/983 999/1203/998 
f 996/1200/995 1000/1204/999 1001/1205/999 997/1201/996 
f 1000/1204/999 998/1202/997 999/1203/998 1001/1205/999 
s 2
f 677/759/677 897/1061/896 876/1026/875 
f 888/1041/887 887/1040/886 894/1053/893 876/1026/875 
f 897/1061/896 888/1041/887 876/1026/875 
f 894/1053/893 890/1044/889 889/1043/888 876/1026/875 
f 889/1043/888 893/1051/892 892/1048/891 876/1026/875 
f 892/1048/891 891/1047/890 876/1026/875 
f 895/1056/894 896/1058/895 876/1026/875 
f 896/1058/895 631/692/631 876/1026/875 
f 891/1047/890 895/1056/894 876/1026/875 
f 911/1083/910 913/1088/912 458/475/458 920/1102/919 
f 907/1076/906 912/1084/911 911/1083/910 920/1102/919 
f 916/1096/915 908/1077/907 907/1076/906 920/1102/919 
f 909/1080/908 917/1097/916 916/1096/915 920/1102/919 
f 914/1090/913 910/1081/909 909/1080/908 920/1102/919 
s 1
f 644/709/644 210/215/210 862/1011/862 1002/1206/1000 
s 2
f 1003/1207/1001 563/605/563 562/604/562 
s 4
f 977/1181/976 1004/1208/1002 996/1200/995 978/1182/977 
f 986/1190/985 980/1184/979 979/1183/978 997/1201/996 
f 1005/1209/1003 974/1178/973 975/1179/974 998/1202/997 
f 984/1188/983 983/1187/982 982/1186/981 999/1203/998 
f 1004/1208/1002 1006/1210/1004 1000/1204/999 996/1200/995 
f 987/1191/986 986/1190/985 997/1201/996 1001/1205/999 
f 1006/1210/1004 1005/1209/1003 998/1202/997 1000/1204/999 
f 982/1186/981 987/1191/986 1001/1205/999 999/1203/998 
s 2
f 950/1154/949 943/1147/942 933/1127/932 932/1126/931 
s 4
f 974/1178/973 1005/1209/1003 995/1199/994 973/1177/972 
f 1005/1209/1003 1006/1210/1004 994/1198/993 995/1199/994 
f 1006/1210/1004 1004/1208/1002 993/1197/992 994/1198/993 
f 1004/1208/1002 992/1196/991 993/1197/992 
f 1004/1208/1002 977/1181/976 992/1196/991 
s 1
f 1007/1211/1005 1008/1212/1006 1009/1213/1007 1010/1214/1008 
s 2
f 1011/1215/1009 1007/1211/1005 1012/1216/1010 1013/1217/1010 
f 1008/1212/1006 1014/1218/1011 1015/1219/1011 1009/1213/1007 
s 1
f 1011/1215/1009 1016/1220/1012 1008/1212/1006 1007/1211/1005 
s 2
f 1010/1214/1008 1017/1221/1010 1012/1216/1010 1007/1211/1005 
f 1016/1220/1012 1018/1222/1011 1014/1218/1011 1008/1212/1006 
s 1
f 1019/1223/1005 1020/1224/1006 1021/1225/1007 1022/1226/1008 
s 2
f 1023/1227/1013 1019/1223/1005 1024/1228/1010 1025/1229/1010 
f 1020/1224/1006 1026/1230/1011 1027/1231/1011 1021/1225/1007 
s 1
f 1023/1227/1013 1028/1232/1012 1020/1224/1006 1019/1223/1005 
s 2
f 1022/1226/1008 1029/1233/1010 1024/1228/1010 1019/1223/1005 
f 1028/1232/1012 1030/1234/1011 1026/1230/1011 1020/1224/1006 
s 1
f 1031/1235/1014 1032/1236/1015 1033/1237/1016 1034/1238/1017 
s 2
f 1035/1239/1018 1031/1235/1014 1036/1240/1010 1037/1241/1010 
f 1032/1236/1015 1038/1242/1011 1039/1243/1011 1033/1237/1016 
s 1
f 1035/1239/1018 1040/1244/1019 1032/1236/1015 1031/1235/1014 
s 2
f 1031/1235/1014 1034/1238/1017 1041/1245/1010 1036/1240/1010 
f 1040/1244/1019 1042/1246/1011 1038/1242/1011 1032/1236/1015 
s 1
f 1043/1247/1014 1044/1248/1015 1045/1249/1016 1046/1250/1017 
s 2
f 1047/1251/1020 1043/1247/1014 1048/1252/1010 1049/1253/1010 
f 1044/1248/1015 1050/1254/1011 1051/1255/1011 1045/1249/1016 
s 1
f 1047/1251/1020 1052/1256/1021 1044/1248/1015 1043/1247/1014 
s 2
f 1043/1247/1014 1046/1250/1017 1053/1257/1010 1048/1252/1010 
f 1052/1256/1021 1054/1258/1011 1050/1254/1011 1044/1248/1015 
s 1
f 1055/1259/1022 1056/1260/1023 1057/1261/1024 1058/1262/1025 
f 1059/1263/1026 6/6/6 5/5/5 1060/1264/1027 
s 2
f 1061/1265/1028 1062/1266/1029 1063/1267/1030 1064/1268/1031 
s 1
f 1065/1269/1032 14/14/14 13/13/13 1066/1270/1033 
f 1067/1271/1034 1068/1272/1035 1069/1273/1036 1070/1274/1037 
s 2
f 1071/1275/1038 1072/1276/1039 1073/1277/1040 1074/1278/1041 
f 1075/1279/1042 1076/1280/1043 1077/1281/1044 1067/1271/1034 
s 1
f 1078/1282/1045 1079/1283/1046 1080/1284/1047 1081/1285/1048 
s 2
f 1082/1286/1049 1083/1287/1050 1084/1288/1051 1085/1289/1052 
f 1086/1290/1053 1087/1291/1054 1088/1292/1055 
s 1
f 1089/1293/1056 1090/1294/1057 1091/1295/1058 1092/1296/1059 
s 2
f 1093/1297/1060 1094/1298/1061 1095/1299/1062 1096/1300/1063 
f 1097/1301/1064 1098/1302/1065 1099/1303/1066 1100/1304/1067 
f 1101/1305/1068 1102/1306/1069 1103/1307/1070 1104/1308/1071 
f 1105/1309/1072 1106/1310/1073 1107/1311/1074 1108/1312/1075 
s 1
f 1109/1313/1076 1110/1314/1077 1111/1315/1078 
s 2
f 1112/1316/1079 1113/1317/1080 1114/1318/1081 1115/1319/1082 
s 1
f 1116/1320/1083 67/67/67 66/66/66 1117/1321/1084 
f 1118/1322/1085 1119/1323/1086 1120/1324/1087 1121/1325/1088 
s 2
f 1122/1326/1089 1123/1327/1090 1070/1274/1037 1124/1328/1091 
f 1125/1329/1092 1126/1330/1093 1096/1300/1063 1127/1331/1094 
s 1
f 5/5/5 81/81/81 1128/1332/1095 1060/1264/1027 
s 2
f 1129/1333/1096 1130/1334/1097 1131/1335/1098 1132/1336/1099 
s 1
f 1133/1337/1100 1134/1338/1101 1135/1339/1102 1136/1340/1103 
s 2
f 1137/1341/1104 1138/1342/1105 1139/1343/1106 1140/1344/1107 
s 1
f 1141/1345/1108 1142/1346/1109 1143/1347/1110 1144/1348/1111 
s 2
f 1145/1349/1112 1146/1350/1113 1147/1351/1114 1148/1352/1115 
f 1111/1353/1078 1110/1354/1077 1149/1355/1116 1150/1356/1117 
s 1
f 1151/1357/1118 1152/1358/1119 1153/1359/1120 1154/1360/1121 
s 2
f 1155/1361/1122 1156/1362/1123 1157/1363/1124 1158/1364/1125 
f 1159/1365/1126 1160/1366/1127 1161/1367/1128 1162/1368/1129 
f 1163/1369/1130 1164/1370/1131 1165/1371/1132 1166/1372/1133 
f 1167/1373/1134 1168/1374/1135 1092/1296/1059 1169/1375/1136 
f 1170/1376/1137 1171/1377/1138 1172/1378/1139 1173/1379/1140 
s 4
f 1174/1380/1141 1175/1381/1142 1176/1382/1143 1177/1383/1144 
s 2
f 1130/1334/1097 1129/1333/1096 1178/1384/1145 1179/1385/1146 
f 1180/1386/1147 1121/1387/1088 1123/1327/1090 1122/1326/1089 
f 1181/1388/1148 1182/1389/1149 1183/1390/1150 1184/1391/1151 
s 1
f 1185/1392/1152 1186/1393/1153 1187/1394/1154 1188/1395/1155 
s 2
f 1189/1396/1156 1078/1282/1045 1190/1397/1157 1191/1398/1158 
f 1192/1399/1159 1193/1400/1160 1194/1401/1161 1195/1402/1162 
f 1166/1372/1133 1196/1403/1163 1197/1404/1164 1198/1405/1165 
s 1
f 1186/1393/1153 1199/1406/1166 1200/1407/1167 1187/1394/1154 
s 2
f 1201/1408/1168 1063/1267/1030 1062/1266/1029 1202/1409/1169 
f 1203/1410/1170 1204/1411/1171 1205/1412/1172 1206/1413/1173 
s 1
f 1207/1414/1174 1208/1415/1175 1209/1416/1176 1210/1417/1177 
s 2
f 1211/1418/1178 1212/1419/1179 1213/1420/1180 1214/1421/1181 
f 1215/1422/1182 1216/1423/1183 1217/1424/1184 1218/1425/1185 
f 1219/1426/1186 1220/1427/1187 1221/1428/1188 1222/1429/1189 
s 4
f 1223/1430/1190 177/180/177 176/179/176 1224/1431/1191 
s 1
f 1059/1263/1026 1060/1264/1027 1225/1432/1192 1226/1433/1193 
s 2
f 1227/1434/1194 1228/1435/1195 1229/1436/1196 1230/1437/1197 
s 4
f 1231/1438/1198 1232/1439/1199 1233/1440/1200 1234/1441/1201 
s 2
f 1097/1301/1064 1232/1439/1199 1231/1438/1198 1235/1442/1202 
s 1
f 1128/1332/1095 1236/1443/1203 1225/1432/1192 1060/1264/1027 
s 2
f 1237/1444/1204 1100/1304/1067 1238/1445/1205 1239/1446/1206 
f 1121/1325/1088 1180/1447/1147 1240/1448/1207 1118/1322/1085 
f 1166/1372/1133 1198/1405/1165 1241/1449/1208 1242/1450/1209 
f 1197/1404/1164 1243/1451/1210 1244/1452/1211 1245/1453/1212 
f 1246/1454/1213 1247/1455/1214 1248/1456/1215 1249/1457/1216 
s 1
f 1199/1406/1166 1250/1458/1217 1196/1459/1163 1200/1407/1167 
f 1208/1415/1175 1251/1460/1218 1252/1461/1219 1209/1416/1176 
s 2
f 1253/1462/1220 1254/1463/1221 1113/1317/1080 1112/1316/1079 
s 1
f 1255/1464/1222 1256/1465/1223 1065/1269/1032 1257/1466/1224 
f 1208/1415/1175 1207/1414/1174 1258/1467/1225 1259/1468/1226 
s 2
f 1260/1469/1227 1261/1470/1228 1262/1471/1229 1263/1472/1230 
f 1190/1397/1157 1078/1282/1045 1081/1285/1048 1264/1473/1231 
f 1265/1474/1232 1266/1475/1233 1105/1309/1072 1267/1476/1234 
f 1268/1477/1235 1269/1478/1236 1254/1463/1221 1253/1462/1220 
f 1270/1479/1237 1271/1480/1238 1272/1481/1239 1273/1482/1240 
f 1274/1483/1241 1083/1287/1050 1082/1286/1049 1275/1484/1242 
f 1276/1485/1243 1277/1486/1244 1192/1399/1159 1278/1487/1245 
s 1
f 1279/1488/1246 1280/1489/1247 1281/1490/1248 1282/1491/1249 
s 2
f 1280/1489/1247 1283/1492/1250 1284/1493/1251 1281/1490/1248 
s 4
f 1285/1494/1252 1157/1363/1124 1286/1495/1253 1287/1496/1254 
s 2
f 1288/1497/1255 1289/1498/1256 1090/1294/1057 1089/1293/1056 
s 4
f 1290/1499/1257 1291/1500/1258 1292/1501/1259 1293/1502/1260 
s 2
f 1294/1503/1261 1295/1504/1262 1296/1505/1263 1297/1506/1264 
s 1
f 1298/1507/1265 1299/1508/1266 255/260/255 254/259/254 
f 1300/1509/1267 1301/1510/1268 1302/1511/1269 1303/1512/1270 
s 2
f 1073/1277/1040 1304/1513/1271 1095/1299/1062 1074/1278/1041 
f 1305/1514/1272 1306/1515/1273 1307/1516/1274 1308/1517/1275 
s 1
f 1259/1468/1226 1309/1518/1276 1251/1460/1218 1208/1415/1175 
f 1310/1519/1277 1311/1520/1278 1312/1521/1279 1313/1522/1280 
f 1292/1501/1259 1291/1500/1258 1314/1523/1281 1315/1524/1282 
s 2
f 1316/1525/1283 1317/1526/1284 1150/1356/1117 1318/1527/1285 
f 1319/1528/1286 1320/1529/1287 1321/1530/1288 1322/1531/1289 
s 1
f 1323/1532/1290 1324/1533/1291 1135/1339/1102 1134/1338/1101 
s 2
f 1325/1534/1292 1326/1535/1293 1327/1536/1294 1328/1537/1295 
f 1329/1538/1296 1330/1539/1297 1246/1454/1213 1249/1457/1216 
s 4
f 1331/1540/1298 1261/1541/1228 1332/1542/1299 1296/1505/1263 
s 2
f 1056/1260/1023 1333/1543/1300 1099/1303/1066 1057/1261/1024 
f 1318/1527/1285 1334/1544/1301 1335/1545/1302 1316/1525/1283 
f 1336/1546/1303 1337/1547/1304 1304/1513/1271 1338/1548/1305 
f 1213/1420/1180 1222/1549/1189 1221/1550/1188 1214/1421/1181 
s 4
f 1296/1505/1263 1295/1504/1262 1339/1551/1306 1331/1540/1298 
s 2
f 1340/1552/1307 1341/1553/1308 1342/1554/1309 1343/1555/1310 
s 1
f 1344/1556/1311 1345/1557/1312 1346/1558/1313 1347/1559/1314 
s 2
f 1167/1373/1134 1187/1560/1154 1200/1561/1167 1165/1371/1132 
f 1348/1562/1315 1349/1563/1316 1350/1564/1317 
f 1351/1565/1318 1352/1566/1319 1353/1567/1320 1354/1568/1321 
f 1355/1569/1322 1356/1570/1323 1357/1571/1324 1358/1572/1325 
f 1181/1388/1148 1359/1573/1326 1182/1389/1149 
f 1360/1574/1327 1110/1354/1077 1109/1575/1076 1361/1576/1328 
f 1346/1558/1313 1362/1577/1329 1363/1578/1330 1364/1579/1331 
f 1365/1580/1332 1366/1581/1333 1367/1582/1334 1148/1352/1115 
s 1
f 1368/1583/1335 1369/1584/1336 1314/1523/1281 1291/1500/1258 
s 2
f 1328/1537/1295 1327/1536/1294 1370/1585/1337 1371/1586/1338 
f 1190/1397/1157 1264/1473/1231 1230/1437/1197 1372/1587/1339 
f 1373/1588/1340 1374/1589/1341 1375/1590/1342 1376/1591/1343 
s 1
f 1377/1592/1344 1378/1593/1345 1210/1417/1177 1209/1416/1176 
s 2
f 1379/1594/1346 1380/1595/1347 1381/1596/1348 1382/1597/1349 
s 1
f 1144/1348/1111 1313/1522/1280 1312/1521/1279 1141/1345/1108 
f 1383/1598/1350 1384/1599/1351 1385/1600/1352 1158/1364/1125 
s 2
f 1386/1601/1353 1387/1602/1354 1388/1603/1355 1389/1604/1356 
f 1390/1605/1357 1320/1529/1287 1319/1528/1286 1391/1606/1358 
s 1
f 1392/1607/1359 1151/1357/1118 1154/1360/1121 1393/1608/1360 
f 1315/1524/1282 1314/1523/1281 1369/1584/1336 1394/1609/1361 
s 2
f 1395/1610/1362 1396/1611/1363 1397/1612/1364 1398/1613/1365 
f 1395/1610/1362 1398/1613/1365 1399/1614/1366 1400/1615/1367 
f 1371/1586/1338 1401/1616/1368 1354/1617/1321 1402/1618/1369 
f 1403/1619/1370 1404/1620/1371 1405/1621/1372 1406/1622/1373 
s 1
f 1164/1370/1131 1407/1623/1374 1088/1292/1055 
s 2
f 1391/1606/1358 1408/1624/1375 1409/1625/1376 1390/1605/1357 
f 1410/1626/1377 1411/1627/1378 1412/1628/1379 1413/1629/1380 
f 1262/1471/1229 1261/1470/1228 1331/1630/1298 1414/1631/1381 
f 1216/1423/1183 1215/1422/1182 1412/1628/1379 1411/1627/1378 
s 4
f 1415/1632/1382 1416/1633/1383 1417/1634/1384 1418/1635/1385 
s 1
f 1377/1592/1344 1209/1416/1176 1252/1461/1219 1419/1636/1386 
s 2
f 1207/1414/1174 1210/1417/1177 1280/1489/1247 1279/1488/1246 
s 4
f 1291/1500/1258 1290/1499/1257 1420/1637/1387 1421/1638/1388 
s 2
f 1422/1639/1389 1423/1640/1390 1418/1635/1385 1424/1641/1391 
s 1
f 1425/1642/1392 1426/1643/1393 1427/1644/1394 1300/1509/1267 
f 1377/1592/1344 1419/1636/1386 1116/1320/1083 1117/1321/1084 
s 2
f 1428/1645/1395 1429/1646/1396 1430/1647/1397 1431/1648/1398 
f 1296/1505/1263 1332/1542/1299 1432/1649/1399 1297/1506/1264 
s 1
f 1257/1466/1224 1199/1406/1166 1186/1393/1153 1255/1464/1222 
s 2
f 1260/1469/1227 1263/1472/1230 1433/1650/1400 1434/1651/1401 
f 1435/1652/1402 1243/1451/1210 1197/1404/1164 1196/1403/1163 
f 1108/1312/1075 1436/1653/1403 1267/1476/1234 1105/1309/1072 
f 1391/1606/1358 1319/1528/1286 1437/1654/1404 1408/1624/1375 
f 1347/1559/1314 1346/1558/1313 1364/1579/1331 1438/1655/1405 
s 1
f 1439/1656/1406 1066/1270/1033 1440/1657/1407 1441/1658/1408 
s 2
f 1442/1659/1409 1353/1567/1320 1443/1660/1410 1188/1395/1155 
s 4
f 1317/1661/1284 1316/1662/1283 1444/1663/1411 1445/1664/1412 
f 1446/1665/1413 1309/1518/1276 1447/1666/1414 1448/1667/1415 
s 2
f 1449/1668/1416 1263/1472/1230 1450/1669/1417 1451/1670/1418 
s 1
f 1234/1441/1201 1233/1440/1200 1421/1638/1388 1224/1431/1191 
s 2
f 1132/1336/1099 1131/1335/1098 1452/1671/1419 1146/1672/1113 
f 1453/1673/1420 1454/1674/1421 1455/1675/1422 1456/1676/1423 
s 4
f 1457/1677/1424 1252/1461/1219 1251/1460/1218 1458/1678/1425 
s 2
f 1459/1679/1426 1460/1680/1427 1461/1681/1428 1462/1682/1429 
f 1330/1539/1297 1463/1683/1430 1464/1684/1431 1246/1454/1213 
f 1465/1685/1432 1183/1390/1150 1466/1686/1433 1467/1687/1434 
f 1156/1362/1123 1155/1361/1122 1258/1467/1225 1468/1688/1435 
s 1
f 1469/1689/1436 1326/1535/1293 1216/1423/1183 1411/1627/1378 
s 2
f 1470/1690/1437 1471/1691/1438 1472/1692/1439 1473/1693/1440 
f 1474/1694/1441 1352/1566/1319 1351/1565/1318 1475/1695/1442 
s 1
f 1476/1696/1443 1109/1313/1076 1111/1315/1078 1477/1697/1444 
s 2
f 1182/1389/1149 1478/1698/1445 1466/1686/1433 1183/1390/1150 
f 1278/1487/1245 1479/1699/1446 1480/1700/1447 1276/1485/1243 
f 1102/1306/1069 1101/1305/1068 1430/1647/1397 1481/1701/1448 
s 1
f 1482/1702/1449 1483/1703/1450 1484/1704/1451 1485/1705/1452 
f 1156/1362/1123 1486/1706/1453 1286/1495/1253 1157/1363/1124 
s 4
f 1419/1636/1386 1487/1707/1454 1488/1708/1455 1116/1320/1083 
s 1
f 1454/1674/1421 1489/1709/1456 1490/1710/1457 1455/1675/1422 
s 2
f 1092/1296/1059 1091/1295/1058 1491/1711/1458 1169/1375/1136 
s 4
f 1198/1405/1165 1197/1404/1164 1245/1453/1212 1241/1449/1208 
f 1261/1541/1228 1260/1712/1227 1492/1713/1459 1332/1542/1299 
s 2
f 1493/1714/1460 1494/1715/1461 1495/1716/1462 1496/1717/1463 
s 1
f 1497/1718/1464 1498/1719/1465 1324/1533/1291 1323/1532/1290 
f 1499/1720/1466 1500/1721/1467 457/474/457 
s 2
f 1501/1722/1468 1271/1723/1238 1502/1724/1469 1503/1725/1470 
f 1476/1726/1443 1139/1727/1106 1361/1576/1328 1109/1575/1076 
f 464/484/464 463/483/463 1504/1728/1471 1505/1729/1472 
f 1506/1730/1473 1507/1731/1474 1295/1504/1262 1294/1503/1261 
f 1146/1672/1113 1452/1671/1419 1508/1732/1475 1147/1733/1114 
f 1098/1302/1065 1097/1301/1064 1235/1442/1202 1509/1734/1476 
f 1418/1635/1385 1423/1640/1390 1152/1358/1119 1415/1632/1382 
s 1
f 1303/1512/1270 1417/1634/1384 1425/1642/1392 1300/1509/1267 
f 1510/1735/1477 1324/1533/1291 1498/1719/1465 1511/1736/1478 
s 4
f 1232/1439/1199 1237/1444/1204 1368/1583/1335 1233/1440/1200 
s 1
f 1512/1737/1479 1144/1348/1111 1143/1347/1110 1513/1738/1480 
f 1119/1323/1086 1118/1322/1085 1514/1739/1481 1189/1396/1156 
s 2
f 1074/1278/1041 1095/1299/1062 1094/1298/1061 1071/1275/1038 
f 1354/1617/1321 1401/1616/1368 1515/1740/1482 1351/1741/1318 
f 1242/1450/1209 1407/1623/1374 1163/1369/1130 
s 1
f 1516/1742/1483 1477/1697/1444 1517/1743/1484 1292/1501/1259 1315/1524/1282 
s 2
f 1266/1475/1233 1265/1474/1232 1373/1588/1340 1518/1744/1485 
f 1376/1591/1343 1519/1745/1486 1518/1744/1485 1373/1588/1340 
s 1
f 1441/1658/1408 1520/1746/1487 1250/1458/1217 1439/1656/1406 
s 2
f 1264/1473/1231 1521/1747/1488 1227/1434/1194 1230/1437/1197 
f 1519/1745/1486 1376/1591/1343 1522/1748/1489 1523/1749/1490 
f 1337/1547/1304 1339/1750/1306 1127/1331/1094 1096/1300/1063 
f 1174/1751/1141 1177/1752/1144 1505/1729/1472 1524/1753/1491 
f 1525/1754/1492 1526/1755/1493 1271/1480/1238 1270/1479/1237 
s 8
f 1527/1756/1494 1153/1359/1120 1152/1358/1119 1423/1640/1390 
s 2
f 1528/1757/1495 1058/1262/1025 1454/1674/1421 1453/1673/1420 
s 1
f 1426/1643/1393 1425/1642/1392 1384/1599/1351 1383/1598/1350 
f 1199/1406/1166 1257/1466/1224 1439/1656/1406 1250/1458/1217 
s 2
f 1529/1758/1496 1437/1654/1404 1319/1528/1286 1322/1531/1289 
f 1530/1759/1497 1531/1760/1498 1229/1436/1196 1532/1761/1499 
s 4
f 1369/1584/1336 1239/1446/1206 1533/1762/1500 1394/1609/1361 
s 2
f 1521/1747/1488 1264/1473/1231 1081/1285/1048 1534/1763/1501 
s 4
f 1510/1735/1477 1511/1736/1478 1434/1764/1401 1172/1765/1139 
s 2
f 1195/1402/1162 1194/1401/1161 1535/1766/1502 1536/1767/1503 
f 1371/1586/1338 1402/1618/1369 1491/1711/1458 1328/1537/1295 
f 1522/1748/1489 1103/1307/1070 1102/1306/1069 1366/1581/1333 
f 1184/1391/1151 498/525/498 497/524/497 1181/1388/1148 
f 1537/1768/1504 1464/1684/1431 1463/1683/1430 1538/1769/1505 
f 1376/1591/1343 1375/1590/1342 1103/1307/1070 1522/1748/1489 
s 4
f 1368/1583/1335 1237/1444/1204 1239/1446/1206 1369/1584/1336 
s 1
f 1539/1770/1506 1402/1771/1369 1442/1659/1409 
s 2
f 1206/1413/1173 1205/1412/1172 1540/1772/1507 1541/1773/1508 
s 4
f 1542/1774/1509 1543/1775/1510 1544/1776/1511 1416/1633/1383 
s 2
f 1463/1683/1430 1330/1539/1297 1277/1486/1244 1276/1485/1243 
f 1191/1398/1158 1545/1777/1512 1119/1323/1086 1189/1396/1156 
s 1
f 1224/1431/1191 176/179/176 508/536/508 1234/1441/1201 
f 1468/1688/1435 1546/1778/1513 1486/1706/1453 1156/1362/1123 
s 2
f 1547/1779/1514 1526/1780/1493 1178/1781/1145 1548/1782/1515 
f 1325/1534/1292 1328/1537/1295 1491/1711/1458 1091/1295/1058 
f 1398/1613/1365 1397/1612/1364 1549/1783/1516 1550/1784/1517 
f 1551/1785/1518 1203/1410/1170 1206/1413/1173 1374/1589/1341 
f 1473/1693/1440 1149/1355/1116 1552/1786/1519 1470/1690/1437 
f 1553/1787/1520 1220/1427/1187 1203/1410/1170 1551/1785/1518 
s 1
f 1554/1788/1521 1555/1789/1522 1297/1506/1264 1432/1649/1399 
s 2
f 1556/1790/1523 1557/1791/1524 1558/1792/1525 1559/1793/1526 
f 1560/1794/1527 1112/1316/1079 1115/1319/1082 1085/1289/1052 
f 1169/1375/1136 1539/1795/1506 1187/1560/1154 1167/1373/1134 
s 1
f 1455/1675/1422 1490/1710/1457 525/556/525 524/555/524 
s 2
f 1272/1796/1239 1271/1723/1238 1501/1722/1468 1561/1797/1528 
f 1232/1439/1199 1097/1301/1064 1100/1304/1067 1237/1444/1204 
f 1057/1261/1024 1099/1303/1066 1098/1302/1065 1489/1709/1456 
s 1
f 1135/1339/1102 1562/1798/1529 1563/1799/1530 1136/1340/1103 
s 2
f 1532/1761/1499 1288/1497/1255 1564/1800/1531 1530/1759/1497 
f 1565/1801/1532 532/564/532 531/563/531 1212/1419/1179 
s 4
f 1563/1799/1530 1562/1798/1529 1171/1802/1138 1496/1803/1463 
s 1
f 1516/1742/1483 1315/1524/1282 1394/1609/1361 1566/1804/1533 
s 2
f 1567/1805/1534 1501/1722/1468 1503/1725/1470 1568/1806/1535 
s 4
f 1569/1807/1536 1570/1808/1537 1571/1809/1538 1572/1810/1539 
s 2
f 1493/1714/1460 1170/1376/1137 1573/1811/1540 1437/1654/1404 
f 1357/1571/1324 1356/1570/1323 1574/1812/1541 1575/1813/1542 
f 1278/1487/1245 1404/1620/1371 1403/1619/1370 1479/1699/1446 
f 1575/1814/1542 1576/1815/1543 1382/1597/1349 1381/1596/1348 
f 1120/1324/1087 1119/1323/1086 1545/1777/1512 1577/1816/1544 
s 1
f 1189/1396/1156 1514/1739/1481 1079/1283/1046 1078/1282/1045 
s 2
f 1258/1467/1225 1207/1414/1174 1279/1488/1246 1468/1688/1435 
s 4
f 1293/1502/1260 1569/1807/1536 1572/1810/1539 1290/1499/1257 
s 2
f 1080/1284/1047 1079/1283/1046 1485/1817/1452 1578/1818/1545 
f 1579/1819/1546 1580/1820/1547 1388/1603/1355 1387/1602/1354 
s 1
f 1343/1555/1310 1581/1821/1548 1249/1457/1216 1582/1822/1549 
s 2
f 1306/1515/1273 1305/1514/1272 1409/1625/1376 1408/1624/1375 
f 1523/1749/1490 1522/1748/1489 1366/1581/1333 1365/1580/1332 
s 4
f 1125/1823/1092 1127/1824/1094 1507/1731/1474 1583/1825/1550 
s 2
f 1584/1826/1551 1077/1281/1044 1076/1280/1043 1137/1341/1104 
s 4
f 1127/1824/1094 1339/1551/1306 1295/1504/1262 1507/1731/1474 
s 2
f 1275/1484/1242 1082/1286/1049 1108/1827/1075 1107/1828/1074 
f 1582/1822/1549 1249/1457/1216 1248/1456/1215 1585/1829/1552 
s 4
f 1424/1641/1391 1303/1512/1270 1302/1511/1269 1350/1564/1317 
s 1
f 1158/1364/1125 1385/1600/1352 1586/1830/1553 1155/1361/1122 
s 2
f 1587/1831/1554 1588/1832/1555 1589/1833/1556 1590/1834/1557 
s 1
f 1142/1346/1109 1591/1835/1558 1592/1836/1559 1143/1347/1110 
s 2
f 1172/1837/1139 1434/1651/1401 1433/1650/1400 1173/1838/1140 
s 4
f 1234/1441/1201 508/536/508 560/602/560 1231/1438/1198 
s 2
f 1580/1820/1547 1579/1819/1546 1274/1483/1241 1275/1484/1242 
f 1536/1767/1503 1410/1626/1377 1461/1681/1428 1405/1621/1372 
f 1593/1839/1560 1110/1354/1077 1530/1759/1497 1564/1800/1531 
s 1
f 1383/1598/1350 1497/1718/1464 1323/1532/1290 1426/1643/1393 
s 2
f 1594/1840/1561 1595/1207/1562 562/604/562 1596/1841/1563 
f 1597/1842/1564 1598/1843/1565 1599/1844/1566 1106/1845/1073 
f 1366/1581/1333 1102/1306/1069 1481/1701/1448 1367/1582/1334 
s 1
f 1294/1503/1261 1297/1506/1264 1555/1789/1522 1600/1846/1567 
s 2
f 1474/1694/1441 1601/1847/1568 1602/1848/1569 1603/1849/1570 
f 1166/1372/1133 1165/1371/1132 1200/1561/1167 1196/1403/1163 
s 1
f 1294/1503/1261 1600/1846/1567 1604/1850/1571 1506/1730/1473 
s 2
f 1605/1851/1572 1606/1852/1573 1607/1853/1574 1608/1854/1575 
f 1160/1366/1127 1602/1848/1569 1601/1847/1568 1161/1367/1128 
f 1497/1718/1464 1157/1363/1124 1285/1494/1252 1498/1719/1465 
f 1449/1668/1416 1173/1838/1140 1433/1650/1400 1263/1472/1230 
f 1176/1382/1143 1175/1381/1142 1609/1855/1576 1610/1856/1577 
f 1525/1754/1492 1179/1385/1146 1178/1384/1145 1526/1755/1493 
f 1509/1734/1476 1490/1710/1457 1489/1709/1456 1098/1302/1065 
s 1
f 1611/1857/1578 1612/1858/1579 1133/1337/1100 1613/1859/1580 
s 2
f 1596/1841/1563 562/604/562 583/626/583 1558/1792/1525 
f 1326/1535/1293 1469/1689/1436 1400/1615/1367 1327/1536/1294 
s 1
f 1614/1860/1581 1077/1281/1044 1615/1861/1582 1616/1862/1583 
s 2
f 1605/1851/1572 1608/1854/1575 1381/1596/1348 1380/1595/1347 
f 1536/1767/1503 1535/1766/1502 1411/1627/1378 1410/1626/1377 
f 1374/1589/1341 1206/1413/1173 1541/1773/1508 1375/1590/1342 
s 1
f 1309/1518/1276 1259/1468/1226 1586/1830/1553 1447/1666/1414 
f 1244/1863/1211 1142/1346/1109 1141/1345/1108 1617/1864/1584 
s 2
f 1076/1280/1043 1577/1865/1544 1138/1342/1105 1137/1341/1104 
s 4
f 1350/1564/1317 1302/1511/1269 1618/1866/1585 1348/1562/1315 
s 2
f 1619/1867/1586 1524/1753/1491 1505/1729/1472 1504/1728/1471 
f 1429/1646/1396 1620/1868/1587 1481/1701/1448 1430/1647/1397 
s 1
f 1425/1642/1392 1417/1634/1384 1416/1633/1383 1384/1599/1351 
s 2
f 1399/1614/1366 1370/1585/1337 1327/1536/1294 1400/1615/1367 
s 1
f 1409/1625/1376 1598/1843/1565 1621/1869/1588 1390/1605/1357 
s 2
f 1407/1623/1374 1063/1267/1030 1201/1408/1168 1622/1870/1589 
f 1623/1871/1590 1080/1284/1047 1578/1818/1545 1624/1872/1591 
s 1
f 1460/1873/1427 1499/1720/1466 1625/1874/1592 1406/1875/1373 
s 2
f 1593/1839/1560 1086/1290/1053 1622/1870/1589 1552/1786/1519 
s 1
f 1291/1500/1258 1421/1638/1388 1233/1440/1200 1368/1583/1335 
s 2
f 1364/1579/1331 1363/1578/1330 597/644/597 596/643/596 
f 1626/1876/1593 1589/1833/1556 1588/1832/1555 1475/1877/1442 
f 1238/1445/1205 1615/1861/1582 1077/1281/1044 1584/1826/1551 
f 1132/1878/1099 1627/1879/1594 1628/1880/1595 1129/1881/1096 
s 1
f 1225/1432/1192 1310/1519/1277 1313/1522/1280 1226/1433/1193 
s 2
f 1126/1330/1093 1125/1329/1092 1174/1751/1141 1524/1753/1491 
f 1498/1719/1465 1285/1494/1252 1492/1713/1459 1511/1736/1478 
f 1573/1811/1540 1170/1376/1137 1173/1379/1140 1629/1882/1596 
f 1469/1689/1436 1535/1766/1502 1395/1610/1362 1400/1615/1367 
f 1415/1632/1382 1152/1358/1119 1151/1357/1118 1630/1883/1597 
f 1631/1884/1598 1147/1733/1114 1329/1538/1296 1581/1821/1548 
f 1462/1682/1429 1461/1681/1428 1410/1626/1377 1413/1629/1380 
f 1632/1885/1599 1633/1886/1600 1126/1330/1093 1524/1753/1491 
f 1634/1887/1601 1379/1594/1346 1382/1597/1349 1561/1797/1528 
f 1466/1686/1433 1478/1698/1445 1587/1888/1554 1635/1889/1602 
f 1342/1890/1309 1523/1749/1490 1365/1580/1332 1631/1891/1598 
f 1536/1767/1503 1405/1621/1372 1404/1620/1371 1195/1402/1162 
s 1
f 1087/1291/1054 1168/1374/1135 1164/1370/1131 1088/1292/1055 
s 2
f 1069/1273/1036 1636/1892/1603 1124/1328/1091 1070/1274/1037 
f 1357/1893/1324 1575/1814/1542 1381/1596/1348 1608/1854/1575 
f 1111/1353/1078 1150/1356/1117 1317/1526/1284 1477/1894/1444 
s 4
f 1394/1609/1361 1533/1762/1500 1140/1344/1107 1566/1804/1533 
f 1303/1512/1270 1424/1641/1391 1418/1635/1385 1417/1634/1384 
s 1
f 1305/1514/1272 1308/1517/1275 1599/1844/1566 
s 2
f 1573/1811/1540 1306/1515/1273 1408/1624/1375 1437/1654/1404 
f 1630/1883/1597 1151/1357/1118 1392/1607/1359 1637/1895/1604 
s 1
f 1186/1393/1153 1185/1392/1152 1638/1896/1605 1255/1464/1222 
s 8
f 1423/1640/1390 1422/1639/1389 1639/1897/1606 1527/1756/1494 
s 1
f 1384/1599/1351 1416/1633/1383 1544/1776/1511 1385/1600/1352 
s 2
f 1321/1530/1288 1320/1529/1287 1582/1822/1549 1585/1829/1552 
s 4
f 1488/1708/1455 1487/1707/1454 1637/1895/1604 1640/1898/1607 
s 1
f 1089/1293/1056 1092/1296/1059 1168/1374/1135 1087/1291/1054 
f 1582/1822/1549 1320/1529/1287 1340/1552/1307 1343/1555/1310 
s 2
f 1482/1899/1449 1485/1817/1452 1079/1283/1046 1514/1739/1481 
f 1560/1794/1527 1268/1477/1235 1253/1462/1220 1112/1316/1079 
f 1641/1900/1608 1355/1569/1322 1358/1572/1325 1635/1901/1602 
f 1338/1548/1305 1304/1513/1271 1073/1277/1040 1072/1276/1039 
f 1607/1853/1574 1642/1902/1609 1643/1903/1610 1465/1685/1432 
s 1
f 1598/1843/1565 1409/1625/1376 1305/1514/1272 1599/1844/1566 
s 2
f 1644/1904/1611 1397/1612/1364 1396/1611/1363 1645/1905/1612 
f 1340/1552/1307 1621/1869/1588 1646/1906/1613 1341/1553/1308 
f 1478/1698/1445 1182/1389/1149 1359/1573/1326 1647/1907/1614 
f 1557/1791/1524 1567/1805/1534 1596/1841/1563 1558/1792/1525 
s 8
f 1422/1639/1389 1349/1563/1316 1648/1908/1615 1639/1897/1606 
s 2
f 1085/1289/1052 1084/1288/1051 1649/1909/1616 1560/1794/1527 
f 1567/1805/1534 1568/1806/1535 1594/1840/1561 1596/1841/1563 
f 1650/1910/1617 1104/1308/1071 1541/1773/1508 1540/1772/1507 
f 1651/1911/1618 1055/1259/1022 1058/1262/1025 1528/1757/1495 
f 1308/1912/1275 1307/1913/1274 1388/1603/1355 1580/1820/1547 
f 1548/1782/1515 1178/1781/1145 1129/1881/1096 1628/1880/1595 
f 1332/1542/1299 1492/1713/1459 1285/1494/1252 1432/1649/1399 
f 1242/1450/1209 1163/1369/1130 1166/1372/1133 
f 1246/1454/1213 1464/1684/1431 1652/1914/1619 1247/1455/1214 
f 1642/1902/1609 1607/1853/1574 1606/1852/1573 1653/1915/1620 
f 1526/1780/1493 1547/1779/1514 1502/1724/1469 1271/1723/1238 
s 1
f 1539/1770/1506 1442/1659/1409 1188/1395/1155 1187/1394/1154 
s 2
f 1587/1888/1554 1478/1698/1445 1647/1907/1614 1588/1916/1555 
s 1
f 1420/1637/1387 1654/1917/1621 1344/1556/1311 1347/1559/1314 
s 2
f 1467/1687/1434 1466/1686/1433 1635/1889/1602 1358/1918/1325 
f 1497/1718/1464 1383/1598/1350 1158/1364/1125 1157/1363/1124 
f 1504/1728/1471 1565/1801/1532 1655/1919/1622 1619/1867/1586 
f 1239/1446/1206 1238/1445/1205 1584/1826/1551 1533/1762/1500 
f 1104/1308/1071 1650/1910/1617 1656/1920/1623 1101/1305/1068 
f 1463/1683/1430 1276/1485/1243 1480/1700/1447 1538/1769/1505 
f 1475/1695/1442 1588/1916/1555 1601/1847/1568 1474/1694/1441 
s 1
f 1657/1921/1624 1658/1922/1625 1659/1923/1626 1660/1924/1627 
s 2
f 1593/1839/1560 1552/1786/1519 1149/1355/1116 1110/1354/1077 
f 1272/1481/1239 1576/1925/1543 1661/1926/1628 1273/1482/1240 
f 1194/1401/1161 1193/1400/1160 1645/1905/1612 1396/1611/1363 
s 1
f 1311/1520/1278 1662/1927/1629 1663/1928/1630 1312/1521/1279 
s 2
f 1164/1370/1131 1163/1369/1130 1407/1623/1374 
s 4
f 1664/1929/1631 1654/1917/1621 1572/1810/1539 1571/1809/1538 
s 2
f 1665/1930/1632 1666/1931/1633 1655/1919/1622 1211/1418/1178 
f 1139/1727/1106 1138/1932/1105 1667/1933/1634 1361/1576/1328 
f 1668/1934/1635 1669/1935/1636 1072/1276/1039 1071/1275/1038 
f 1645/1905/1612 1508/1732/1475 1452/1671/1419 1644/1904/1611 
f 1349/1563/1316 1422/1639/1389 1424/1641/1391 1350/1564/1317 
s 4
f 1670/1936/1637 1592/1937/1559 1441/1658/1408 1440/1657/1407 
s 2
f 1671/1938/1638 1652/1914/1619 1464/1684/1431 1537/1768/1504 
f 1449/1668/1416 1389/1604/1356 1629/1939/1596 1173/1838/1140 
s 4
f 1420/1637/1387 1223/1430/1190 1224/1431/1191 1421/1638/1388 
s 1
f 1256/1465/1223 1255/1464/1222 1638/1896/1605 1672/1940/1639 
s 4
f 1520/1746/1487 1441/1658/1408 1592/1937/1559 1591/1941/1558 
s 1
f 1612/1858/1579 1611/1857/1578 1673/1942/1640 1301/1510/1268 
s 4
f 1583/1825/1550 1175/1381/1142 1174/1380/1141 1125/1823/1092 
s 2
f 1184/1391/1151 1183/1390/1150 1465/1685/1432 1643/1903/1610 
f 1330/1539/1297 1329/1538/1296 1674/1943/1641 1277/1486/1244 
f 1360/1574/1327 1675/1944/1642 1372/1587/1339 1531/1760/1498 
f 1518/1744/1485 1646/1945/1613 1597/1946/1564 1266/1475/1233 
f 1093/1297/1060 1096/1300/1063 1126/1330/1093 1633/1886/1600 
f 1405/1621/1372 1461/1681/1428 1460/1680/1427 1406/1622/1373 
s 1
f 1613/1859/1580 1133/1337/1100 1136/1340/1103 1676/1947/1643 
s 2
f 1162/1368/1129 650/718/650 649/717/649 1159/1365/1126 
s 4
f 1362/1577/1329 1346/1558/1313 1345/1557/1312 1236/1443/1203 
s 8
f 1348/1562/1315 1660/1948/1627 1648/1908/1615 1349/1563/1316 
s 4
f 1177/1383/1144 1176/1382/1143 652/721/652 651/720/651 
s 2
f 1378/1593/1345 1677/1949/1644 1678/1950/1645 1679/1951/1646 
f 1535/1766/1502 1194/1401/1161 1396/1611/1363 1395/1610/1362 
s 1
f 1385/1600/1352 1544/1776/1511 1447/1666/1414 1586/1830/1553 
s 2
f 1610/1856/1577 1609/1855/1576 1679/1951/1646 1678/1950/1645 
s 8
f 1223/1430/1190 1420/1637/1387 1347/1559/1314 1438/1655/1405 
s 2
f 1680/1952/1647 1681/1953/1648 1682/1954/1649 1683/1955/1650 
s 1
f 1058/1262/1025 1057/1261/1024 1489/1709/1456 1454/1674/1421 
s 4
f 1445/1664/1412 1517/1743/1484 1477/1697/1444 1317/1661/1284 
s 1
f 1320/1529/1287 1390/1605/1357 1621/1869/1588 1340/1552/1307 
s 4
f 1684/1956/1651 1685/1957/1652 1686/1958/1653 1662/1959/1629 
s 2
f 1675/1944/1642 1667/1933/1634 1545/1777/1512 1191/1398/1158 
f 1267/1476/1234 1553/1787/1520 1551/1785/1518 1265/1474/1232 
s 1
f 1469/1689/1436 1411/1627/1378 1535/1766/1502 
s 2
f 1308/1517/1275 1107/1960/1074 1106/1845/1073 1599/1844/1566 
s 1
f 1499/1720/1466 457/474/457 663/734/663 1625/1874/1592 
s 2
f 1211/1418/1178 1655/1919/1622 1565/1801/1532 1212/1419/1179 
f 1277/1486/1244 1674/1943/1641 1193/1400/1160 1192/1399/1159 
f 1101/1305/1068 1656/1920/1623 1431/1648/1398 1430/1647/1397 
f 1087/1291/1054 1564/1800/1531 1288/1497/1255 1089/1293/1056 
f 1195/1402/1162 1404/1620/1371 1278/1487/1245 1192/1399/1159 
s 4
f 1260/1712/1227 1434/1764/1401 1511/1736/1478 1492/1713/1459 
s 1
f 665/736/665 664/735/664 1658/1922/1625 1657/1921/1624 
s 2
f 1686/1958/1653 1617/1961/1584 1663/1962/1630 1662/1959/1629 
f 1669/1935/1636 1668/1934/1635 1687/1963/1654 1688/1964/1655 
f 1075/1279/1042 1120/1965/1087 1577/1865/1544 1076/1280/1043 
s 1
f 1081/1285/1048 1080/1284/1047 1623/1871/1590 1534/1763/1501 
s 2
f 1341/1966/1308 1646/1945/1613 1518/1744/1485 1519/1745/1486 
s 1
f 1196/1459/1163 1250/1458/1217 1520/1746/1487 1435/1967/1402 
s 2
f 1467/1687/1434 1608/1854/1575 1607/1853/1574 1465/1685/1432 
f 1553/1787/1520 1267/1476/1234 1436/1653/1403 1689/1968/1656 
f 1242/1450/1209 1241/1449/1208 1685/1957/1652 1064/1268/1031 
s 4
f 1284/1493/1251 1283/1492/1250 1506/1730/1473 1604/1850/1571 
s 2
f 1667/1933/1634 1138/1932/1105 1577/1816/1544 1545/1777/1512 
f 1588/1916/1555 1647/1907/1614 1161/1367/1128 1601/1847/1568 
f 1306/1515/1273 1573/1811/1540 1629/1882/1596 1307/1516/1274 
s 1
f 1117/1321/1084 1677/1949/1644 1378/1593/1345 1377/1592/1344 
s 2
f 1389/1604/1356 1388/1603/1355 1307/1913/1274 1629/1939/1596 
f 1550/1784/1517 1549/1783/1516 1356/1570/1323 1355/1569/1322 
f 1557/1791/1524 1561/1797/1528 1501/1722/1468 1567/1805/1534 
s 1
f 1301/1510/1268 1673/1942/1640 1618/1866/1585 1302/1511/1269 
f 1128/1332/1095 1363/1578/1330 1362/1577/1329 1236/1443/1203 
s 2
f 1690/1969/1657 1214/1421/1181 1682/1954/1649 1691/1970/1658 
f 1692/1971/1659 1289/1498/1256 1288/1497/1255 1532/1761/1499 
f 1626/1876/1593 1475/1877/1442 1351/1741/1318 1515/1740/1482 
f 1220/1427/1187 1683/1972/1650 1221/1428/1188 
s 1
f 1617/1864/1584 1141/1345/1108 1312/1521/1279 1663/1928/1630 
f 1066/1270/1033 1439/1656/1406 1257/1466/1224 1065/1269/1032 
s 2
f 1473/1693/1440 1472/1692/1439 1334/1544/1301 1318/1527/1285 
f 1680/1973/1647 1553/1787/1520 1689/1968/1656 
f 1681/1953/1648 1693/1974/1660 1691/1970/1658 1682/1954/1649 
f 1168/1374/1135 1167/1373/1134 1165/1371/1132 1164/1370/1131 
s 4
f 1694/1975/1661 1444/1663/1411 1316/1662/1283 1335/1976/1302 
s 2
f 1266/1475/1233 1597/1946/1564 1106/1310/1073 1105/1309/1072 
s 1
f 1155/1361/1122 1586/1830/1553 1259/1468/1226 1258/1467/1225 
s 2
f 1115/1319/1082 1114/1318/1081 1693/1974/1660 1681/1953/1648 
f 1064/1268/1031 1063/1267/1030 1407/1623/1374 1242/1450/1209 
f 1631/1884/1598 1581/1821/1548 1343/1555/1310 1342/1554/1309 
f 1649/1909/1616 1269/1478/1236 1268/1477/1235 1560/1794/1527 
f 1695/1977/1662 1640/1898/1607 1637/1895/1604 1392/1607/1359 
f 675/754/675 525/556/525 1490/1710/1457 1509/1734/1476 
s 4
f 1496/1803/1463 1495/1978/1462 1696/1979/1663 1563/1799/1530 
s 1
f 1537/1980/1504 1697/1981/1664 1698/1982/1665 1671/1983/1638 
s 2
f 1609/1855/1576 1283/1492/1250 1280/1489/1247 1679/1951/1646 
f 1245/1453/1212 1244/1452/1211 1617/1961/1584 1686/1958/1653 
f 1110/1354/1077 1360/1574/1327 1531/1760/1498 1530/1759/1497 
s 1
f 1432/1649/1399 1285/1494/1252 1287/1496/1254 1554/1788/1521 
s 4
f 1172/1765/1139 1171/1802/1138 1562/1798/1529 1510/1735/1477 
s 2
f 1414/1631/1381 1337/1547/1304 1336/1546/1303 1699/1984/1666 
s 1
f 1476/1696/1443 1477/1697/1444 1516/1742/1483 1566/1804/1533 
s 2
f 1470/1690/1437 1552/1786/1519 1622/1870/1589 1201/1408/1168 
s 4
f 1700/1985/1667 1701/1986/1668 1415/1632/1382 1630/1883/1597 
s 2
f 1146/1350/1113 1145/1349/1112 1627/1879/1594 1132/1878/1099 
f 1583/1825/1550 1283/1492/1250 1609/1855/1576 1175/1381/1142 
s 1
f 1282/1491/1249 1546/1778/1513 1468/1688/1435 1279/1488/1246 
s 2
f 1532/1761/1499 1229/1436/1196 1228/1435/1195 1692/1971/1659 
f 1507/1731/1474 1506/1730/1473 1283/1492/1250 1583/1825/1550 
f 1514/1739/1481 1118/1322/1085 1240/1448/1207 1482/1899/1449 
f 1476/1696/1443 1566/1804/1533 1140/1344/1107 1139/1343/1106 
f 1615/1861/1582 1099/1303/1066 1333/1543/1300 1616/1862/1583 
f 1674/1943/1641 1329/1538/1296 1147/1733/1114 1508/1732/1475 
f 1137/1341/1104 1140/1344/1107 1533/1762/1500 1584/1826/1551 
f 1471/1691/1438 1470/1690/1437 1201/1408/1168 1202/1409/1169 
f 1702/1987/1669 1148/1352/1115 1367/1582/1334 1703/1988/1670 
f 1389/1604/1356 1449/1668/1416 1451/1670/1418 1386/1601/1353 
f 1666/1931/1633 1704/1989/1671 1619/1867/1586 1655/1919/1622 
f 1352/1566/1319 1474/1694/1441 1603/1849/1570 1705/1990/1672 
s 1
f 1075/1279/1042 1123/1327/1090 1121/1387/1088 1120/1965/1087 
s 2
f 1262/1471/1229 1706/1991/1673 1450/1669/1417 1263/1472/1230 
f 1211/1418/1178 1214/1421/1181 1690/1969/1657 1665/1930/1632 
s 1
f 1070/1274/1037 1123/1327/1090 1075/1279/1042 1067/1271/1034 
s 2
f 1414/1631/1381 1699/1984/1666 1706/1991/1673 1262/1471/1229 
s 1
f 1581/1821/1548 1329/1538/1296 1249/1457/1216 
s 2
f 1407/1623/1374 1622/1870/1589 1086/1290/1053 1088/1292/1055 
f 1345/1557/1312 1344/1556/1311 1654/1917/1621 1664/1929/1631 
f 1437/1654/1404 1529/1758/1496 1494/1715/1461 1493/1714/1460 
f 1148/1352/1115 1147/1351/1114 1631/1891/1598 1365/1580/1332 
s 1
f 1513/1738/1480 1143/1347/1110 1592/1836/1559 1670/1992/1637 
s 2
f 1230/1437/1197 1229/1436/1196 1531/1760/1498 1372/1587/1339 
f 1100/1304/1067 1099/1303/1066 1615/1861/1582 1238/1445/1205 
f 1367/1582/1334 1481/1701/1448 1620/1868/1587 1703/1988/1670 
s 1
f 1326/1535/1293 1325/1534/1292 1217/1424/1184 1216/1423/1183 
f 1301/1510/1268 1300/1509/1267 1427/1644/1394 1612/1858/1579 
f 1562/1798/1529 1135/1339/1102 1324/1533/1291 1510/1735/1477 
s 2
f 1575/1813/1542 1574/1812/1541 1661/1926/1628 1576/1925/1543 
f 1061/1265/1028 1064/1268/1031 1685/1957/1652 1684/1956/1651 
s 1
f 1612/1858/1579 1427/1644/1394 1134/1338/1101 1133/1337/1100 
s 4
f 1290/1499/1257 1572/1810/1539 1654/1917/1621 1420/1637/1387 
s 2
f 1414/1631/1381 1331/1630/1298 1339/1750/1306 1337/1547/1304 
f 1308/1912/1275 1580/1820/1547 1275/1484/1242 1107/1828/1074 
s 1
f 1243/1993/1210 1591/1835/1558 1142/1346/1109 1244/1863/1211 
f 1091/1295/1058 1090/1294/1057 1217/1424/1184 1325/1534/1292 
s 2
f 1358/1918/1325 1357/1893/1324 1608/1854/1575 1467/1687/1434 
f 1372/1587/1339 1675/1944/1642 1191/1398/1158 1190/1397/1157 
f 1374/1589/1341 1373/1588/1340 1265/1474/1232 1551/1785/1518 
f 688/772/688 687/771/687 1222/1549/1189 1213/1420/1180 
f 1508/1732/1475 1645/1905/1612 1193/1400/1160 1674/1943/1641 
f 1402/1618/1369 1539/1795/1506 1169/1375/1136 1491/1711/1458 
f 1104/1308/1071 1103/1307/1070 1375/1590/1342 1541/1773/1508 
f 1524/1753/1491 1619/1867/1586 1704/1989/1671 1632/1885/1599 
s 4
f 1309/1518/1276 1446/1665/1413 1458/1678/1425 1251/1460/1218 
s 1
f 1426/1643/1393 1323/1532/1290 1134/1338/1101 1427/1644/1394 
s 2
f 1564/1800/1531 1087/1291/1054 1086/1290/1053 1593/1839/1560 
f 1342/1890/1309 1341/1966/1308 1519/1745/1486 1523/1749/1490 
s 1
f 1393/1608/1360 1707/1994/1674 1695/1977/1662 1392/1607/1359 
s 2
f 1438/1655/1405 1364/1579/1331 596/643/596 690/774/690 
s 4
f 1458/1678/1425 1700/1985/1667 1630/1883/1597 1457/1677/1424 
s 2
f 1635/1901/1602 1587/1831/1554 1590/1834/1557 1641/1900/1608 
f 1150/1356/1117 1149/1355/1116 1473/1693/1440 1318/1527/1285 
s 4
f 1591/1941/1558 1243/1995/1210 1435/1967/1402 1520/1746/1487 
s 2
f 1680/1973/1647 1683/1972/1650 1220/1427/1187 1553/1787/1520 
f 1337/1547/1304 1096/1300/1063 1095/1299/1062 1304/1513/1271 
f 1597/1842/1564 1646/1906/1613 1621/1869/1588 1598/1843/1565 
f 1653/1915/1620 692/777/692 691/776/691 1642/1902/1609 
f 1705/1990/1672 1443/1660/1410 1353/1567/1320 1352/1566/1319 
f 1220/1427/1187 1219/1426/1186 1204/1411/1171 1203/1410/1170 
s 4
f 1241/1449/1208 1245/1453/1212 1686/1958/1653 1685/1957/1652 
f 1416/1633/1383 1415/1632/1382 1701/1986/1668 1542/1774/1509 
s 2
f 1068/1272/1035 1067/1271/1034 1077/1281/1044 1614/1860/1581 
f 1221/1550/1188 1683/1955/1650 1682/1954/1649 1214/1421/1181 
f 1269/1478/1236 1688/1964/1655 1687/1963/1654 1254/1463/1221 
s 4
f 1457/1677/1424 1630/1883/1597 1637/1895/1604 1487/1707/1454 
s 2
f 1210/1417/1177 1378/1593/1345 1679/1951/1646 1280/1489/1247 
f 1681/1953/1648 1680/1952/1647 1689/1996/1656 1115/1319/1082 
s 4
f 1487/1707/1454 1419/1636/1386 1252/1461/1219 1457/1677/1424 
s 1
f 1676/1947/1643 1136/1340/1103 1563/1799/1530 1696/1979/1663 
s 2
f 1402/1771/1369 1354/1568/1321 1353/1567/1320 1442/1659/1409 
f 1496/1717/1463 1171/1377/1138 1170/1376/1137 1493/1714/1460 
f 1557/1791/1524 1556/1790/1523 1634/1887/1601 1561/1797/1528 
f 1217/1424/1184 1090/1294/1057 1289/1498/1256 1218/1425/1185 
s 4
f 1447/1666/1414 1544/1776/1511 1543/1775/1510 1448/1667/1415 
s 2
f 1576/1815/1543 1272/1796/1239 1561/1797/1528 1382/1597/1349 
f 1675/1944/1642 1360/1574/1327 1361/1576/1328 1667/1933/1634 
f 1642/1902/1609 691/776/691 693/779/693 1643/1903/1610 
f 1082/1286/1049 1085/1289/1052 1436/1997/1403 1108/1827/1075 
f 1085/1289/1052 1115/1319/1082 1689/1996/1656 1436/1997/1403 
s 1
f 1708/1998/1675 1709/1999/1676 1710/2000/1677 1711/2001/1678 
f 1712/2002/1679 1713/2003/1680 1714/2004/1681 1715/2005/1682 
f 1708/1998/1675 1711/2001/1678 1716/2006/1683 1717/2007/1684 
f 1718/2008/1685 1713/2003/1680 1712/2002/1679 1719/2009/1686 
s 2
f 1708/1998/1675 1712/2002/1679 1715/2005/1682 1709/1999/1676 
s 1
f 1717/2007/1684 1716/2006/1683 1720/2010/1687 1721/2011/1688 
s 4
f 1721/2012/1688 1720/2013/1687 1722/2014/1689 1723/2015/1690 
s 1
f 1722/2016/1689 1718/2008/1685 1719/2009/1686 1723/2017/1690 
f 1724/2018/1691 1715/2005/1682 1714/2004/1681 1725/2019/1692 
s 2
f 1714/2004/1681 1713/2003/1680 1711/2020/1678 1710/2021/1677 
s 1
f 1709/1999/1676 1726/2022/1693 1727/2023/1694 1710/2000/1677 
f 1725/2019/1692 715/808/715 714/807/714 1724/2018/1691 
s 2
f 1712/2002/1679 1708/1998/1675 1717/2007/1684 1719/2009/1686 
s 1
f 1726/2022/1693 717/810/717 716/809/716 1727/2023/1694 
s 2
f 1713/2003/1680 1718/2008/1685 1716/2024/1683 1711/2020/1678 
f 1721/2011/1688 1723/2017/1690 1719/2009/1686 1717/2007/1684 
f 1718/2008/1685 1722/2016/1689 1720/2025/1687 1716/2024/1683 
s 4
f 1727/2026/1694 1725/2019/1692 1714/2004/1681 1710/2021/1677 
f 1724/2018/1691 1726/2022/1693 1709/1999/1676 1715/2005/1682 
f 1725/2019/1692 1727/2026/1694 716/814/716 715/808/715 
s 1
f 1448/2027/1415 1728/2028/1695 1729/2029/1696 1446/2030/1413 
f 1730/2031/1697 1731/2032/1698 1543/2033/1510 1542/2034/1509 
f 1732/2035/1699 1733/2036/1700 1701/2037/1668 1700/2038/1667 
f 1446/2030/1413 1729/2029/1696 1734/2039/1701 1458/2040/1425 
s 2
f 1734/2039/1701 1732/2035/1699 1700/2038/1667 1458/2040/1425 
f 1701/2037/1668 1733/2036/1700 1730/2031/1697 1542/2034/1509 
s 1
f 1731/2032/1698 1728/2028/1695 1448/2027/1415 1543/2033/1510 
s 4
f 1728/2028/1695 1735/2041/1702 1736/2042/1703 1729/2029/1696 
f 1730/2031/1697 1737/2043/1704 1738/2044/1705 1731/2032/1698 
f 1733/2036/1700 1739/2045/1706 1740/2046/1707 
f 1729/2029/1696 1736/2042/1703 1741/2047/1708 1734/2039/1701 
s 8
f 1741/2047/1708 1742/2048/1709 1732/2035/1699 1734/2039/1701 
f 1733/2036/1700 1740/2046/1707 1737/2043/1704 1730/2031/1697 
s 4
f 1731/2032/1698 1738/2044/1705 1735/2041/1702 1728/2028/1695 
f 1739/2045/1706 1733/2036/1700 1743/2049/1710 
f 1733/2036/1700 1732/2035/1699 1744/2050/1711 1743/2049/1710 
f 1744/2050/1711 1732/2035/1699 1742/2048/1709 
s 1
f 1738/2044/1705 1737/2043/1704 1740/2046/1707 1739/2045/1706 
f 1743/2049/1710 1735/2041/1702 1738/2044/1705 1739/2045/1706 
f 1744/2050/1711 1736/2042/1703 1735/2041/1702 1743/2049/1710 
f 1742/2048/1709 1741/2047/1708 1736/2042/1703 1744/2050/1711 
f 1745/2051/1712 1746/2052/1713 1282/2053/1249 1281/2054/1248 
s 8
f 1284/2055/1251 1747/2056/1714 1745/2051/1712 1281/2054/1248 
s 2
f 1748/2057/1715 1749/2058/1716 1287/2059/1254 1286/2060/1253 
s 1
f 1486/2061/1453 1750/2062/1717 1748/2057/1715 1286/2060/1253 
f 1751/2063/1718 1750/2062/1717 1486/2061/1453 1546/2064/1513 
f 1554/2065/1521 1752/2066/1719 1753/2067/1720 1555/2068/1522 
f 1555/2068/1522 1753/2067/1720 1754/2069/1721 1600/2070/1567 
f 1600/2070/1567 1754/2069/1721 1755/2071/1722 1604/2072/1571 
f 1604/2072/1571 1755/2071/1722 1747/2056/1714 1284/2055/1251 
f 1287/2059/1254 1749/2058/1716 1752/2066/1719 1554/2065/1521 
f 1746/2052/1713 1751/2063/1718 1546/2064/1513 1282/2053/1249 
s 4
f 1756/2073/1723 1757/2074/1724 1746/2052/1713 1745/2051/1712 
s 8
f 1747/2056/1714 1758/2075/1725 1756/2073/1723 1745/2051/1712 
f 1748/2057/1715 1759/2076/1726 1760/2077/1727 1749/2058/1716 
s 4
f 1761/2078/1728 1759/2076/1726 1748/2057/1715 1750/2062/1717 
f 1762/2079/1729 1761/2078/1728 1750/2062/1717 1751/2063/1718 
s 1
f 1752/2066/1719 1763/2080/1730 1764/2081/1731 1753/2067/1720 
f 1753/2067/1720 1764/2081/1731 1765/2082/1732 1754/2069/1721 
f 1754/2069/1721 1765/2082/1732 1766/2083/1733 1755/2071/1722 
f 1755/2071/1722 1766/2083/1733 1758/2075/1725 1747/2056/1714 
f 1749/2058/1716 1760/2077/1727 1763/2080/1730 1752/2066/1719 
s 4
f 1757/2074/1724 1762/2079/1729 1751/2063/1718 1746/2052/1713 
s 1
f 1083/2084/1050 1767/2085/1734 1768/2086/1735 1084/2087/1051 
s 4
f 1274/2088/1241 1769/2089/1736 1767/2085/1734 1083/2084/1050 
f 1770/2090/1737 1771/2091/1738 1336/2092/1303 1338/2093/1305 
f 1386/2094/1353 1772/2095/1739 1773/2096/1740 1387/2097/1354 
f 1774/2098/1741 1775/2099/1742 1451/2100/1418 1450/2101/1417 
f 1387/2097/1354 1773/2096/1740 1776/2102/1743 1579/2103/1546 
f 1579/2103/1546 1776/2102/1743 1769/2089/1736 1274/2088/1241 
f 1777/2104/1744 1770/2090/1737 1338/2093/1305 1072/2105/1039 
f 1084/2087/1051 1768/2086/1735 1778/2106/1745 1649/2107/1616 
f 1779/2108/1746 1777/2104/1744 1072/2105/1039 1669/2109/1636 
f 1780/2110/1747 1779/2108/1746 1669/2109/1636 1688/2111/1655 
f 1649/2107/1616 1778/2106/1745 1781/2112/1748 1269/2113/1236 
s 1
f 1771/2091/1738 1782/2114/1749 1699/2115/1666 1336/2092/1303 
s 4
f 1775/2099/1742 1772/2095/1739 1386/2094/1353 1451/2100/1418 
f 1783/2116/1750 1774/2098/1741 1450/2101/1417 1706/2117/1673 
f 1782/2114/1749 1783/2116/1750 1706/2117/1673 1699/2115/1666 
f 1781/2112/1748 1780/2110/1747 1688/2111/1655 1269/2113/1236 
s 2
f 1784/2118/1751 1785/2119/1752 1768/2086/1735 1767/2085/1734 
f 1786/2120/1753 1784/2118/1751 1767/2085/1734 1769/2089/1736 
f 1787/2121/1754 1788/2122/1755 1771/2091/1738 1770/2090/1737 
f 1772/2095/1739 1789/2123/1756 1790/2124/1757 1773/2096/1740 
f 1774/2098/1741 1791/2125/1758 1792/2126/1759 1775/2099/1742 
f 1773/2096/1740 1790/2124/1757 1793/2127/1760 1776/2102/1743 
f 1776/2102/1743 1793/2127/1760 1786/2120/1753 1769/2089/1736 
f 1794/2128/1761 1787/2121/1754 1770/2090/1737 1777/2104/1744 
f 1785/2119/1752 1795/2129/1762 1778/2106/1745 1768/2086/1735 
f 1796/2130/1763 1794/2128/1761 1777/2104/1744 1779/2108/1746 
f 1797/2131/1764 1796/2130/1763 1779/2108/1746 1780/2110/1747 
f 1795/2129/1762 1798/2132/1765 1781/2112/1748 1778/2106/1745 
f 1771/2091/1738 1788/2122/1755 1799/2133/1766 1782/2114/1749 
f 1775/2099/1742 1792/2126/1759 1789/2123/1756 1772/2095/1739 
f 1783/2116/1750 1800/2134/1767 1791/2125/1758 1774/2098/1741 
f 1782/2114/1749 1799/2133/1766 1800/2134/1767 1783/2116/1750 
f 1798/2132/1765 1797/2131/1764 1780/2110/1747 1781/2112/1748 
f 1784/2118/1751 1801/2135/1768 1802/2136/1769 1785/2119/1752 
f 1786/2120/1753 1803/2137/1770 1801/2135/1768 1784/2118/1751 
f 1804/2138/1771 1805/2139/1772 1788/2122/1755 1787/2121/1754 
f 1789/2123/1756 1806/2140/1773 1807/2141/1774 1790/2124/1757 
f 1791/2125/1758 1808/2142/1775 1809/2143/1776 1792/2126/1759 
f 1790/2124/1757 1807/2141/1774 1810/2144/1777 1793/2127/1760 
f 1793/2127/1760 1810/2144/1777 1803/2137/1770 1786/2120/1753 
f 1811/2145/1778 1804/2138/1771 1787/2121/1754 1794/2128/1761 
f 1802/2136/1769 1812/2146/1779 1795/2129/1762 1785/2119/1752 
f 1813/2147/1780 1811/2145/1778 1794/2128/1761 1796/2130/1763 
f 1814/2148/1781 1813/2147/1780 1796/2130/1763 1797/2131/1764 
f 1812/2146/1779 1815/2149/1782 1798/2132/1765 1795/2129/1762 
f 1805/2139/1772 1816/2150/1783 1799/2133/1766 1788/2122/1755 
f 1792/2126/1759 1809/2143/1776 1806/2140/1773 1789/2123/1756 
f 1800/2134/1767 1817/2151/1784 1808/2142/1775 1791/2125/1758 
f 1816/2150/1783 1817/2151/1784 1800/2134/1767 1799/2133/1766 
f 1815/2149/1782 1814/2148/1781 1797/2131/1764 1798/2132/1765 
f 1756/2073/1723 1758/2075/1725 1766/2083/1733 1757/2074/1724 
f 1763/2080/1730 1760/2077/1727 1759/2076/1726 1761/2078/1728 
f 1764/2081/1731 1763/2080/1730 1761/2078/1728 1762/2079/1729 
f 1765/2082/1732 1764/2081/1731 1762/2079/1729 1757/2074/1724 
f 1757/2074/1724 1766/2083/1733 1765/2082/1732 
f 1801/2135/1768 1818/2152/1785 1802/2136/1769 
f 1802/2136/1769 1818/2152/1785 1812/2146/1779 
f 1812/2146/1779 1818/2152/1785 1815/2149/1782 
f 1815/2149/1782 1818/2152/1785 1814/2148/1781 
f 1814/2148/1781 1818/2152/1785 1813/2147/1780 
f 1813/2147/1780 1818/2152/1785 1811/2145/1778 
f 1811/2145/1778 1818/2152/1785 1804/2138/1771 
f 1804/2138/1771 1818/2152/1785 1805/2139/1772 
f 1805/2139/1772 1818/2152/1785 1816/2150/1783 
f 1816/2150/1783 1818/2152/1785 1817/2151/1784 
f 1817/2151/1784 1818/2152/1785 1808/2142/1775 
f 1808/2142/1775 1818/2152/1785 1809/2143/1776 
f 1809/2143/1776 1818/2152/1785 1806/2140/1773 
f 1806/2140/1773 1818/2152/1785 1807/2141/1774 
f 1807/2141/1774 1818/2152/1785 1810/2144/1777 
f 1810/2144/1777 1818/2152/1785 1803/2137/1770 
f 1803/2137/1770 1818/2152/1785 1801/2135/1768 
f 1148/1352/1115 1702/1987/1669 1145/1349/1112 
s 1
f 1819/2153/1786 1820/2154/1787 1094/2155/1061 1093/2156/1060 
f 1113/2157/1080 1821/2158/1788 1822/2159/1789 1114/2160/1081 
f 1254/2161/1221 1823/2162/1790 1821/2158/1788 1113/2157/1080 
f 1094/2155/1061 1820/2154/1787 1824/2163/1791 1071/2164/1038 
f 1825/2165/1792 1826/2166/1793 1633/2167/1600 1632/2168/1599 
f 1827/2169/1794 1828/2170/1795 1666/2171/1633 1665/2172/1632 
f 1071/2164/1038 1824/2163/1791 1829/2173/1796 1668/2174/1635 
s 4
f 1826/2166/1793 1819/2153/1786 1093/2156/1060 1633/2167/1600 
s 1
f 1668/2174/1635 1829/2173/1796 1830/2175/1797 1687/2176/1654 
f 1691/2177/1658 1831/2178/1798 1832/2179/1799 1690/2180/1657 
s 4
f 1693/2181/1660 1833/2182/1800 1831/2178/1798 1691/2177/1658 
s 1
f 1114/2160/1081 1822/2159/1789 1833/2182/1800 1693/2181/1660 
s 4
f 1828/2170/1795 1834/2183/1801 1704/2184/1671 1666/2171/1633 
s 1
f 1690/2180/1657 1832/2179/1799 1827/2169/1794 1665/2172/1632 
s 8
f 1834/2183/1801 1825/2165/1792 1632/2168/1599 1704/2184/1671 
s 1
f 1687/2176/1654 1830/2175/1797 1823/2162/1790 1254/2161/1221 
s 2
f 1835/2185/1802 1836/2186/1803 1820/2154/1787 1819/2153/1786 
f 1821/2158/1788 1837/2187/1804 1838/2188/1805 1822/2159/1789 
f 1823/2162/1790 1839/2189/1806 1837/2187/1804 1821/2158/1788 
f 1836/2186/1803 1840/2190/1807 1824/2163/1791 1820/2154/1787 
f 1841/2191/1808 1842/2192/1809 1826/2166/1793 1825/2165/1792 
f 1827/2169/1794 1843/2193/1810 1844/2194/1811 1828/2170/1795 
f 1840/2190/1807 1845/2195/1812 1829/2173/1796 1824/2163/1791 
f 1842/2192/1809 1835/2185/1802 1819/2153/1786 1826/2166/1793 
f 1845/2195/1812 1846/2196/1813 1830/2175/1797 1829/2173/1796 
f 1831/2178/1798 1847/2197/1814 1848/2198/1815 1832/2179/1799 
f 1833/2182/1800 1849/2199/1816 1847/2197/1814 1831/2178/1798 
f 1822/2159/1789 1838/2188/1805 1849/2199/1816 1833/2182/1800 
f 1844/2194/1811 1850/2200/1817 1834/2183/1801 1828/2170/1795 
f 1832/2179/1799 1848/2198/1815 1843/2193/1810 1827/2169/1794 
f 1850/2200/1817 1841/2191/1808 1825/2165/1792 1834/2183/1801 
f 1846/2196/1813 1839/2189/1806 1823/2162/1790 1830/2175/1797 
f 1835/2185/1802 1851/2201/1818 1852/2202/1819 1836/2186/1803 
f 1853/2203/1820 1854/2204/1821 1838/2188/1805 1837/2187/1804 
f 1855/2205/1822 1853/2203/1820 1837/2187/1804 1839/2189/1806 
f 1836/2186/1803 1852/2202/1819 1856/2206/1823 1840/2190/1807 
f 1857/2207/1824 1858/2208/1825 1842/2192/1809 1841/2191/1808 
f 1859/2209/1826 1860/2210/1827 1844/2194/1811 1843/2193/1810 
f 1840/2190/1807 1856/2206/1823 1861/2211/1828 1845/2195/1812 
f 1842/2192/1809 1858/2208/1825 1851/2201/1818 1835/2185/1802 
f 1861/2211/1828 1862/2212/1829 1846/2196/1813 1845/2195/1812 
f 1863/2213/1830 1864/2214/1831 1848/2198/1815 1847/2197/1814 
f 1849/2199/1816 1865/2215/1832 1863/2213/1830 1847/2197/1814 
f 1854/2204/1821 1865/2215/1832 1849/2199/1816 1838/2188/1805 
f 1860/2210/1827 1866/2216/1833 1850/2200/1817 1844/2194/1811 
f 1864/2214/1831 1859/2209/1826 1843/2193/1810 1848/2198/1815 
f 1850/2200/1817 1866/2216/1833 1857/2207/1824 1841/2191/1808 
f 1846/2196/1813 1862/2212/1829 1855/2205/1822 1839/2189/1806 
f 1851/2201/1818 1867/2217/1834 1852/2202/1819 
f 1852/2202/1819 1867/2217/1834 1856/2206/1823 
f 1856/2206/1823 1867/2217/1834 1861/2211/1828 
f 1861/2211/1828 1867/2217/1834 1862/2212/1829 
f 1862/2212/1829 1867/2217/1834 1855/2205/1822 
f 1855/2205/1822 1867/2217/1834 1853/2203/1820 
f 1853/2203/1820 1867/2217/1834 1854/2204/1821 
f 1854/2204/1821 1867/2217/1834 1865/2215/1832 
f 1865/2215/1832 1867/2217/1834 1863/2213/1830 
f 1863/2213/1830 1867/2217/1834 1864/2214/1831 
f 1864/2214/1831 1867/2217/1834 1859/2209/1826 
f 1859/2209/1826 1867/2217/1834 1860/2210/1827 
f 1860/2210/1827 1867/2217/1834 1866/2216/1833 
f 1866/2216/1833 1867/2217/1834 1857/2207/1824 
f 1857/2207/1824 1867/2217/1834 1858/2208/1825 
f 1858/2208/1825 1867/2217/1834 1851/2201/1818 
f 1161/1367/1128 1647/1907/1614 1359/1573/1326 1162/1368/1129 
f 1162/1368/1129 1359/1573/1326 858/1006/858 650/718/650 
s 1
f 1059/1263/1026 1298/1507/1265 254/259/254 6/6/6 
f 1226/1433/1193 1512/1737/1479 1298/1507/1265 1059/1263/1026 
f 1144/1348/1111 1512/1737/1479 1226/1433/1193 1313/1522/1280 
f 1670/1992/1637 1299/1508/1266 1513/1738/1480 
f 1299/1508/1266 1298/1507/1265 1512/1737/1479 1513/1738/1480 
f 859/1007/859 1440/1657/1407 1066/1270/1033 13/13/13 
f 597/644/597 1363/1578/1330 1128/1332/1095 81/81/81 
s 2
f 498/525/498 1184/1391/1151 1643/1903/1610 693/779/693 
f 464/484/464 1505/1729/1472 1177/1752/1144 651/1008/651 
s 4
f 860/1009/860 1488/1708/1455 1640/1898/1607 861/1010/861 
s 1
f 14/14/14 1065/1269/1032 1256/1465/1223 862/1011/862 
s 2
f 652/721/652 1176/1382/1143 1610/1856/1577 863/1012/863 
f 864/1013/864 1650/1910/1617 1540/1772/1507 865/1014/865 
f 463/483/463 532/564/532 1565/1801/1532 1504/1728/1471 
f 866/1015/866 1656/1920/1623 1650/1910/1617 864/1013/864 
f 863/1012/863 1610/1856/1577 1678/1950/1645 867/1016/867 
f 868/1017/868 1431/1648/1398 1656/1920/1623 866/1015/866 
f 858/1006/858 1359/1573/1326 1181/1388/1148 497/524/497 
f 867/1016/867 1678/1950/1645 1677/1949/1644 869/1018/869 
f 861/1010/861 1640/1898/1607 1695/1977/1662 870/1019/870 
s 1
f 869/1018/869 1677/1949/1644 1117/1321/1084 66/66/66 
f 871/1020/871 1484/1704/1451 1483/1703/1450 872/1021/871 
s 2
f 873/1022/872 1219/1426/1186 1222/1429/1189 687/1023/687 
s 1
f 874/1024/873 255/260/255 1299/1508/1266 1670/1992/1637 
s 2
f 875/1025/874 675/754/675 1509/1734/1476 1235/1442/1202 
s 1
f 877/1027/876 1868/2218/1835 1698/1982/1665 878/1028/877 
f 870/1019/870 1695/1977/1662 1707/1994/1674 879/1029/878 
s 2
f 880/1030/879 1204/1411/1171 1219/1426/1186 873/1022/872 
f 868/1017/868 881/1031/880 1428/1645/1395 1431/1648/1398 
f 882/1032/881 1205/1412/1172 1204/1411/1171 880/1030/879 
f 865/1014/865 1540/1772/1507 1205/1412/1172 882/1032/881 
f 875/1025/874 1235/1442/1202 1231/1438/1198 560/602/560 
f 688/772/688 1213/1420/1180 1212/1419/1179 531/563/531 
s 4
f 874/1033/873 1670/1936/1637 1440/1657/1407 859/1007/859 
s 2
f 524/555/524 883/1034/882 1456/1676/1423 1455/1675/1422 
s 1
f 878/1028/877 1698/1982/1665 1697/1981/1664 1869/2219/1836 
s 8
f 177/180/177 1223/1430/1190 1438/1655/1405 690/774/690 
s 4
f 67/67/67 1116/1320/1083 1488/1708/1455 860/1009/860 
f 714/807/714 717/810/717 1726/2022/1693 1724/2018/1691 
s 1
f 1869/2219/1836 885/1036/884 878/1028/877 
s 2
f 1559/1793/1526 1558/1792/1525 583/626/583 886/1037/885 
s 1
f 1868/2218/1835 877/1027/876 665/736/665 1657/1921/1624 
f 1247/2220/1214 1870/2221/1837 1871/2222/1838 1248/2223/1215 
s 16
f 1872/2224/1839 1873/2225/1840 1322/2226/1289 1321/2227/1288 
f 1874/2228/1841 1875/2229/1842 1495/2230/1462 1494/2231/1461 
f 1873/2225/1840 1876/2232/1843 1529/2233/1496 1322/2226/1289 
f 1871/2222/1838 1877/2234/1844 1585/2235/1552 1248/2223/1215 
f 1613/2236/1580 1878/2237/1845 1611/2238/1578 
f 1878/2237/1845 1879/2239/1846 1348/2240/1315 1618/2241/1585 
f 1877/2234/1844 1872/2224/1839 1321/2227/1288 1585/2235/1552 
s 4
f 1652/2242/1619 1880/2243/1847 1870/2221/1837 1247/2220/1214 
f 1671/1983/1638 1698/1982/1665 1880/2243/1847 1652/2242/1619 
s 16
f 1611/2238/1578 1878/2237/1845 1673/2244/1640 
f 1875/2229/1842 1878/2237/1845 1613/2236/1580 1676/2245/1643 
f 1879/2239/1846 1657/1921/1624 1660/1924/1627 1348/2240/1315 
f 1673/2244/1640 1878/2237/1845 1618/2241/1585 
f 1495/2230/1462 1875/2229/1842 1696/2246/1663 
f 1876/2232/1843 1874/2228/1841 1494/2231/1461 1529/2233/1496 
f 1696/2246/1663 1875/2229/1842 1676/2245/1643 
s 2
f 1153/1359/1120 1881/2247/1848 1882/2248/1849 1154/1360/1121 
f 1154/1360/1121 1882/2248/1849 1883/2249/1850 1393/1608/1360 
s 8
f 1527/1756/1494 1884/2250/1851 1881/2247/1848 1153/1359/1120 
f 1639/1897/1606 1885/2251/1852 1884/2250/1851 1527/1756/1494 
f 1648/1908/1615 1886/2252/1853 1885/2251/1852 1639/1897/1606 
f 1887/2253/1854 1886/2252/1853 1648/1908/1615 1660/1948/1627 
s 2
f 1393/1608/1360 1883/2249/1850 1888/2254/1855 1707/1994/1674 
f 1888/2254/1855 906/1073/905 879/1029/878 1707/1994/1674 
s 1
f 1218/2255/1185 1889/2256/1856 1890/2257/1857 1215/2258/1182 
s 4
f 1227/2259/1194 1891/2260/1858 1892/2261/1859 1228/2262/1195 
s 1
f 1893/2263/1860 1894/2264/1861 1413/2265/1380 1412/2266/1379 
f 1890/2257/1857 1893/2263/1860 1412/2266/1379 1215/2258/1182 
s 4
f 1462/2267/1429 1895/2268/1862 1500/1721/1467 1459/2269/1426 
f 1521/2270/1488 1896/2271/1863 1891/2260/1858 1227/2259/1194 
f 1897/2272/1864 1896/2271/1863 1521/2270/1488 1534/2273/1501 
f 1624/2274/1591 1897/2272/1864 1623/2275/1590 
f 1894/2264/1861 1895/2268/1862 1462/2267/1429 1413/2265/1380 
f 1623/2275/1590 1897/2272/1864 1534/2273/1501 
s 1
f 1898/2276/1865 1899/2277/1866 1289/2278/1256 1692/2279/1659 
s 4
f 1228/2262/1195 1892/2261/1859 1898/2276/1865 1692/2279/1659 
s 1
f 1899/2277/1866 1889/2256/1856 1218/2255/1185 1289/2278/1256 
f 1578/2280/1545 1897/2272/1864 1624/2274/1591 
f 1484/1704/1451 1897/2272/1864 1578/2280/1545 1485/1705/1452 
f 1484/1704/1451 871/1020/871 918/1100/917 1897/2272/1864 
f 457/474/457 1500/1721/1467 1900/2281/1867 919/1101/918 
f 1459/2269/1426 1500/1721/1467 1499/1720/1466 1460/1873/1427 
f 919/1101/918 1900/2281/1867 1897/2272/1864 918/1100/917 
s 2
f 1897/2272/1864 1900/2281/1867 1896/2271/1863 
s 1
f 1406/1875/1373 1625/1874/1592 1901/2282/1868 1403/2283/1370 
f 1902/2284/1869 1697/1981/1664 1480/2285/1447 1479/2286/1446 
f 1538/2287/1505 1697/1981/1664 1537/1980/1504 
f 1901/2282/1868 1902/2284/1869 1479/2286/1446 1403/2283/1370 
f 1480/2285/1447 1697/1981/1664 1538/2287/1505 
f 1625/1874/1592 663/734/663 1903/2288/1870 1901/2282/1868 
f 1902/2284/1869 1904/2289/1871 1869/2219/1836 1697/1981/1664 
f 1901/2282/1868 1903/2288/1870 1904/2289/1871 1902/2284/1869 
s 4
f 1061/2290/1028 1905/2291/1872 1906/2292/1873 1062/2293/1029 
s 1
f 1062/2293/1029 1906/2292/1873 1907/2294/1874 1202/2295/1169 
f 1236/2296/1203 1908/2297/1875 1909/2298/1876 1225/2299/1192 
f 1910/2300/1877 1911/2301/1878 1311/2302/1278 1310/2303/1277 
f 1912/2304/1879 1913/2305/1880 1335/2306/1302 1334/2307/1301 
s 4
f 1914/2308/1881 1915/2309/1882 1472/2310/1439 1471/2311/1438 
s 1
f 1570/2312/1537 1916/2313/1883 1917/2314/1884 1571/2315/1538 
f 1909/2298/1876 1910/2300/1877 1310/2303/1277 1225/2299/1192 
f 1311/2302/1278 1911/2301/1878 1918/2316/1885 1662/2317/1629 
f 1571/2315/1538 1917/2314/1884 1919/2318/1886 1664/2319/1631 
s 8
f 1920/2320/1887 1908/2297/1875 1236/2296/1203 1345/2321/1312 
s 1
f 1662/2317/1629 1918/2316/1885 1921/2322/1888 1684/2323/1651 
f 1915/2309/1882 1912/2304/1879 1334/2307/1301 1472/2310/1439 
f 1913/2305/1880 1922/2324/1889 1694/2325/1661 1335/2306/1302 
f 1202/2295/1169 1907/2294/1874 1914/2308/1881 1471/2311/1438 
s 16
f 1919/2318/1886 1920/2320/1887 1345/2321/1312 1664/2319/1631 
s 1
f 1921/2322/1888 1905/2291/1872 1061/2290/1028 1684/2323/1651 
s 2
f 1915/2309/1882 1914/2308/1881 1923/2326/1890 1912/2304/1879 
f 1923/2326/1890 1914/2308/1881 1924/2327/1891 1925/2328/1892 
f 1926/2329/1893 1924/2327/1891 1914/2308/1881 
f 1926/2329/1893 1914/2308/1881 1907/2294/1874 1927/2330/1894 
f 1928/2331/1895 1927/2330/1894 1907/2294/1874 1906/2292/1873 
f 1929/2332/1896 1928/2331/1895 1906/2292/1873 1905/2291/1872 
f 1930/2333/1897 1923/2326/1890 1925/2328/1892 1931/2334/1898 
f 1930/2333/1897 1931/2334/1898 1932/2335/1899 1913/2305/1880 
s 4
f 1517/1743/1484 1445/1664/1412 1293/1502/1260 1292/1501/1259 
f 1445/1664/1412 1444/1663/1411 1569/1807/1536 1293/1502/1260 
f 1444/1663/1411 1694/1975/1661 1570/1808/1537 1569/1807/1536 
s 1
f 1694/2325/1661 1922/2324/1889 1916/2313/1883 1570/2312/1537 
s 4
f 1933/2336/1900 1922/2324/1889 1913/2305/1880 1932/2335/1899 
f 1922/2324/1889 1933/2336/1900 1934/2337/1901 1916/2313/1883 
s 2
f 1935/2338/1902 1929/2332/1896 1905/2291/1872 1921/2322/1888 
s 8
f 1936/2339/1903 1935/2338/1902 1921/2322/1888 1918/2316/1885 
s 4
f 1937/2340/1904 1936/2339/1903 1918/2316/1885 1911/2301/1878 
f 1937/2340/1904 1911/2301/1878 1910/2300/1877 1938/2341/1905 
f 1939/2342/1906 1938/2341/1905 1910/2300/1877 1909/2298/1876 
f 1940/2343/1907 1941/2344/1908 1942/2345/1909 1943/2346/1910 
f 1917/2314/1884 1944/2347/1911 1945/2348/1912 1919/2318/1886 
f 1916/2313/1883 1934/2337/1901 1944/2347/1911 1917/2314/1884 
s 2
f 1909/2298/1876 1908/2297/1875 1941/2344/1908 
s 1
f 1924/2327/1891 1946/2349/1913 1947/2350/1914 1925/2328/1892 
f 1926/2329/1893 1948/2351/1915 1946/2349/1913 1924/2327/1891 
f 1927/2330/1894 1949/2352/1916 1948/2351/1915 1926/2329/1893 
f 1950/2353/1917 1949/2352/1916 1927/2330/1894 1928/2331/1895 
f 1951/2354/1918 1950/2353/1917 1928/2331/1895 1929/2332/1896 
f 1925/2328/1892 1947/2350/1914 1952/2355/1919 1931/2334/1898 
f 1931/2334/1898 1952/2355/1919 1953/2356/1920 1932/2335/1899 
f 1932/2335/1899 1953/2356/1920 1954/2357/1921 1933/2336/1900 
f 1954/2357/1921 1955/2358/1922 1934/2337/1901 1933/2336/1900 
f 1956/2359/1923 1951/2354/1918 1929/2332/1896 1935/2338/1902 
s 16
f 1957/2360/1924 1956/2359/1923 1935/2338/1902 1936/2339/1903 
f 1958/2361/1925 1957/2360/1924 1936/2339/1903 1937/2340/1904 
f 1959/2362/1926 1958/2361/1925 1937/2340/1904 1938/2341/1905 
f 1960/2363/1927 1959/2362/1926 1938/2341/1905 1939/2342/1906 
s 2
f 1961/2364/1928 1962/2365/1929 1963/2366/1930 1945/2348/1912 
s 1
f 1944/2347/1911 1964/2367/1931 1961/2364/1928 1945/2348/1912 
f 1955/2358/1922 1964/2367/1931 1944/2347/1911 1934/2337/1901 
s 4
f 1965/2368/1932 1919/2318/1886 1945/2348/1912 1963/2366/1930 
s 2
f 1965/2368/1932 1920/2320/1887 1919/2318/1886 
f 1940/2343/1907 1966/2369/1933 1960/2363/1927 1939/2342/1906 
f 1967/2370/1934 1943/2346/1910 1963/2366/1930 1962/2365/1929 
s 4
f 1939/2342/1906 1909/2298/1876 1941/2344/1908 1940/2343/1907 
s 2
f 1941/2344/1908 1908/2297/1875 1942/2345/1909 
s 4
f 1943/2346/1910 1942/2345/1909 1965/2368/1932 1963/2366/1930 
s 2
f 1942/2345/1909 1908/2297/1875 1920/2320/1887 1965/2368/1932 
f 1943/2346/1910 1967/2370/1934 1966/2369/1933 1940/2343/1907 
s 4
f 1968/2371/1935 1952/2355/1919 1947/2350/1914 1946/2349/1913 
f 1969/2372/1936 1968/2371/1935 1946/2349/1913 1948/2351/1915 
f 1949/2352/1916 1970/2373/1937 1969/2372/1936 1948/2351/1915 
f 1950/2353/1917 1971/2374/1938 1970/2373/1937 1949/2352/1916 
f 1951/2354/1918 1956/2359/1923 1971/2374/1938 1950/2353/1917 
f 1956/2359/1923 1957/2360/1924 1972/2375/1939 1971/2374/1938 
f 1971/2374/1938 1972/2375/1939 1973/2376/1940 1970/2373/1937 
f 1970/2373/1937 1973/2376/1940 1974/2377/1941 1969/2372/1936 
f 1974/2377/1941 1975/2378/1942 1968/2371/1935 1969/2372/1936 
f 1975/2378/1942 1953/2356/1920 1952/2355/1919 1968/2371/1935 
f 1976/2379/1943 1977/2380/1944 1958/2361/1925 1959/2362/1926 
f 1964/2367/1931 1955/2358/1922 1978/2381/1945 1979/2382/1946 
f 1980/2383/1947 1981/2384/1947 1977/2380/1944 1976/2379/1943 
f 1979/2382/1946 1978/2381/1945 1981/2384/1947 1980/2383/1947 
s 2
f 1698/1982/1665 1868/2218/1835 1880/2243/1847 
f 1870/2221/1837 1868/2218/1835 1877/2234/1844 1871/2222/1838 
f 1880/2243/1847 1868/2218/1835 1870/2221/1837 
f 1877/2234/1844 1868/2218/1835 1873/2225/1840 1872/2224/1839 
f 1873/2225/1840 1868/2218/1835 1874/2228/1841 1876/2232/1843 
f 1874/2228/1841 1868/2218/1835 1875/2229/1842 
f 1878/2237/1845 1868/2218/1835 1879/2239/1846 
f 1879/2239/1846 1868/2218/1835 1657/1921/1624 
f 1875/2229/1842 1868/2218/1835 1878/2237/1845 
f 1894/2264/1861 1900/2281/1867 1500/1721/1467 1895/2268/1862 
f 1890/2257/1857 1900/2281/1867 1894/2264/1861 1893/2263/1860 
f 1899/2277/1866 1900/2281/1867 1890/2257/1857 1889/2256/1856 
f 1892/2261/1859 1900/2281/1867 1899/2277/1866 1898/2276/1865 
f 1896/2271/1863 1900/2281/1867 1892/2261/1859 1891/2260/1858 
s 1
f 862/1011/862 1256/1465/1223 1672/1940/1639 1002/1206/1000 
s 2
f 1003/1207/1001 562/604/562 1595/1207/1562 
s 4
f 1977/2380/1944 1982/2385/1948 1957/2360/1924 1958/2361/1925 
f 1959/2362/1926 1960/2363/1927 1966/2369/1933 1976/2379/1943 
f 1955/2358/1922 1954/2357/1921 1983/2386/1949 1978/2381/1945 
f 1964/2367/1931 1979/2382/1946 1962/2365/1929 1961/2364/1928 
f 1981/2384/1947 1984/2387/1950 1982/2385/1948 1977/2380/1944 
f 1976/2379/1943 1966/2369/1933 1967/2370/1934 1980/2383/1947 
f 1978/2381/1945 1983/2386/1949 1984/2387/1950 1981/2384/1947 
f 1980/2383/1947 1967/2370/1934 1962/2365/1929 1979/2382/1946 
s 2
f 1912/2304/1879 1923/2326/1890 1930/2333/1897 1913/2305/1880 
s 4
f 1954/2357/1921 1953/2356/1920 1975/2378/1942 1983/2386/1949 
f 1983/2386/1949 1975/2378/1942 1974/2377/1941 1984/2387/1950 
f 1984/2387/1950 1974/2377/1941 1973/2376/1940 1982/2385/1948 
f 1982/2385/1948 1973/2376/1940 1972/2375/1939 
f 1982/2385/1948 1972/2375/1939 1957/2360/1924 
s 1
f 1985/2388/1951 1986/2389/1952 1987/2390/1953 1988/2391/1954 
s 2
f 1989/2392/1955 1990/2393/1011 1991/2394/1011 1987/2390/1953 
f 1992/2395/1010 1993/2396/1010 1986/2389/1952 1985/2388/1951 
s 1
f 1986/2389/1952 1994/2397/1956 1989/2392/1955 1987/2390/1953 
s 2
f 1991/2394/1011 1995/2398/1011 1988/2391/1954 1987/2390/1953 
f 1993/2396/1010 1996/2399/1010 1994/2397/1956 1986/2389/1952 
s 1
f 1997/2400/1951 1998/2401/1952 1999/2402/1953 2000/2403/1954 
s 2
f 2001/2404/1957 2002/2405/1011 2003/2406/1011 1999/2402/1953 
f 2004/2407/1010 2005/2408/1010 1998/2401/1952 1997/2400/1951 
s 1
f 1998/2401/1952 2006/2409/1956 2001/2404/1957 1999/2402/1953 
s 2
f 2003/2406/1011 2007/2410/1011 2000/2403/1954 1999/2402/1953 
f 2005/2408/1010 2008/2411/1010 2006/2409/1956 1998/2401/1952 
s 1
f 2009/2412/1958 2010/2413/1959 2011/2414/1960 2012/2415/1961 
s 2
f 2013/2416/1962 2014/2417/1011 2015/2418/1011 2011/2414/1960 
f 2016/2419/1010 2017/2420/1010 2010/2413/1959 2009/2412/1958 
s 1
f 2010/2413/1959 2018/2421/1963 2013/2416/1962 2011/2414/1960 
s 2
f 2011/2414/1960 2015/2418/1011 2019/2422/1011 2012/2415/1961 
f 2017/2420/1010 2020/2423/1010 2018/2421/1963 2010/2413/1959 
s 1
f 2021/2424/1958 2022/2425/1959 2023/2426/1960 2024/2427/1961 
s 2
f 2025/2428/1964 2026/2429/1011 2027/2430/1011 2023/2426/1960 
f 2028/2431/1010 2029/2432/1010 2022/2425/1959 2021/2424/1958 
s 1
f 2022/2425/1959 2030/2433/1965 2025/2428/1964 2023/2426/1960 
s 2
f 2023/2426/1960 2027/2430/1011 2031/2434/1011 2024/2427/1961 
f 2029/2432/1010 2032/2435/1010 2030/2433/1965 2022/2425/1959 
s 1
f 2033/2436/1966 2034/2437/1967 2035/2438/1968 2036/2439/1969 
f 2034/2437/1967 2037/2440/1970 2038/2441/1971 2035/2438/1968 
s 2
f 2037/2440/1970 2039/2442/1972 2040/2443/1973 2038/2441/1971 
f 2040/2443/1973 2039/2442/1972 2041/2444/1974 2042/2445/1975 
s 1
f 2042/2445/1975 2041/2444/1974 2043/2446/1976 2044/2447/1977 
f 2043/2446/1976 2045/2448/1978 2046/2449/1979 2044/2447/1977 
f 2047/2450/1980 2036/2439/1969 2035/2438/1968 2048/2451/1981 
f 2035/2438/1968 2038/2441/1971 2049/2452/1982 2048/2451/1981 
s 2
f 2038/2441/1971 2040/2443/1973 2050/2453/1983 2049/2452/1982 
f 2050/2453/1983 2040/2443/1973 2042/2445/1975 2051/2454/1984 
s 1
f 2042/2445/1975 2044/2447/1977 2052/2455/1985 2051/2454/1984 
f 2044/2447/1977 2046/2449/1979 2053/2456/1986 2052/2455/1985 
f 2054/2457/1987 2055/2458/1988 2056/2459/1989 2057/2460/1990 
f 2058/2461/1991 2059/2462/1992 2055/2458/1988 2054/2457/1987 
s 2
f 2060/2463/1993 2061/2464/1994 2059/2462/1992 2058/2461/1991 
f 2060/2463/1993 2062/2465/1995 2063/2466/1996 2061/2464/1994 
s 1
f 2062/2465/1995 2064/2467/1997 2065/2468/1998 2063/2466/1996 
f 2066/2469/1999 2067/2470/2000 2065/2468/1998 2064/2467/1997 
f 2047/2450/1980 2048/2451/1981 2054/2457/1987 2057/2460/1990 
f 2049/2452/1982 2058/2461/1991 2054/2457/1987 2048/2451/1981 
s 2
f 2050/2453/1983 2060/2463/1993 2058/2461/1991 2049/2452/1982 
f 2050/2453/1983 2051/2454/1984 2062/2465/1995 2060/2463/1993 
s 1
f 2052/2455/1985 2064/2467/1997 2062/2465/1995 2051/2454/1984 
f 2053/2456/1986 2066/2469/1999 2064/2467/1997 2052/2455/1985 
f 2068/2471/2001 2069/2472/2002 2070/2473/2002 2071/2474/2001 
s 2
f 2069/2472/2002 2072/2475/2003 2073/2476/2003 2070/2473/2002 
s 1
f 2072/2475/2003 2074/2477/2004 2075/2478/2004 2073/2476/2003 
f 2076/2479/2005 2077/2480/2005 2078/2481/2005 2079/2482/2005 
f 2080/2483/2005 2076/2479/2005 2079/2482/2005 2081/2484/2005 
f 2077/2480/2005 2076/2479/2005 2082/2485/1010 2083/2486/1010 
f 2076/2479/2005 2080/2483/2005 2084/2487/1010 2082/2485/1010 
f 2085/2488/2006 2086/2489/2006 2087/2490/2006 2088/2491/2006 
f 2089/2492/2006 2090/2493/2006 2088/2491/2006 2087/2490/2006 
f 2086/2489/2006 2091/2494/1011 2092/2495/1011 2087/2490/2006 
f 2087/2490/2006 2092/2495/1011 2093/2496/1011 2089/2492/2006 
f 2094/2497/2007 2095/2498/2008 2096/2499/2009 2097/2500/2010 
f 2097/2500/2010 2096/2499/2009 2098/2501/2011 2099/2502/2012 
f 2100/2503/2013 2099/2502/2012 2098/2501/2011 2101/2504/2014 
f 2099/2502/2012 2100/2503/2013 2102/2505/2015 2103/2506/2016 
f 2104/2507/2017 2099/2502/2012 2103/2506/2016 2105/2508/2018 
f 2097/2500/2010 2099/2502/2012 2104/2507/2017 2106/2509/2019 
f 2102/2505/2015 2107/2510/2020 2108/2511/2021 2103/2506/2016 
f 2108/2511/2021 2109/2512/2022 2105/2508/2018 2103/2506/2016 
f 2106/2509/2019 2104/2507/2017 2110/2513/2023 2111/2514/2024 
f 2109/2512/2022 2112/2515/2025 2113/2516/2026 2105/2508/2018 
f 2105/2508/2018 2113/2516/2026 2114/2517/2027 2104/2507/2017 
f 2110/2513/2023 2104/2507/2017 2114/2517/2027 2115/2518/2028 
f 2101/2504/2014 2116/2519/2029 2117/2520/2030 2100/2503/2013 
f 2117/2520/2030 2118/2521/2031 2102/2505/2015 2100/2503/2013 
f 2118/2521/2031 2119/2522/2032 2107/2510/2020 2102/2505/2015 
f 2117/2520/2030 2116/2519/2029 2120/2523/2033 2121/2524/2034 
f 2121/2524/2034 2120/2523/2033 2122/2525/2035 2123/2526/2036 
f 2123/2526/2036 2122/2525/2035 2124/2527/2037 2125/2528/2038 
f 2126/2529/2039 2121/2524/2034 2123/2526/2036 2127/2530/2040 
f 2117/2520/2030 2121/2524/2034 2128/2531/2041 2118/2521/2031 
f 2128/2531/2041 2121/2524/2034 2126/2529/2039 2129/2532/2042 
f 2125/2528/2038 2130/2533/2043 2127/2530/2040 2123/2526/2036 
f 2127/2530/2040 2131/2534/2044 2132/2535/2045 2126/2529/2039 
f 2126/2529/2039 2132/2535/2045 2133/2536/2046 2129/2532/2042 
f 2130/2533/2043 2134/2537/2047 2131/2534/2044 2127/2530/2040 
f 2134/2537/2047 2135/2538/2048 2136/2539/2049 2131/2534/2044 
f 2131/2534/2044 2136/2539/2049 2137/2540/2050 2132/2535/2045 
f 2132/2535/2045 2137/2540/2050 2138/2541/2051 2133/2536/2046 
f 2139/2542/2052 2138/2541/2051 2137/2540/2050 2140/2543/2053 
f 2141/2544/2054 2138/2541/2051 2139/2542/2052 2142/2545/2055 
f 2133/2536/2046 2138/2541/2051 2143/2546/2056 2144/2547/2057 
f 2145/2548/2058 2143/2546/2056 2138/2541/2051 2141/2544/2054 
f 2144/2547/2057 2146/2549/2059 2129/2532/2042 2133/2536/2046 
f 2146/2549/2059 2147/2550/2060 2128/2531/2041 2129/2532/2042 
f 2147/2550/2060 2119/2522/2032 2118/2521/2031 2128/2531/2041 
f 2135/2538/2048 2148/2551/2061 2149/2552/2062 2136/2539/2049 
f 2136/2539/2049 2149/2552/2062 2140/2543/2053 2137/2540/2050 
f 2150/2553/2063 2141/2544/2054 2142/2545/2055 2151/2554/2064 
f 2152/2555/2065 2145/2548/2058 2141/2544/2054 2150/2553/2063 
f 2151/2554/2064 2153/2556/2066 2154/2557/2067 2150/2553/2063 
f 2150/2553/2063 2154/2557/2067 2155/2558/2068 2152/2555/2065 
f 2153/2556/2066 2156/2559/2069 2157/2560/2070 2154/2557/2067 
f 2154/2557/2067 2157/2560/2070 2158/2561/2071 2155/2558/2068 
f 2124/2527/2037 2159/2562/2072 2160/2563/2073 2125/2528/2038 
f 2160/2563/2073 2161/2564/2074 2130/2533/2043 2125/2528/2038 
f 2161/2564/2074 2162/2565/2075 2134/2537/2047 2130/2533/2043 
f 2162/2565/2075 2163/2566/2076 2135/2538/2048 2134/2537/2047 
f 2163/2566/2076 2164/2567/2077 2148/2551/2061 2135/2538/2048 
f 2165/2568/2078 2094/2497/2007 2097/2500/2010 2106/2509/2019 
f 2165/2568/2078 2106/2509/2019 2111/2514/2024 2166/2569/2079 
f 2094/2497/2007 2167/2570/2080 2168/2571/2081 2095/2498/2008 
f 2169/2572/2082 2167/2570/2080 2094/2497/2007 2165/2568/2078 
f 2170/2573/2083 2169/2572/2082 2165/2568/2078 2166/2569/2079 
f 2171/2574/2084 2172/2575/2085 2113/2516/2026 2112/2515/2025 
f 2172/2575/2085 2173/2576/2086 2114/2517/2027 2113/2516/2026 
f 2173/2576/2086 2174/2577/2087 2115/2518/2028 2114/2517/2027 
f 2175/2578/2088 2176/2579/2089 2177/2580/2090 2178/2581/2091 
f 2179/2582/2092 2177/2580/2090 2176/2579/2089 2180/2583/2093 
f 2181/2584/2094 2182/2585/2095 2179/2582/2092 2180/2583/2093 
f 2183/2586/2096 2181/2584/2094 2180/2583/2093 2184/2587/2097 
f 2185/2588/2098 2186/2589/2099 2184/2587/2097 2180/2583/2093 
f 2176/2579/2089 2187/2590/2100 2185/2588/2098 2180/2583/2093 
f 2183/2586/2096 2184/2587/2097 2188/2591/2101 2189/2592/2102 
f 2186/2589/2099 2190/2593/2103 2188/2591/2101 2184/2587/2097 
f 2191/2594/2104 2185/2588/2098 2187/2590/2100 2192/2595/2105 
f 2190/2593/2103 2186/2589/2099 2193/2596/2106 2194/2597/2107 
f 2186/2589/2099 2185/2588/2098 2195/2598/2108 2193/2596/2106 
f 2195/2598/2108 2185/2588/2098 2191/2594/2104 2196/2599/2109 
f 2182/2585/2095 2181/2584/2094 2197/2600/2110 2198/2601/2111 
f 2183/2586/2096 2199/2602/2112 2197/2600/2110 2181/2584/2094 
f 2189/2592/2102 2200/2603/2113 2199/2602/2112 2183/2586/2096 
f 2201/2604/2114 2198/2601/2111 2197/2600/2110 2202/2605/2115 
f 2203/2606/2116 2201/2604/2114 2202/2605/2115 2204/2607/2117 
f 2205/2608/2118 2203/2606/2116 2204/2607/2117 2206/2609/2119 
f 2207/2610/2120 2208/2611/2121 2204/2607/2117 2202/2605/2115 
f 2209/2612/2122 2202/2605/2115 2197/2600/2110 2199/2602/2112 
f 2209/2612/2122 2210/2613/2123 2207/2610/2120 2202/2605/2115 
f 2206/2609/2119 2204/2607/2117 2208/2611/2121 2211/2614/2124 
f 2208/2611/2121 2207/2610/2120 2212/2615/2125 2213/2616/2126 
f 2207/2610/2120 2210/2613/2123 2214/2617/2127 2212/2615/2125 
f 2211/2614/2124 2208/2611/2121 2213/2616/2126 2215/2618/2128 
f 2215/2618/2128 2213/2616/2126 2216/2619/2129 2217/2620/2130 
f 2213/2616/2126 2212/2615/2125 2218/2621/2131 2216/2619/2129 
f 2212/2615/2125 2214/2617/2127 2219/2622/2132 2218/2621/2131 
f 2220/2623/2133 2221/2624/2134 2218/2621/2131 2219/2622/2132 
f 2222/2625/2135 2223/2626/2136 2220/2623/2133 2219/2622/2132 
f 2224/2627/2137 2219/2622/2132 2214/2617/2127 2225/2628/2138 
f 2226/2629/2139 2222/2625/2135 2219/2622/2132 2224/2627/2137 
f 2210/2613/2123 2227/2630/2140 2225/2628/2138 2214/2617/2127 
f 2209/2612/2122 2228/2631/2141 2227/2630/2140 2210/2613/2123 
f 2199/2602/2112 2200/2603/2113 2228/2631/2141 2209/2612/2122 
f 2217/2620/2130 2216/2619/2129 2229/2632/2142 2230/2633/2143 
f 2216/2619/2129 2218/2621/2131 2221/2624/2134 2229/2632/2142 
f 2231/2634/2144 2232/2635/2145 2223/2626/2136 2222/2625/2135 
f 2233/2636/2146 2231/2634/2144 2222/2625/2135 2226/2629/2139 
f 2232/2635/2145 2231/2634/2144 2234/2637/2147 2235/2638/2148 
f 2231/2634/2144 2233/2636/2146 2236/2639/2149 2234/2637/2147 
f 2235/2638/2148 2234/2637/2147 2237/2640/2150 2238/2641/2151 
f 2234/2637/2147 2236/2639/2149 2239/2642/2152 2237/2640/2150 
f 2205/2608/2118 2206/2609/2119 2160/2563/2073 2159/2562/2072 
f 2211/2614/2124 2161/2564/2074 2160/2563/2073 2206/2609/2119 
f 2215/2618/2128 2162/2565/2075 2161/2564/2074 2211/2614/2124 
f 2217/2620/2130 2163/2566/2076 2162/2565/2075 2215/2618/2128 
f 2230/2633/2143 2164/2567/2077 2163/2566/2076 2217/2620/2130 
f 2240/2643/2153 2187/2590/2100 2176/2579/2089 2175/2578/2088 
f 2192/2595/2105 2187/2590/2100 2240/2643/2153 2241/2644/2154 
f 2175/2578/2088 2178/2581/2091 2168/2571/2081 2167/2570/2080 
f 2175/2578/2088 2167/2570/2080 2169/2572/2082 2240/2643/2153 
f 2240/2643/2153 2169/2572/2082 2170/2573/2083 2241/2644/2154 
f 2193/2596/2106 2242/2645/2155 2243/2646/2156 2194/2597/2107 
f 2195/2598/2108 2244/2647/2157 2242/2645/2155 2193/2596/2106 
f 2196/2599/2109 2245/2648/2158 2244/2647/2157 2195/2598/2108 
f 2246/2649/2159 2247/2650/2160 2248/2651/2161 2249/2652/2162 
f 2250/2653/2163 2251/2654/2164 2247/2650/2160 2246/2649/2159 
f 2246/2649/2159 2252/2655/2165 2253/2656/2166 2254/2657/2167 
s 2
f 2249/2652/2162 2255/2658/2168 2252/2655/2165 2246/2649/2159 
s 1
f 2246/2649/2159 2254/2657/2167 2256/2659/2169 2250/2653/2163 
f 2254/2657/2167 2257/2660/2170 2258/2661/2171 2256/2659/2169 
f 2259/2662/2172 2260/2663/2173 2257/2660/2170 2254/2657/2167 
f 2253/2656/2166 2261/2664/2174 2259/2662/2172 2254/2657/2167 
f 2262/2665/2175 2263/2666/2176 2264/2667/2177 2265/2668/2178 
f 2264/2667/2177 2266/2669/2179 2267/2670/2180 2265/2668/2178 
f 2265/2668/2178 2268/2671/2181 2269/2672/2182 2262/2665/2175 
f 2270/2673/2183 2271/2674/2184 2267/2670/2180 2266/2669/2179 
f 2272/2675/2185 2273/2676/2186 2270/2673/2183 2266/2669/2179 
f 2274/2677/2187 2275/2678/2188 2276/2679/2189 2277/2680/2190 
f 2278/2681/2191 2279/2682/2192 2275/2678/2188 2274/2677/2187 
s 2
f 2274/2677/2187 2261/2683/2174 2253/2684/2166 2278/2681/2191 
s 1
f 2280/2685/2193 2281/2686/2194 2282/2687/2195 2283/2688/2196 
f 2282/2687/2195 2284/2689/2197 2279/2682/2192 2283/2688/2196 
f 2283/2688/2196 2279/2682/2192 2278/2681/2191 2285/2690/2198 
f 2285/2690/2198 2286/2691/2199 2287/2692/2200 2283/2688/2196 
f 2283/2688/2196 2287/2692/2200 2288/2693/2201 2280/2685/2193 
s 2
f 2289/2694/2202 2290/2695/2203 2291/2696/2204 2292/2697/2205 
f 2292/2697/2205 2293/2698/2206 2294/2699/2207 2289/2694/2202 
f 2292/2697/2205 2291/2696/2204 2295/2700/2208 2296/2701/2209 
f 2297/2702/2210 2298/2703/2211 2299/2704/2212 2300/2705/2213 
f 2300/2705/2213 2291/2696/2204 2290/2695/2203 2297/2702/2210 
f 2301/2706/2214 2295/2700/2208 2291/2696/2204 2300/2705/2213 
s 4
f 2301/2706/2214 2302/2707/2215 2268/2708/2181 2265/2709/2178 
s 8
f 2265/2668/2178 2267/2670/2180 2295/2710/2208 2301/2711/2214 
s 2
f 2301/2706/2214 2300/2705/2213 2303/2712/2216 2302/2707/2215 
f 2303/2712/2216 2300/2705/2213 2299/2704/2212 2304/2713/2217 
f 2304/2713/2217 2299/2704/2212 2305/2714/2218 2306/2715/2219 
f 2305/2714/2218 2307/2716/2220 2308/2717/2221 2306/2715/2219 
s 4
f 2308/2718/2221 2307/2719/2220 2309/2720/2222 2310/2721/2223 
f 2310/2721/2223 2309/2720/2222 2311/2722/2224 2312/2723/2225 
s 1
f 2312/2723/2225 2311/2722/2224 2313/2724/2226 2314/2725/2227 
f 2314/2725/2227 2313/2724/2226 2262/2665/2175 2269/2672/2182 
f 2311/2722/2224 2315/2726/2228 2316/2727/2229 2313/2724/2226 
f 2313/2724/2226 2316/2727/2229 2263/2666/2176 2262/2665/2175 
f 2315/2726/2228 2317/2728/2230 2318/2729/2231 2316/2727/2229 
f 2316/2727/2229 2318/2729/2231 2319/2730/2232 2263/2666/2176 
f 2319/2730/2232 2318/2729/2231 2251/2654/2164 2250/2653/2163 
f 2250/2653/2163 2256/2659/2169 2320/2731/2233 2319/2730/2232 
f 2320/2731/2233 2264/2667/2177 2263/2666/2176 2319/2730/2232 
f 2256/2659/2169 2258/2661/2171 2321/2732/2234 2320/2731/2233 
f 2321/2732/2234 2266/2669/2179 2264/2667/2177 2320/2731/2233 
f 2321/2732/2234 2258/2661/2171 2322/2733/2235 2323/2734/2236 
f 2321/2732/2234 2323/2734/2236 2272/2675/2185 2266/2669/2179 
f 2323/2734/2236 2322/2733/2235 2324/2735/2237 2325/2736/2238 
f 2323/2734/2236 2325/2736/2238 2326/2737/2239 2272/2675/2185 
f 2327/2738/2240 2273/2676/2186 2272/2675/2185 2326/2737/2239 
s 4
f 2325/2739/2238 2328/2740/2241 2329/2741/2242 2326/2742/2239 
f 2326/2742/2239 2329/2741/2242 2330/2743/2243 2327/2744/2240 
f 2331/2745/2244 2332/2746/2245 2327/2744/2240 2330/2743/2243 
f 2329/2741/2242 2333/2747/2246 2334/2748/2247 2330/2743/2243 
s 1
f 2330/2743/2243 2334/2748/2247 2335/2749/2248 2331/2745/2244 
s 8
f 2334/2748/2247 2293/2698/2206 2336/2750/2249 2335/2749/2248 
f 2293/2698/2206 2292/2697/2205 2337/2751/2250 2336/2750/2249 
f 2337/2751/2250 2292/2697/2205 2296/2701/2209 2338/2752/2251 
s 1
f 2338/2753/2251 2296/2754/2209 2271/2674/2184 2339/2755/2252 
f 2339/2755/2252 2271/2674/2184 2270/2673/2183 2340/2756/2253 
f 2270/2673/2183 2273/2676/2186 2341/2757/2254 2340/2756/2253 
f 2341/2757/2254 2273/2676/2186 2327/2738/2240 2332/2758/2245 
s 16
f 2333/2747/2246 2294/2699/2207 2293/2698/2206 2334/2748/2247 
s 4
f 2333/2747/2246 2329/2741/2242 2328/2740/2241 2342/2759/2255 
f 2342/2759/2255 2343/2760/2256 2294/2699/2207 2333/2747/2246 
f 2342/2759/2255 2344/2761/2257 2345/2762/2258 2343/2760/2256 
s 2
f 2345/2762/2258 2346/2763/2259 2347/2764/2260 2343/2760/2256 
f 2343/2760/2256 2347/2764/2260 2289/2694/2202 2294/2699/2207 
f 2347/2764/2260 2346/2763/2259 2284/2689/2197 2348/2765/2261 
f 2347/2764/2260 2348/2765/2261 2290/2695/2203 2289/2694/2202 
f 2284/2689/2197 2282/2687/2195 2349/2766/2262 2348/2765/2261 
f 2348/2765/2261 2349/2766/2262 2297/2702/2210 2290/2695/2203 
f 2282/2687/2195 2281/2686/2194 2350/2767/2263 2349/2766/2262 
f 2349/2766/2262 2350/2767/2263 2298/2703/2211 2297/2702/2210 
f 2281/2686/2194 2351/2768/2264 2352/2769/2265 2350/2767/2263 
f 2352/2769/2265 2353/2770/2266 2298/2703/2211 2350/2767/2263 
f 2353/2770/2266 2305/2714/2218 2299/2704/2212 2298/2703/2211 
s 4
f 2353/2770/2266 2352/2769/2265 2354/2771/2267 2355/2772/2268 
s 1
f 2355/2772/2268 2307/2716/2220 2305/2714/2218 2353/2770/2266 
s 4
f 2355/2773/2268 2354/2774/2267 2356/2775/2269 2357/2776/2270 
f 2357/2776/2270 2309/2720/2222 2307/2719/2220 2355/2773/2268 
f 2357/2776/2270 2356/2775/2269 2317/2728/2230 2315/2726/2228 
f 2315/2726/2228 2311/2722/2224 2309/2720/2222 2357/2776/2270 
f 2356/2775/2269 2354/2774/2267 2358/2777/2271 2359/2778/2272 
f 2359/2778/2272 2360/2779/2273 2317/2728/2230 2356/2775/2269 
f 2360/2779/2273 2359/2778/2272 2361/2780/2274 2362/2781/2275 
s 1
f 2362/2781/2275 2247/2650/2160 2251/2654/2164 2360/2779/2273 
f 2360/2779/2273 2251/2654/2164 2318/2729/2231 2317/2728/2230 
s 4
f 2362/2781/2275 2361/2780/2274 2363/2782/2276 2364/2783/2277 
s 1
f 2364/2783/2277 2248/2651/2161 2247/2650/2160 2362/2781/2275 
s 4
f 2361/2780/2274 2365/2784/2278 2366/2785/2279 2363/2782/2276 
s 2
f 2366/2786/2279 2365/2787/2278 2367/2788/2280 2368/2789/2281 
s 1
f 2367/2788/2280 2280/2685/2193 2288/2693/2201 2368/2789/2281 
f 2351/2768/2264 2281/2686/2194 2280/2685/2193 2367/2788/2280 
s 4
f 2367/2788/2280 2365/2787/2278 2358/2790/2271 2351/2768/2264 
f 2365/2784/2278 2361/2780/2274 2359/2778/2272 2358/2777/2271 
f 2354/2771/2267 2352/2769/2265 2351/2768/2264 2358/2790/2271 
s 1
f 2345/2762/2258 2276/2679/2189 2275/2678/2188 2346/2763/2259 
f 2346/2763/2259 2275/2678/2188 2279/2682/2192 2284/2689/2197 
s 4
f 2344/2761/2257 2369/2791/2282 2276/2679/2189 2345/2762/2258 
f 2369/2791/2282 2344/2761/2257 2370/2792/2283 2371/2793/2284 
s 2
f 2371/2793/2284 2372/2794/2285 2373/2795/2286 2369/2791/2282 
s 1
f 2369/2791/2282 2373/2795/2286 2277/2680/2190 2276/2679/2189 
s 8
f 2372/2794/2285 2374/2796/2287 2375/2797/2288 2373/2795/2286 
f 2373/2795/2286 2375/2797/2288 2376/2798/2289 2277/2680/2190 
f 2377/2799/2290 2274/2677/2187 2277/2680/2190 2376/2798/2289 
s 4
f 2377/2799/2290 2378/2800/2291 2261/2683/2174 2274/2677/2187 
s 1
f 2378/2801/2291 2379/2802/2292 2259/2662/2172 2261/2664/2174 
f 2379/2802/2292 2380/2803/2293 2260/2663/2173 2259/2662/2172 
f 2380/2803/2293 2381/2804/2294 2382/2805/2295 2260/2663/2173 
f 2382/2805/2295 2383/2806/2296 2257/2660/2170 2260/2663/2173 
f 2382/2805/2295 2381/2804/2294 2384/2807/2297 2385/2808/2298 
f 2385/2808/2298 2386/2809/2299 2383/2806/2296 2382/2805/2295 
f 2386/2809/2299 2324/2735/2237 2322/2733/2235 2383/2806/2296 
s 4
f 2386/2810/2299 2385/2811/2298 2372/2794/2285 2371/2793/2284 
f 2371/2793/2284 2370/2792/2283 2324/2812/2237 2386/2810/2299 
f 2385/2811/2298 2384/2813/2297 2374/2796/2287 2372/2794/2285 
s 1
f 2383/2806/2296 2322/2733/2235 2258/2661/2171 2257/2660/2170 
s 4
f 2370/2792/2283 2328/2740/2241 2325/2739/2238 2324/2812/2237 
f 2344/2761/2257 2342/2759/2255 2328/2740/2241 2370/2792/2283 
s 1
f 2296/2754/2209 2295/2710/2208 2267/2670/2180 2271/2674/2184 
s 4
f 2286/2691/2199 2285/2690/2198 2252/2814/2165 2255/2815/2168 
s 8
f 2285/2690/2198 2278/2681/2191 2253/2684/2166 2252/2814/2165 
s 1
f 2387/2816/2300 2388/2817/2301 2389/2818/2302 2390/2819/2303 
s 2
f 2389/2818/2302 2391/2820/2304 2392/2821/2305 2390/2819/2303 
s 1
f 2393/2822/2306 2394/2823/2307 2387/2816/2300 2390/2819/2303 
s 2
f 2392/2821/2305 2395/2824/2308 2393/2822/2306 2390/2819/2303 
f 2396/2825/2309 2397/2826/2310 2393/2822/2306 2395/2824/2308 
s 1
f 2392/2827/2305 2398/2828/2311 2399/2829/2312 2395/2830/2308 
f 2399/2829/2312 2400/2831/2313 2396/2832/2309 2395/2830/2308 
f 2401/2833/2314 2402/2834/2315 2396/2832/2309 2400/2831/2313 
s 2
f 2399/2829/2312 2403/2835/2316 2404/2836/2317 2400/2831/2313 
f 2404/2836/2317 2405/2837/2318 2401/2833/2314 2400/2831/2313 
f 2406/2838/2319 2407/2839/2320 2401/2833/2314 2405/2837/2318 
s 4
f 2404/2840/2317 2408/2841/2321 2409/2842/2322 2405/2843/2318 
f 2409/2842/2322 2410/2844/2323 2406/2845/2319 2405/2843/2318 
f 2411/2846/2324 2412/2847/2325 2406/2845/2319 2410/2844/2323 
s 1
f 2409/2842/2322 2413/2848/2326 2414/2849/2327 2410/2844/2323 
f 2414/2849/2327 2415/2850/2328 2411/2846/2324 2410/2844/2323 
f 2416/2851/2329 2417/2852/2330 2411/2846/2324 2415/2850/2328 
s 2
f 2414/2849/2327 2418/2853/2331 2419/2854/2332 2415/2850/2328 
f 2419/2854/2332 2420/2855/2333 2416/2851/2329 2415/2850/2328 
f 2421/2856/2334 2422/2857/2335 2416/2851/2329 2420/2855/2333 
s 1
f 2419/2858/2332 2423/2859/2336 2424/2860/2337 2420/2861/2333 
f 2424/2860/2337 2425/2862/2338 2421/2863/2334 2420/2861/2333 
f 2426/2864/2339 2427/2865/2340 2421/2863/2334 2425/2862/2338 
s 2
f 2424/2860/2337 2428/2866/2341 2429/2867/2342 2425/2862/2338 
f 2429/2867/2342 2430/2868/2343 2426/2864/2339 2425/2862/2338 
f 2431/2869/2344 2432/2870/2345 2426/2864/2339 2430/2868/2343 
s 4
f 2429/2867/2342 2433/2871/2346 2434/2872/2347 2430/2868/2343 
f 2434/2872/2347 2435/2873/2348 2431/2869/2344 2430/2868/2343 
f 2436/2874/2349 2437/2875/2350 2431/2869/2344 2435/2873/2348 
s 1
f 2434/2876/2347 2438/2877/2351 2439/2878/2352 2435/2879/2348 
f 2439/2878/2352 2440/2880/2353 2436/2881/2349 2435/2879/2348 
f 2441/2882/2354 2442/2883/2355 2436/2881/2349 2440/2880/2353 
s 2
f 2439/2878/2352 2443/2884/2356 2444/2885/2357 2440/2880/2353 
f 2444/2885/2357 2445/2886/2358 2441/2882/2354 2440/2880/2353 
f 2446/2887/2359 2447/2888/2360 2441/2882/2354 2445/2886/2358 
s 1
f 2444/2889/2357 2448/2890/2361 2449/2891/2362 2445/2892/2358 
f 2449/2891/2362 2450/2893/2363 2446/2894/2359 2445/2892/2358 
f 2451/2895/2364 2452/2896/2365 2446/2894/2359 2450/2893/2363 
s 2
f 2449/2891/2362 2453/2897/2366 2454/2898/2367 2450/2893/2363 
f 2454/2898/2367 2455/2899/2368 2451/2895/2364 2450/2893/2363 
f 2456/2900/2369 2457/2901/2370 2451/2895/2364 2455/2899/2368 
s 4
f 2454/2898/2367 2458/2902/2371 2459/2903/2372 2455/2899/2368 
f 2459/2903/2372 2460/2904/2373 2456/2900/2369 2455/2899/2368 
f 2461/2905/2374 2462/2906/2375 2456/2900/2369 2460/2904/2373 
s 1
f 2459/2907/2372 2463/2908/2376 2464/2909/2377 2460/2910/2373 
f 2464/2909/2377 2465/2911/2378 2461/2912/2374 2460/2910/2373 
f 2466/2913/2379 2467/2914/2380 2461/2912/2374 2465/2911/2378 
s 2
f 2464/2909/2377 2468/2915/2381 2469/2916/2382 2465/2911/2378 
f 2469/2916/2382 2470/2917/2383 2466/2913/2379 2465/2911/2378 
f 2471/2918/2384 2472/2919/2385 2466/2913/2379 2470/2917/2383 
s 1
f 2469/2920/2382 2473/2921/2386 2474/2922/2387 2470/2923/2383 
f 2474/2922/2387 2475/2924/2388 2471/2925/2384 2470/2923/2383 
f 2476/2926/2389 2477/2927/2390 2471/2925/2384 2475/2924/2388 
s 2
f 2474/2922/2387 2478/2928/2391 2479/2929/2392 2475/2924/2388 
f 2479/2929/2392 2480/2930/2393 2476/2926/2389 2475/2924/2388 
f 2481/2931/2394 2482/2932/2395 2476/2926/2389 2480/2930/2393 
s 4
f 2479/2929/2392 2483/2933/2396 2484/2934/2397 2480/2930/2393 
f 2484/2934/2397 2388/2935/2301 2481/2931/2394 2480/2930/2393 
s 1
f 2483/2936/2396 2472/2919/2385 2485/2937/2398 2484/2938/2397 
f 2484/2938/2397 2485/2937/2398 2389/2818/2302 2388/2817/2301 
s 2
f 2472/2919/2385 2471/2918/2384 2477/2939/2390 2485/2937/2398 
f 2477/2939/2390 2391/2820/2304 2389/2818/2302 2485/2937/2398 
s 4
f 2479/2929/2392 2478/2928/2391 2467/2940/2380 2483/2933/2396 
s 1
f 2467/2914/2380 2466/2913/2379 2472/2919/2385 2483/2936/2396 
f 2398/2828/2311 2392/2827/2305 2391/2941/2304 2482/2932/2395 
f 2391/2941/2304 2477/2927/2390 2476/2926/2389 2482/2932/2395 
s 2
f 2481/2931/2394 2486/2942/2399 2398/2828/2311 2482/2932/2395 
f 2403/2835/2316 2399/2829/2312 2398/2828/2311 2486/2942/2399 
s 4
f 2481/2931/2394 2388/2935/2301 2387/2943/2300 2486/2942/2399 
f 2387/2816/2300 2394/2823/2307 2403/2944/2316 2486/2945/2399 
s 2
f 2474/2922/2387 2473/2921/2386 2462/2906/2375 2478/2928/2391 
s 4
f 2462/2906/2375 2461/2905/2374 2467/2940/2380 2478/2928/2391 
s 1
f 2469/2920/2382 2468/2946/2381 2457/2901/2370 2473/2921/2386 
s 2
f 2457/2901/2370 2456/2900/2369 2462/2906/2375 2473/2921/2386 
f 2464/2909/2377 2463/2908/2376 2452/2947/2365 2468/2915/2381 
s 1
f 2452/2896/2365 2451/2895/2364 2457/2901/2370 2468/2946/2381 
f 2459/2907/2372 2458/2948/2371 2447/2888/2360 2463/2908/2376 
s 2
f 2447/2888/2360 2446/2887/2359 2452/2947/2365 2463/2908/2376 
s 4
f 2454/2898/2367 2453/2897/2366 2442/2949/2355 2458/2902/2371 
s 1
f 2442/2883/2355 2441/2882/2354 2447/2888/2360 2458/2948/2371 
s 2
f 2449/2891/2362 2448/2890/2361 2437/2875/2350 2453/2897/2366 
s 4
f 2437/2875/2350 2436/2874/2349 2442/2949/2355 2453/2897/2366 
s 1
f 2444/2889/2357 2443/2950/2356 2432/2870/2345 2448/2890/2361 
s 2
f 2432/2870/2345 2431/2869/2344 2437/2875/2350 2448/2890/2361 
f 2439/2878/2352 2438/2877/2351 2427/2951/2340 2443/2884/2356 
s 1
f 2427/2865/2340 2426/2864/2339 2432/2870/2345 2443/2950/2356 
f 2434/2876/2347 2433/2952/2346 2422/2857/2335 2438/2877/2351 
s 2
f 2422/2857/2335 2421/2856/2334 2427/2951/2340 2438/2877/2351 
s 4
f 2429/2867/2342 2428/2866/2341 2417/2953/2330 2433/2871/2346 
s 1
f 2417/2852/2330 2416/2851/2329 2422/2857/2335 2433/2952/2346 
s 2
f 2424/2860/2337 2423/2859/2336 2412/2954/2325 2428/2866/2341 
s 4
f 2412/2954/2325 2411/2955/2324 2417/2953/2330 2428/2866/2341 
s 1
f 2419/2858/2332 2418/2956/2331 2407/2839/2320 2423/2859/2336 
s 2
f 2407/2839/2320 2406/2838/2319 2412/2954/2325 2423/2859/2336 
f 2414/2849/2327 2413/2848/2326 2402/2957/2315 2418/2853/2331 
s 1
f 2402/2834/2315 2401/2833/2314 2407/2839/2320 2418/2956/2331 
f 2409/2842/2322 2408/2841/2321 2397/2826/2310 2413/2848/2326 
s 2
f 2397/2826/2310 2396/2825/2309 2402/2957/2315 2413/2848/2326 
s 4
f 2404/2840/2317 2403/2944/2316 2394/2823/2307 2408/2841/2321 
s 1
f 2408/2841/2321 2394/2823/2307 2393/2822/2306 2397/2826/2310 
f 2487/2958/2400 2488/2959/2401 2489/2960/2402 2490/2961/2403 
s 2
f 2491/2962/2404 2492/2963/2405 2488/2959/2401 2487/2958/2400 
f 2491/2962/2404 2493/2964/2406 2494/2965/2407 2492/2963/2405 
f 2494/2965/2407 2495/2966/2408 2496/2967/2409 2492/2963/2405 
f 2496/2967/2409 2497/2968/2410 2488/2959/2401 2492/2963/2405 
f 2496/2967/2409 2498/2969/2411 2499/2970/2412 2497/2968/2410 
s 1
f 2499/2970/2412 2500/2971/2413 2501/2972/2414 2497/2968/2410 
f 2501/2972/2414 2489/2960/2402 2488/2959/2401 2497/2968/2410 
s 2
f 2500/2971/2413 2502/2973/2415 2503/2974/2416 2501/2972/2414 
f 2503/2974/2416 2504/2975/2417 2489/2960/2402 2501/2972/2414 
f 2504/2975/2417 2505/2976/2418 2490/2961/2403 2489/2960/2402 
s 1
f 2503/2974/2416 2506/2977/2419 2507/2978/2420 2504/2975/2417 
f 2507/2978/2420 2508/2979/2421 2505/2976/2418 2504/2975/2417 
s 2
f 2508/2979/2421 2507/2978/2420 2509/2980/2422 2510/2981/2423 
s 1
f 2510/2981/2423 2509/2980/2422 2511/2982/2424 2512/2983/2425 
s 2
f 2511/2982/2424 2513/2984/2426 2514/2985/2427 2512/2983/2425 
f 2513/2986/2426 2515/2987/2428 2516/2988/2429 2514/2989/2427 
f 2515/2987/2428 2517/2990/2430 2518/2991/2431 2516/2988/2429 
s 1
f 2517/2990/2430 2519/2992/2432 2520/2993/2433 2518/2991/2431 
f 2519/2992/2432 2521/2994/2434 2522/2995/2435 2520/2993/2433 
s 2
f 2521/2994/2434 2523/2996/2436 2524/2997/2437 2522/2995/2435 
s 1
f 2523/2996/2436 2494/2965/2407 2493/2964/2406 2524/2997/2437 
s 2
f 2523/2996/2436 2521/2994/2434 2525/2998/2438 2526/2999/2439 
s 1
f 2526/2999/2439 2495/2966/2408 2494/2965/2407 2523/2996/2436 
s 2
f 2525/2998/2438 2527/3000/2440 2528/3001/2441 2526/2999/2439 
s 1
f 2528/3001/2441 2529/3002/2442 2495/2966/2408 2526/2999/2439 
s 2
f 2498/2969/2411 2496/2967/2409 2495/2966/2408 2529/3002/2442 
s 1
f 2525/2998/2438 2530/3003/2443 2531/3004/2444 2527/3000/2440 
f 2530/3003/2443 2532/3005/2445 2533/3006/2446 2531/3004/2444 
s 2
f 2532/3005/2445 2534/3007/2447 2535/3008/2448 2533/3006/2446 
f 2534/3007/2447 2536/3009/2449 2537/3010/2450 2535/3008/2448 
f 2536/3011/2449 2538/3012/2451 2539/3013/2452 2537/3014/2450 
s 1
f 2538/3012/2451 2540/3015/2453 2541/3016/2454 2539/3013/2452 
s 2
f 2540/3015/2453 2506/2977/2419 2542/3017/2455 2541/3016/2454 
s 1
f 2506/2977/2419 2503/2974/2416 2502/2973/2415 2542/3017/2455 
s 2
f 2509/2980/2422 2507/2978/2420 2506/2977/2419 2540/3015/2453 
s 1
f 2538/3012/2451 2511/2982/2424 2509/2980/2422 2540/3015/2453 
s 2
f 2536/3011/2449 2513/2984/2426 2511/2982/2424 2538/3012/2451 
f 2534/3007/2447 2515/2987/2428 2513/2986/2426 2536/3009/2449 
f 2532/3005/2445 2517/2990/2430 2515/2987/2428 2534/3007/2447 
s 1
f 2530/3003/2443 2519/2992/2432 2517/2990/2430 2532/3005/2445 
f 2525/2998/2438 2521/2994/2434 2519/2992/2432 2530/3003/2443 
f 2543/3018/2456 2544/3019/2457 2545/3020/2458 2546/3021/2459 
f 2547/3022/2460 2548/3023/2461 2545/3020/2458 2544/3019/2457 
f 2548/3023/2461 2547/3022/2460 2549/3024/2462 2550/3025/2463 
f 2550/3025/2463 2549/3024/2462 2551/3026/2464 2552/3027/2465 
f 2546/3021/2459 2553/3028/2466 2554/3029/2467 2543/3018/2456 
f 2555/3030/2468 2556/3031/2469 2557/3032/2470 2558/3033/2471 
f 2553/3028/2466 2559/3034/2472 2555/3030/2468 2554/3029/2467 
f 2555/3030/2468 2558/3033/2471 2554/3029/2467 
f 2556/3031/2469 2555/3030/2468 2559/3034/2472 2560/3035/2473 
f 2561/3036/2474 2562/3037/2475 2563/3038/2476 2564/3039/2477 
s 2
f 2564/3039/2477 2563/3038/2476 2565/3040/2478 2566/3041/2479 
s 1
f 2563/3038/2476 2567/3042/2480 2568/3043/2481 2565/3040/2478 
f 2547/3044/2460 2567/3042/2480 2563/3038/2476 2549/3045/2462 
f 2569/3046/2482 2570/3047/2483 2568/3043/2481 2567/3042/2480 
f 2569/3046/2482 2567/3042/2480 2547/3044/2460 2544/3048/2457 
f 2571/3049/2484 2569/3046/2482 2544/3048/2457 2543/3050/2456 
f 2543/3050/2456 2554/3051/2467 2572/3052/2485 2571/3049/2484 
f 2573/3053/2486 2572/3052/2485 2554/3051/2467 2558/3054/2471 
f 2574/3055/2487 2573/3053/2486 2575/3056/2488 2576/3057/2489 
f 2557/3058/2470 2575/3056/2488 2573/3053/2486 2558/3054/2471 
s 2
f 2577/3059/2490 2575/3060/2488 2557/3061/2470 2556/3062/2469 
f 2578/3063/2491 2577/3059/2490 2556/3062/2469 2560/3064/2473 
f 2579/3065/2492 2564/3039/2477 2566/3041/2479 2580/3066/2493 
f 2566/3041/2479 2565/3040/2478 2581/3067/2494 2580/3066/2493 
f 2568/3043/2481 2570/3047/2483 2582/3068/2495 2583/3069/2496 
s 4
f 2565/3040/2478 2568/3043/2481 2583/3069/2496 2581/3067/2494 
s 2
f 2584/3070/2497 2585/3071/2498 2582/3068/2495 2570/3047/2483 
s 1
f 2570/3047/2483 2569/3046/2482 2571/3049/2484 2584/3070/2497 
f 2586/3072/2499 2587/3073/2500 2585/3071/2498 2584/3070/2497 
f 2586/3072/2499 2584/3070/2497 2571/3049/2484 2572/3052/2485 
f 2586/3072/2499 2572/3052/2485 2573/3053/2486 2574/3055/2487 
f 2560/3035/2473 2559/3034/2472 2588/3074/2501 2589/3075/2502 
f 2590/3076/2503 2588/3074/2501 2559/3034/2472 2553/3028/2466 
f 2591/3077/2504 2590/3076/2503 2553/3028/2466 2546/3021/2459 
f 2546/3021/2459 2545/3020/2458 2592/3078/2505 2591/3077/2504 
s 2
f 2577/3059/2490 2593/3079/2506 2576/3080/2489 2575/3060/2488 
f 2594/3081/2507 2593/3079/2506 2577/3059/2490 2578/3063/2491 
s 1
f 2587/3073/2500 2586/3072/2499 2574/3055/2487 2595/3082/2508 
s 2
f 2580/3066/2493 2581/3067/2494 2596/3083/2509 2597/3084/2510 
s 1
f 2598/3085/2511 2596/3083/2509 2581/3067/2494 2583/3069/2496 
s 4
f 2599/3086/2512 2600/3087/2513 2582/3068/2495 2585/3071/2498 
s 8
f 2583/3069/2496 2582/3068/2495 2600/3087/2513 2598/3085/2511 
s 4
f 2601/3088/2514 2602/3089/2515 2599/3086/2512 2585/3071/2498 
f 2600/3087/2513 2599/3086/2512 2603/3090/2516 2604/3091/2517 
s 8
f 2605/3092/2518 2590/3093/2503 2591/3094/2504 2606/3095/2519 
f 2606/3095/2519 2591/3094/2504 2592/3096/2505 2607/3097/2520 
f 2608/3098/2521 2609/3099/2522 2589/3100/2502 2588/3101/2501 
s 2
f 2589/3102/2502 2609/3103/2522 2578/3063/2491 2560/3064/2473 
s 8
f 2608/3098/2521 2588/3101/2501 2590/3093/2503 2605/3092/2518 
f 2609/3099/2522 2608/3098/2521 2610/3104/2523 2611/3105/2524 
s 2
f 2611/3106/2524 2594/3081/2507 2578/3063/2491 2609/3103/2522 
s 8
f 2612/3107/2525 2610/3104/2523 2608/3098/2521 2605/3092/2518 
f 2606/3095/2519 2613/3108/2526 2612/3107/2525 2605/3092/2518 
f 2614/3109/2527 2613/3108/2526 2606/3095/2519 2607/3097/2520 
s 1
f 2595/3082/2508 2574/3055/2487 2576/3057/2489 2615/3110/2528 
s 2
f 2593/3079/2506 2594/3081/2507 2616/3111/2529 2617/3112/2530 
f 2593/3079/2506 2617/3112/2530 2615/3113/2528 2576/3080/2489 
f 2618/3114/2531 2616/3111/2529 2594/3081/2507 2611/3106/2524 
s 4
f 2619/3115/2532 2620/3116/2533 2610/3104/2523 2612/3107/2525 
s 8
f 2620/3116/2533 2618/3117/2531 2611/3105/2524 2610/3104/2523 
s 4
f 2612/3107/2525 2613/3108/2526 2621/3118/2534 2619/3115/2532 
f 2622/3119/2535 2621/3118/2534 2613/3108/2526 2614/3109/2527 
f 2623/3120/2536 2604/3091/2517 2603/3090/2516 2624/3121/2537 
f 2624/3121/2537 2603/3090/2516 2599/3086/2512 2602/3089/2515 
s 2
f 2600/3087/2513 2604/3091/2517 2625/3122/2538 2598/3085/2511 
f 2626/3123/2539 2627/3124/2540 2625/3122/2538 2628/3125/2541 
f 2627/3124/2540 2596/3083/2509 2598/3085/2511 2625/3122/2538 
f 2596/3083/2509 2627/3124/2540 2626/3123/2539 2597/3084/2510 
f 2629/3126/2542 2628/3125/2541 2630/3127/2543 2631/3128/2544 
s 4
f 2622/3119/2535 2630/3127/2543 2632/3129/2545 2633/3130/2546 
f 2632/3129/2545 2630/3127/2543 2604/3091/2517 2623/3120/2536 
s 2
f 2604/3091/2517 2630/3127/2543 2628/3125/2541 2625/3122/2538 
s 4
f 2630/3127/2543 2622/3119/2535 2614/3109/2527 2631/3128/2544 
s 2
f 2634/3131/2547 2635/3132/2548 2629/3126/2542 2631/3128/2544 
f 2628/3125/2541 2629/3126/2542 2635/3132/2548 2626/3123/2539 
s 8
f 2636/3133/2549 2637/3134/2550 2634/3131/2547 2631/3128/2544 
f 2607/3097/2520 2636/3133/2549 2631/3128/2544 2614/3109/2527 
f 2637/3134/2550 2636/3133/2549 2638/3135/2551 2639/3136/2552 
s 1
f 2592/3078/2505 2545/3020/2458 2548/3023/2461 2638/3137/2551 
s 8
f 2636/3133/2549 2607/3097/2520 2592/3096/2505 2638/3135/2551 
s 1
f 2552/3027/2465 2640/3138/2553 2641/3139/2554 2550/3025/2463 
f 2638/3137/2551 2548/3023/2461 2550/3025/2463 2641/3139/2554 
s 8
f 2640/3140/2553 2642/3141/2555 2643/3142/2556 2641/3143/2554 
f 2641/3143/2554 2643/3142/2556 2639/3136/2552 2638/3135/2551 
s 1
f 2640/3144/2553 2552/3145/2465 2644/3146/2557 2645/3147/2558 
f 2551/3148/2464 2549/3045/2462 2646/3149/2559 2647/3150/2560 
f 2647/3150/2560 2644/3146/2557 2552/3145/2465 2551/3148/2464 
f 2549/3045/2462 2563/3038/2476 2562/3037/2475 2646/3149/2559 
s 4
f 2587/3073/2500 2648/3151/2561 2649/3152/2562 2585/3071/2498 
f 2587/3073/2500 2595/3082/2508 2650/3153/2563 2648/3151/2561 
f 2602/3089/2515 2601/3088/2514 2651/3154/2564 2652/3155/2565 
f 2601/3088/2514 2585/3071/2498 2649/3152/2562 2651/3154/2564 
f 2615/3110/2528 2653/3156/2566 2650/3153/2563 2595/3082/2508 
f 2616/3111/2529 2654/3157/2567 2655/3158/2568 2617/3112/2530 
f 2617/3112/2530 2655/3158/2568 2653/3159/2566 2615/3113/2528 
f 2616/3111/2529 2618/3114/2531 2656/3160/2569 2654/3157/2567 
f 2619/3115/2532 2657/3161/2570 2658/3162/2571 2620/3116/2533 
f 2620/3116/2533 2658/3162/2571 2656/3163/2569 2618/3117/2531 
f 2621/3118/2534 2659/3164/2572 2657/3161/2570 2619/3115/2532 
f 2621/3118/2534 2622/3119/2535 2660/3165/2573 2659/3164/2572 
f 2624/3121/2537 2661/3166/2574 2662/3167/2575 2623/3120/2536 
f 2624/3121/2537 2602/3089/2515 2652/3155/2565 2661/3166/2574 
f 2633/3130/2546 2632/3129/2545 2663/3168/2576 2664/3169/2577 
f 2633/3130/2546 2664/3169/2577 2660/3165/2573 2622/3119/2535 
f 2623/3120/2536 2662/3167/2575 2663/3168/2576 2632/3129/2545 
f 2665/3170/2578 2666/3171/2579 2649/3172/2562 2648/3173/2561 
f 2651/3174/2564 2649/3172/2562 2666/3171/2579 2652/3175/2565 
f 2648/3173/2561 2667/3176/2580 2665/3170/2578 
f 2648/3173/2561 2668/3177/2581 2667/3176/2580 
f 2650/3178/2563 2669/3179/2582 2668/3177/2581 2648/3173/2561 
f 2653/3180/2566 2655/3181/2568 2669/3179/2582 2650/3178/2563 
f 2656/3182/2569 2658/3183/2571 2670/3184/2583 2654/3185/2567 
f 2670/3184/2583 2658/3183/2571 2657/3186/2570 2671/3187/2584 
f 2671/3187/2584 2657/3186/2570 2659/3188/2572 2672/3189/2580 
f 2672/3189/2580 2659/3188/2572 2660/3190/2573 2673/3191/2585 
f 2673/3191/2585 2660/3190/2573 2664/3192/2577 2674/3193/2586 
f 2674/3193/2586 2664/3192/2577 2663/3194/2576 2662/3195/2575 
f 2654/3185/2567 2670/3184/2583 2669/3179/2582 2655/3181/2568 
f 2669/3179/2582 2670/3184/2583 2671/3187/2584 2668/3177/2581 
f 2668/3177/2581 2671/3187/2584 2672/3189/2580 2667/3176/2580 
f 2667/3176/2580 2672/3189/2580 2673/3191/2585 2665/3170/2578 
f 2665/3170/2578 2673/3191/2585 2675/3196/2587 2666/3171/2579 
f 2666/3171/2579 2675/3196/2587 2661/3197/2574 2652/3175/2565 
f 2661/3197/2574 2675/3196/2587 2674/3193/2586 2662/3195/2575 
f 2674/3193/2586 2675/3196/2587 2673/3191/2585 
s 2
f 2676/3198/2588 2579/3065/2492 2580/3066/2493 2597/3084/2510 
f 2677/3199/2589 2676/3198/2588 2597/3084/2510 2678/3200/2590 
f 2678/3200/2590 2597/3084/2510 2626/3123/2539 
s 1
f 2564/3039/2477 2579/3065/2492 2679/3201/2591 2561/3036/2474 
s 2
f 2635/3132/2548 2634/3131/2547 2680/3202/2592 2681/3203/2593 
f 2626/3123/2539 2635/3132/2548 2681/3203/2593 2682/3204/2594 
s 8
f 2637/3134/2550 2683/3205/2595 2680/3202/2592 2634/3131/2547 
f 2639/3136/2552 2684/3206/2596 2683/3205/2595 2637/3134/2550 
f 2642/3141/2555 2685/3207/2597 2686/3208/2598 2643/3142/2556 
f 2643/3142/2556 2686/3208/2598 2684/3206/2596 2639/3136/2552 
s 1
f 2676/3198/2588 2687/3209/2599 2679/3201/2591 2579/3065/2492 
s 2
f 2677/3199/2589 2678/3200/2590 2688/3210/2600 2689/3211/2601 
s 1
f 2677/3199/2589 2689/3211/2601 2687/3209/2599 2676/3198/2588 
s 2
f 2678/3200/2590 2626/3123/2539 2682/3204/2594 2688/3210/2600 
s 1
f 2642/3212/2555 2640/3144/2553 2645/3147/2558 2685/3213/2597 
f 2561/3036/2474 2690/3214/2602 2691/3215/2603 2562/3037/2475 
f 2644/3146/2557 2692/3216/2604 2693/3217/2605 2645/3147/2558 
f 2646/3149/2559 2694/3218/2606 2695/3219/2607 2647/3150/2560 
f 2647/3150/2560 2695/3219/2607 2692/3216/2604 2644/3146/2557 
f 2562/3037/2475 2691/3215/2603 2694/3218/2606 2646/3149/2559 
f 2679/3201/2591 2696/3220/2608 2690/3214/2602 2561/3036/2474 
s 2
f 2681/3203/2593 2680/3202/2592 2697/3221/2609 2698/3222/2610 
f 2682/3204/2594 2681/3203/2593 2698/3222/2610 2699/3223/2611 
s 8
f 2680/3202/2592 2683/3205/2595 2700/3224/2612 2697/3221/2609 
f 2684/3206/2596 2701/3225/2613 2700/3224/2612 2683/3205/2595 
f 2685/3207/2597 2702/3226/2614 2703/3227/2615 2686/3208/2598 
f 2686/3208/2598 2703/3227/2615 2701/3225/2613 2684/3206/2596 
s 1
f 2687/3209/2599 2704/3228/2616 2696/3220/2608 2679/3201/2591 
s 2
f 2689/3211/2601 2688/3210/2600 2705/3229/2617 2706/3230/2618 
s 1
f 2689/3211/2601 2706/3230/2618 2704/3228/2616 2687/3209/2599 
s 2
f 2688/3210/2600 2682/3204/2594 2699/3223/2611 2705/3229/2617 
s 1
f 2645/3147/2558 2693/3217/2605 2702/3231/2614 2685/3213/2597 
f 2707/3018/2619 2708/3021/2620 2709/3020/2621 2710/3019/2622 
f 2711/3022/2623 2710/3019/2622 2709/3020/2621 2712/3023/2624 
f 2712/3023/2624 2713/3025/2625 2714/3024/2626 2711/3022/2623 
f 2713/3025/2625 2715/3027/2627 2716/3026/2628 2714/3024/2626 
f 2708/3021/2620 2707/3018/2619 2717/3029/2629 2718/3028/2630 
f 2719/3030/2631 2720/3033/2632 2721/3032/2633 2722/3031/2634 
f 2718/3028/2630 2717/3029/2629 2719/3030/2631 2723/3034/2635 
f 2719/3030/2631 2717/3029/2629 2720/3033/2632 
f 2722/3031/2634 2724/3035/2636 2723/3034/2635 2719/3030/2631 
f 2725/3036/2637 2726/3039/2638 2727/3038/2639 2728/3037/2640 
s 2
f 2726/3039/2638 2729/3041/2641 2730/3040/2642 2727/3038/2639 
s 1
f 2727/3038/2639 2730/3040/2642 2731/3043/2643 2732/3042/2644 
f 2711/3044/2623 2714/3045/2626 2727/3038/2639 2732/3042/2644 
f 2733/3046/2645 2732/3042/2644 2731/3043/2643 2734/3047/2646 
f 2733/3046/2645 2710/3048/2622 2711/3044/2623 2732/3042/2644 
f 2735/3049/2647 2707/3050/2619 2710/3048/2622 2733/3046/2645 
f 2707/3050/2619 2735/3049/2647 2736/3052/2648 2717/3051/2629 
f 2737/3053/2649 2720/3054/2632 2717/3051/2629 2736/3052/2648 
f 2738/3055/2650 2739/3057/2651 2740/3056/2652 2737/3053/2649 
f 2721/3058/2633 2720/3054/2632 2737/3053/2649 2740/3056/2652 
s 2
f 2741/3059/2653 2722/3062/2634 2721/3061/2633 2740/3060/2652 
f 2742/3063/2654 2724/3064/2636 2722/3062/2634 2741/3059/2653 
f 2743/3065/2655 2744/3066/2656 2729/3041/2641 2726/3039/2638 
f 2729/3041/2641 2744/3066/2656 2745/3067/2657 2730/3040/2642 
f 2731/3043/2643 2746/3069/2658 2747/3068/2659 2734/3047/2646 
s 4
f 2730/3040/2642 2745/3067/2657 2746/3069/2658 2731/3043/2643 
s 2
f 2748/3070/2660 2734/3047/2646 2747/3068/2659 2749/3071/2661 
s 1
f 2734/3047/2646 2748/3070/2660 2735/3049/2647 2733/3046/2645 
f 2750/3072/2662 2748/3070/2660 2749/3071/2661 2751/3073/2663 
f 2750/3072/2662 2736/3052/2648 2735/3049/2647 2748/3070/2660 
f 2750/3072/2662 2738/3055/2650 2737/3053/2649 2736/3052/2648 
f 2724/3035/2636 2752/3075/2664 2753/3074/2665 2723/3034/2635 
f 2754/3076/2666 2718/3028/2630 2723/3034/2635 2753/3074/2665 
f 2755/3077/2667 2708/3021/2620 2718/3028/2630 2754/3076/2666 
f 2708/3021/2620 2755/3077/2667 2756/3078/2668 2709/3020/2621 
s 2
f 2741/3059/2653 2740/3060/2652 2739/3080/2651 2757/3079/2669 
f 2758/3081/2670 2742/3063/2654 2741/3059/2653 2757/3079/2669 
s 1
f 2751/3073/2663 2759/3082/2671 2738/3055/2650 2750/3072/2662 
s 2
f 2744/3066/2656 2760/3084/2672 2761/3083/2673 2745/3067/2657 
s 1
f 2762/3085/2674 2746/3069/2658 2745/3067/2657 2761/3083/2673 
s 4
f 2763/3086/2675 2749/3071/2661 2747/3068/2659 2764/3087/2676 
s 8
f 2746/3069/2658 2762/3085/2674 2764/3087/2676 2747/3068/2659 
s 4
f 2765/3088/2677 2749/3071/2661 2763/3086/2675 2766/3089/2678 
f 2764/3087/2676 2767/3091/2679 2768/3090/2680 2763/3086/2675 
s 8
f 2769/3092/2681 2770/3095/2682 2755/3094/2667 2754/3093/2666 
f 2770/3095/2682 2771/3097/2683 2756/3096/2668 2755/3094/2667 
f 2772/3098/2684 2753/3101/2665 2752/3100/2664 2773/3099/2685 
s 2
f 2752/3102/2664 2724/3064/2636 2742/3063/2654 2773/3103/2685 
s 8
f 2772/3098/2684 2769/3092/2681 2754/3093/2666 2753/3101/2665 
f 2773/3099/2685 2774/3105/2686 2775/3104/2687 2772/3098/2684 
s 2
f 2774/3106/2686 2773/3103/2685 2742/3063/2654 2758/3081/2670 
s 8
f 2776/3107/2688 2769/3092/2681 2772/3098/2684 2775/3104/2687 
f 2770/3095/2682 2769/3092/2681 2776/3107/2688 2777/3108/2689 
f 2778/3109/2690 2771/3097/2683 2770/3095/2682 2777/3108/2689 
s 1
f 2759/3082/2671 2779/3110/2691 2739/3057/2651 2738/3055/2650 
s 2
f 2757/3079/2669 2780/3112/2692 2781/3111/2693 2758/3081/2670 
f 2757/3079/2669 2739/3080/2651 2779/3113/2691 2780/3112/2692 
f 2782/3114/2694 2774/3106/2686 2758/3081/2670 2781/3111/2693 
s 4
f 2783/3115/2695 2776/3107/2688 2775/3104/2687 2784/3116/2696 
s 8
f 2784/3116/2696 2775/3104/2687 2774/3105/2686 2782/3117/2694 
s 4
f 2776/3107/2688 2783/3115/2695 2785/3118/2697 2777/3108/2689 
f 2786/3119/2698 2778/3109/2690 2777/3108/2689 2785/3118/2697 
f 2787/3120/2699 2788/3121/2700 2768/3090/2680 2767/3091/2679 
f 2788/3121/2700 2766/3089/2678 2763/3086/2675 2768/3090/2680 
s 2
f 2764/3087/2676 2762/3085/2674 2789/3122/2701 2767/3091/2679 
f 2790/3123/2702 2791/3125/2703 2789/3122/2701 2792/3124/2704 
f 2792/3124/2704 2789/3122/2701 2762/3085/2674 2761/3083/2673 
f 2761/3083/2673 2760/3084/2672 2790/3123/2702 2792/3124/2704 
f 2793/3126/2705 2794/3128/2706 2795/3127/2707 2791/3125/2703 
s 4
f 2786/3119/2698 2796/3130/2708 2797/3129/2709 2795/3127/2707 
f 2797/3129/2709 2787/3120/2699 2767/3091/2679 2795/3127/2707 
s 2
f 2767/3091/2679 2789/3122/2701 2791/3125/2703 2795/3127/2707 
s 4
f 2795/3127/2707 2794/3128/2706 2778/3109/2690 2786/3119/2698 
s 2
f 2798/3131/2710 2794/3128/2706 2793/3126/2705 2799/3132/2711 
f 2791/3125/2703 2790/3123/2702 2799/3132/2711 2793/3126/2705 
s 8
f 2800/3133/2712 2794/3128/2706 2798/3131/2710 2801/3134/2713 
f 2771/3097/2683 2778/3109/2690 2794/3128/2706 2800/3133/2712 
f 2801/3134/2713 2802/3136/2714 2803/3135/2715 2800/3133/2712 
s 1
f 2756/3078/2668 2803/3137/2715 2712/3023/2624 2709/3020/2621 
s 8
f 2800/3133/2712 2803/3135/2715 2756/3096/2668 2771/3097/2683 
s 1
f 2715/3027/2627 2713/3025/2625 2804/3139/2716 2805/3138/2717 
f 2803/3137/2715 2804/3139/2716 2713/3025/2625 2712/3023/2624 
s 8
f 2805/3140/2717 2804/3143/2716 2806/3142/2718 2807/3141/2719 
f 2804/3143/2716 2803/3135/2715 2802/3136/2714 2806/3142/2718 
s 1
f 2805/3144/2717 2808/3147/2720 2809/3146/2721 2715/3145/2627 
f 2716/3148/2628 2810/3150/2722 2811/3149/2723 2714/3045/2626 
f 2810/3150/2722 2716/3148/2628 2715/3145/2627 2809/3146/2721 
f 2714/3045/2626 2811/3149/2723 2728/3037/2640 2727/3038/2639 
s 4
f 2751/3073/2663 2749/3071/2661 2812/3152/2724 2813/3151/2725 
f 2751/3073/2663 2813/3151/2725 2814/3153/2726 2759/3082/2671 
f 2766/3089/2678 2815/3155/2727 2816/3154/2728 2765/3088/2677 
f 2765/3088/2677 2816/3154/2728 2812/3152/2724 2749/3071/2661 
f 2779/3110/2691 2759/3082/2671 2814/3153/2726 2817/3156/2729 
f 2781/3111/2693 2780/3112/2692 2818/3158/2730 2819/3157/2731 
f 2780/3112/2692 2779/3113/2691 2817/3159/2729 2818/3158/2730 
f 2781/3111/2693 2819/3157/2731 2820/3160/2732 2782/3114/2694 
f 2783/3115/2695 2784/3116/2696 2821/3162/2733 2822/3161/2734 
f 2784/3116/2696 2782/3117/2694 2820/3163/2732 2821/3162/2733 
f 2785/3118/2697 2783/3115/2695 2822/3161/2734 2823/3164/2735 
f 2785/3118/2697 2823/3164/2735 2824/3165/2736 2786/3119/2698 
f 2788/3121/2700 2787/3120/2699 2825/3167/2737 2826/3166/2738 
f 2788/3121/2700 2826/3166/2738 2815/3155/2727 2766/3089/2678 
f 2796/3130/2708 2827/3169/2739 2828/3168/2740 2797/3129/2709 
f 2796/3130/2708 2786/3119/2698 2824/3165/2736 2827/3169/2739 
f 2787/3120/2699 2797/3129/2709 2828/3168/2740 2825/3167/2737 
f 2829/3170/2741 2813/3173/2725 2812/3172/2724 2830/3171/2742 
f 2816/3174/2728 2815/3175/2727 2830/3171/2742 2812/3172/2724 
f 2813/3173/2725 2829/3170/2741 2831/3176/2743 
f 2813/3173/2725 2831/3176/2743 2832/3177/2744 
f 2814/3178/2726 2813/3173/2725 2832/3177/2744 2833/3179/2745 
f 2817/3180/2729 2814/3178/2726 2833/3179/2745 2818/3181/2730 
f 2820/3182/2732 2819/3185/2731 2834/3184/2746 2821/3183/2733 
f 2834/3184/2746 2835/3187/2747 2822/3186/2734 2821/3183/2733 
f 2835/3187/2747 2836/3189/2743 2823/3188/2735 2822/3186/2734 
f 2836/3189/2743 2837/3191/2748 2824/3190/2736 2823/3188/2735 
f 2837/3191/2748 2838/3193/2749 2827/3192/2739 2824/3190/2736 
f 2838/3193/2749 2825/3195/2737 2828/3194/2740 2827/3192/2739 
f 2819/3185/2731 2818/3181/2730 2833/3179/2745 2834/3184/2746 
f 2833/3179/2745 2832/3177/2744 2835/3187/2747 2834/3184/2746 
f 2832/3177/2744 2831/3176/2743 2836/3189/2743 2835/3187/2747 
f 2831/3176/2743 2829/3170/2741 2837/3191/2748 2836/3189/2743 
f 2829/3170/2741 2830/3171/2742 2839/3196/2750 2837/3191/2748 
f 2830/3171/2742 2815/3175/2727 2826/3197/2738 2839/3196/2750 
f 2826/3197/2738 2825/3195/2737 2838/3193/2749 2839/3196/2750 
f 2838/3193/2749 2837/3191/2748 2839/3196/2750 
s 2
f 2840/3198/2751 2760/3084/2672 2744/3066/2656 2743/3065/2655 
f 2841/3199/2752 2842/3200/2753 2760/3084/2672 2840/3198/2751 
f 2842/3200/2753 2790/3123/2702 2760/3084/2672 
s 1
f 2726/3039/2638 2725/3036/2637 2843/3201/2754 2743/3065/2655 
s 2
f 2799/3132/2711 2844/3203/2755 2845/3202/2756 2798/3131/2710 
f 2790/3123/2702 2846/3204/2757 2844/3203/2755 2799/3132/2711 
s 8
f 2801/3134/2713 2798/3131/2710 2845/3202/2756 2847/3205/2758 
f 2802/3136/2714 2801/3134/2713 2847/3205/2758 2848/3206/2759 
f 2807/3141/2719 2806/3142/2718 2849/3208/2760 2850/3207/2761 
f 2806/3142/2718 2802/3136/2714 2848/3206/2759 2849/3208/2760 
s 1
f 2840/3198/2751 2743/3065/2655 2843/3201/2754 2851/3209/2762 
s 2
f 2841/3199/2752 2852/3211/2763 2853/3210/2764 2842/3200/2753 
s 1
f 2841/3199/2752 2840/3198/2751 2851/3209/2762 2852/3211/2763 
s 2
f 2842/3200/2753 2853/3210/2764 2846/3204/2757 2790/3123/2702 
s 1
f 2807/3212/2719 2850/3213/2761 2808/3147/2720 2805/3144/2717 
f 2725/3036/2637 2728/3037/2640 2854/3215/2603 2855/3214/2765 
f 2809/3146/2721 2808/3147/2720 2856/3217/2605 2857/3216/2604 
f 2811/3149/2723 2810/3150/2722 2858/3219/2607 2859/3218/2606 
f 2810/3150/2722 2809/3146/2721 2857/3216/2604 2858/3219/2607 
f 2728/3037/2640 2811/3149/2723 2859/3218/2606 2854/3215/2603 
f 2843/3201/2754 2725/3036/2637 2855/3214/2765 2860/3220/2608 
s 2
f 2844/3203/2755 2861/3222/2610 2862/3221/2766 2845/3202/2756 
f 2846/3204/2757 2863/3223/2611 2861/3222/2610 2844/3203/2755 
s 8
f 2845/3202/2756 2862/3221/2766 2864/3224/2767 2847/3205/2758 
f 2848/3206/2759 2847/3205/2758 2864/3224/2767 2865/3225/2768 
f 2850/3207/2761 2849/3208/2760 2866/3227/2769 2867/3226/2614 
f 2849/3208/2760 2848/3206/2759 2865/3225/2768 2866/3227/2769 
s 1
f 2851/3209/2762 2843/3201/2754 2860/3220/2608 2868/3228/2616 
s 2
f 2852/3211/2763 2869/3230/2618 2870/3229/2617 2853/3210/2764 
s 1
f 2852/3211/2763 2851/3209/2762 2868/3228/2616 2869/3230/2618 
s 2
f 2853/3210/2764 2870/3229/2617 2863/3223/2611 2846/3204/2757 
s 1
f 2808/3147/2720 2850/3213/2761 2867/3231/2614 2856/3217/2605 
f 2871/3232/2770 2872/3233/2771 2873/3234/2772 2874/3235/2773 
s 2
f 2875/3236/2774 2874/3235/2773 2873/3234/2772 2876/3237/2775 
s 1
f 2871/3232/2770 2874/3235/2773 2877/3238/2776 2878/3239/2777 
s 2
f 2874/3235/2773 2875/3236/2774 2879/3240/2778 2877/3238/2776 
s 4
f 2880/3241/2779 2881/3242/2780 2877/3238/2776 2879/3240/2778 
f 2882/3243/2781 2881/3242/2780 2880/3241/2779 2883/3244/2782 
s 1
f 2884/3245/2783 2882/3243/2781 2883/3244/2782 2885/3246/2784 
f 2886/3247/2785 2878/3239/2777 2877/3238/2776 2887/3248/2786 
s 4
f 2888/3249/2787 2873/3234/2772 2872/3233/2771 2889/3250/2788 
f 2888/3249/2787 2890/3251/2789 2876/3237/2775 2873/3234/2772 
f 2891/3252/2790 2892/3253/2791 2876/3237/2775 2890/3251/2789 
f 2893/3254/2792 2892/3253/2791 2891/3252/2790 2894/3255/2793 
f 2895/3256/2794 2896/3257/2795 2893/3254/2792 2894/3255/2793 
s 1
f 2897/3258/2796 2896/3257/2795 2895/3256/2794 2898/3259/2797 
s 4
f 2899/3260/2798 2888/3249/2787 2889/3250/2788 2900/3261/2799 
s 1
f 2898/3259/2797 2895/3256/2794 2901/3262/2800 2902/3263/2801 
s 4
f 2894/3255/2793 2903/3264/2802 2901/3262/2800 2895/3256/2794 
f 2891/3252/2790 2904/3265/2803 2903/3264/2802 2894/3255/2793 
f 2890/3251/2789 2905/3266/2804 2904/3265/2803 2891/3252/2790 
f 2890/3251/2789 2888/3249/2787 2899/3260/2798 2905/3266/2804 
s 1
f 2902/3263/2801 2901/3262/2800 2906/3267/2805 2907/3268/2806 
s 4
f 2901/3262/2800 2903/3264/2802 2908/3269/2807 2906/3267/2805 
f 2904/3265/2803 2909/3270/2808 2908/3269/2807 2903/3264/2802 
f 2905/3266/2804 2910/3271/2809 2909/3270/2808 2904/3265/2803 
f 2905/3266/2804 2899/3260/2798 2911/3272/2810 2910/3271/2809 
f 2900/3261/2799 2912/3273/2811 2911/3272/2810 2899/3260/2798 
s 1
f 2907/3268/2806 2906/3267/2805 2913/3274/2812 2914/3275/2813 
s 4
f 2906/3267/2805 2908/3269/2807 2915/3276/2814 2913/3274/2812 
f 2909/3270/2808 2916/3277/2815 2915/3276/2814 2908/3269/2807 
f 2910/3271/2809 2917/3278/2816 2916/3277/2815 2909/3270/2808 
f 2910/3271/2809 2911/3272/2810 2918/3279/2817 2917/3278/2816 
f 2912/3273/2811 2919/3280/2818 2918/3279/2817 2911/3272/2810 
s 1
f 2914/3281/2813 2913/3282/2812 2920/3283/2819 2921/3284/2820 
s 4
f 2915/3276/2814 2922/3285/2821 2920/3286/2819 2913/3274/2812 
f 2916/3277/2815 2923/3287/2822 2922/3285/2821 2915/3276/2814 
f 2917/3278/2816 2924/3288/2823 2923/3287/2822 2916/3277/2815 
f 2918/3279/2817 2925/3289/2824 2924/3288/2823 2917/3278/2816 
f 2919/3280/2818 2926/3290/2825 2925/3289/2824 2918/3279/2817 
f 2919/3280/2818 2927/3291/2826 2928/3292/2827 2926/3290/2825 
f 2912/3273/2811 2929/3293/2828 2927/3291/2826 2919/3280/2818 
f 2900/3261/2799 2930/3294/2829 2929/3293/2828 2912/3273/2811 
f 2900/3261/2799 2889/3250/2788 2931/3295/2830 2930/3294/2829 
f 2889/3250/2788 2872/3233/2771 2932/3296/2831 2931/3295/2830 
s 1
f 2871/3232/2770 2933/3297/2832 2932/3296/2831 2872/3233/2771 
f 2878/3239/2777 2934/3298/2833 2933/3297/2832 2871/3232/2770 
f 2878/3239/2777 2886/3247/2785 2935/3299/2834 2934/3298/2833 
f 2897/3258/2796 2898/3259/2797 2936/3300/2835 2937/3301/2836 
f 2898/3259/2797 2902/3263/2801 2938/3302/2837 2936/3300/2835 
f 2902/3303/2801 2907/3304/2806 2939/3305/2838 2938/3306/2837 
f 2907/3304/2806 2914/3281/2813 2940/3307/2839 2939/3305/2838 
f 2921/3284/2820 2941/3308/2840 2940/3307/2839 2914/3281/2813 
f 2942/3309/2841 2896/3257/2795 2897/3258/2796 2937/3301/2836 
s 2
f 2892/3253/2791 2943/3310/2842 2875/3236/2774 2876/3237/2775 
f 2943/3310/2842 2880/3241/2779 2879/3240/2778 2875/3236/2774 
s 8
f 2880/3241/2779 2943/3310/2842 2944/3311/2843 2883/3244/2782 
f 2943/3310/2842 2892/3253/2791 2893/3254/2792 2944/3311/2843 
s 2
f 2944/3311/2843 2945/3312/2844 2885/3246/2784 2883/3244/2782 
s 8
f 2893/3254/2792 2896/3257/2795 2945/3312/2844 2944/3311/2843 
s 1
f 2945/3312/2844 2946/3313/2845 2947/3314/2846 2885/3246/2784 
f 2896/3257/2795 2942/3309/2841 2946/3313/2845 2945/3312/2844 
f 2947/3314/2846 2948/3315/2847 2884/3245/2783 2885/3246/2784 
f 2949/3316/2848 2884/3245/2783 2948/3315/2847 2950/3317/2849 
s 2
f 2951/3318/2850 2949/3316/2848 2950/3317/2849 2952/3319/2851 
f 2953/3320/2852 2887/3248/2786 2951/3318/2850 2952/3319/2851 
s 8
f 2881/3242/2780 2951/3318/2850 2887/3248/2786 2877/3238/2776 
s 4
f 2953/3320/2852 2954/3321/2853 2886/3247/2785 2887/3248/2786 
s 2
f 2955/3322/2854 2956/3323/2855 2935/3299/2834 2886/3247/2785 
f 2949/3316/2848 2951/3318/2850 2881/3242/2780 2882/3243/2781 
s 1
f 2882/3243/2781 2884/3245/2783 2949/3316/2848 
s 4
f 2921/3284/2820 2920/3283/2819 2957/3324/2856 2958/3325/2857 
f 2922/3285/2821 2959/3326/2858 2957/3327/2856 2920/3286/2819 
f 2923/3287/2822 2960/3328/2859 2959/3326/2858 2922/3285/2821 
f 2924/3288/2823 2961/3329/2860 2960/3328/2859 2923/3287/2822 
f 2925/3289/2824 2962/3330/2861 2961/3329/2860 2924/3288/2823 
f 2926/3290/2825 2963/3331/2862 2962/3330/2861 2925/3289/2824 
f 2928/3292/2827 2964/3332/2863 2963/3331/2862 2926/3290/2825 
f 2921/3284/2820 2958/3325/2857 2965/3333/2864 2941/3308/2840 
f 2957/3327/2856 2959/3326/2858 2960/3328/2859 2966/3334/2865 
f 2958/3325/2857 2957/3324/2856 2966/3335/2865 2967/3336/2866 
f 2968/3337/2867 2965/3333/2864 2958/3325/2857 2967/3336/2866 
f 2966/3334/2865 2960/3328/2859 2961/3329/2860 2967/3338/2866 
f 2969/3339/2868 2968/3337/2867 2967/3336/2866 2970/3340/2869 
f 2970/3341/2869 2967/3338/2866 2961/3329/2860 2962/3330/2861 
s 1
f 2971/3342/2870 2970/3341/2869 2962/3330/2861 2972/3343/2871 
s 2
f 2973/3344/2872 2972/3343/2871 2962/3330/2861 2963/3331/2862 
s 8
f 2974/3345/2873 2969/3339/2868 2970/3340/2869 2971/3346/2870 
s 1
f 2975/3347/2874 2976/3348/2875 2969/3339/2868 2974/3345/2873 
s 4
f 2977/3349/2876 2978/3350/2877 2968/3337/2867 2969/3339/2868 
f 2977/3349/2876 2969/3339/2868 2976/3348/2875 2979/3351/2878 
f 2979/3351/2878 2976/3348/2875 2980/3352/2879 2981/3353/2880 
s 1
f 2976/3348/2875 2975/3347/2874 2982/3354/2881 2980/3352/2879 
s 4
f 2980/3352/2879 2983/3355/2882 2984/3356/2883 2981/3353/2880 
s 1
f 2980/3352/2879 2982/3354/2881 2985/3357/2884 2983/3355/2882 
s 4
f 2965/3333/2864 2968/3337/2867 2978/3350/2877 2941/3308/2840 
s 2
f 2978/3350/2877 2977/3349/2876 2986/3358/2885 
f 2977/3349/2876 2979/3351/2878 2986/3358/2885 
f 2979/3351/2878 2981/3353/2880 2986/3358/2885 
f 2984/3356/2883 2987/3359/2886 2986/3358/2885 2981/3353/2880 
f 2978/3350/2877 2986/3358/2885 2940/3307/2839 2941/3308/2840 
s 1
f 2982/3354/2881 2975/3347/2874 2988/3360/2887 2989/3361/2888 
f 2974/3345/2873 2990/3362/2889 2988/3360/2887 2975/3347/2874 
s 8
f 2971/3346/2870 2991/3363/2890 2990/3362/2889 2974/3345/2873 
f 2972/3343/2871 2992/3364/2891 2991/3365/2890 2971/3342/2870 
s 4
f 2973/3344/2872 2993/3366/2892 2992/3364/2891 2972/3343/2871 
s 1
f 2989/3361/2888 2988/3360/2887 2994/3367/2893 2995/3368/2894 
f 2988/3360/2887 2990/3362/2889 2996/3369/2895 2994/3367/2893 
s 8
f 2990/3362/2889 2991/3363/2890 2997/3370/2896 2996/3369/2895 
f 2991/3365/2890 2992/3364/2891 2998/3371/2897 2997/3372/2896 
s 4
f 2993/3366/2892 2999/3373/2898 2998/3371/2897 2992/3364/2891 
f 2999/3373/2898 2993/3366/2892 3000/3374/2899 3001/3375/2900 
f 2993/3366/2892 2973/3344/2872 3002/3376/2901 3000/3374/2899 
s 2
f 2963/3331/2862 2964/3332/2863 3002/3376/2901 2973/3344/2872 
f 3003/3377/2902 2997/3372/2896 2998/3371/2897 3004/3378/2903 
f 3003/3377/2902 2994/3379/2893 2996/3380/2895 2997/3372/2896 
s 4
f 3005/3381/2904 2998/3371/2897 2999/3373/2898 3006/3382/2905 
f 3007/3383/2906 3003/3377/2902 3005/3381/2904 3006/3382/2905 
s 2
f 2995/3384/2894 2994/3379/2893 3003/3377/2902 3007/3383/2906 
f 3007/3383/2906 3008/3385/2907 3009/3386/2908 2995/3384/2894 
s 4
f 3006/3382/2905 3010/3387/2909 3008/3385/2907 3007/3383/2906 
f 3006/3382/2905 2999/3373/2898 3001/3375/2900 3010/3387/2909 
s 1
f 2985/3357/2884 2982/3354/2881 2989/3361/2888 3011/3388/2910 
f 3011/3388/2910 2989/3361/2888 2995/3368/2894 3009/3389/2908 
f 3012/3390/2911 3013/3391/2912 3014/3392/2913 3015/3393/2914 
s 2
f 3012/3390/2911 3015/3393/2914 3016/3394/2915 3017/3395/2916 
s 1
f 3014/3392/2913 3018/3396/2917 3019/3397/2918 3015/3393/2914 
s 2
f 3015/3393/2914 3019/3397/2918 3020/3398/2919 3016/3394/2915 
s 4
f 3021/3399/2920 3020/3398/2919 3019/3397/2918 3022/3400/2921 
f 3021/3399/2920 3022/3400/2921 3023/3401/2922 3024/3402/2923 
s 1
f 3024/3403/2923 3023/3404/2922 3025/3405/2924 3026/3406/2925 
f 3019/3397/2918 3018/3396/2917 3027/3407/2926 3028/3408/2927 
s 4
f 3013/3391/2912 3012/3390/2911 3029/3409/2928 3030/3410/2929 
f 3029/3409/2928 3012/3390/2911 3017/3395/2916 3031/3411/2930 
f 3032/3412/2931 3031/3411/2930 3017/3395/2916 3033/3413/2932 
f 3032/3412/2931 3033/3413/2932 3034/3414/2933 3035/3415/2934 
f 3036/3416/2935 3035/3417/2934 3034/3418/2933 3037/3419/2936 
s 1
f 3036/3416/2935 3037/3419/2936 3038/3420/2937 3039/3421/2938 
s 4
f 3030/3410/2929 3029/3409/2928 3040/3422/2939 3041/3423/2940 
s 1
f 3039/3421/2938 3042/3424/2941 3043/3425/2942 3036/3416/2935 
s 4
f 3043/3425/2942 3044/3426/2943 3035/3417/2934 3036/3416/2935 
f 3044/3427/2943 3045/3428/2944 3032/3412/2931 3035/3415/2934 
f 3045/3428/2944 3046/3429/2945 3031/3411/2930 3032/3412/2931 
f 3031/3411/2930 3046/3429/2945 3040/3422/2939 3029/3409/2928 
s 1
f 3042/3424/2941 3047/3430/2946 3048/3431/2947 3043/3425/2942 
s 4
f 3043/3432/2942 3048/3433/2947 3049/3434/2948 3044/3427/2943 
f 3049/3434/2948 3050/3435/2949 3045/3428/2944 3044/3427/2943 
f 3050/3435/2949 3051/3436/2950 3046/3429/2945 3045/3428/2944 
f 3046/3429/2945 3051/3436/2950 3052/3437/2951 3040/3422/2939 
f 3052/3437/2951 3053/3438/2952 3041/3423/2940 3040/3422/2939 
s 1
f 3047/3430/2946 3054/3439/2953 3055/3440/2954 3048/3431/2947 
s 4
f 3048/3433/2947 3055/3441/2954 3056/3442/2955 3049/3434/2948 
f 3056/3442/2955 3057/3443/2956 3050/3435/2949 3049/3434/2948 
f 3057/3443/2956 3058/3444/2957 3051/3436/2950 3050/3435/2949 
f 3051/3436/2950 3058/3444/2957 3059/3445/2958 3052/3437/2951 
f 3059/3445/2958 3060/3446/2959 3053/3438/2952 3052/3437/2951 
s 1
f 3054/3439/2953 3061/3447/2960 3062/3448/2961 3055/3440/2954 
s 4
f 3062/3449/2961 3063/3450/2962 3056/3442/2955 3055/3441/2954 
f 3063/3450/2962 3064/3451/2963 3057/3443/2956 3056/3442/2955 
f 3064/3451/2963 3065/3452/2964 3058/3444/2957 3057/3443/2956 
f 3065/3452/2964 3066/3453/2965 3059/3445/2958 3058/3444/2957 
f 3066/3453/2965 3067/3454/2966 3060/3446/2959 3059/3445/2958 
f 2928/3292/2827 2927/3291/2826 3060/3446/2959 3067/3454/2966 
f 2927/3291/2826 2929/3293/2828 3053/3438/2952 3060/3446/2959 
f 2929/3293/2828 2930/3294/2829 3041/3423/2940 3053/3438/2952 
f 3041/3423/2940 2930/3294/2829 2931/3295/2830 3030/3410/2929 
f 3030/3410/2929 2931/3295/2830 2932/3296/2831 3013/3391/2912 
s 1
f 2932/3296/2831 2933/3297/2832 3014/3392/2913 3013/3391/2912 
f 2933/3297/2832 2934/3298/2833 3018/3396/2917 3014/3392/2913 
f 3018/3396/2917 2934/3298/2833 2935/3299/2834 3027/3407/2926 
f 3038/3420/2937 3068/3455/2967 3069/3456/2968 3039/3421/2938 
f 3039/3421/2938 3069/3456/2968 3070/3457/2969 3042/3424/2941 
f 3042/3424/2941 3070/3457/2969 3071/3458/2970 3047/3430/2946 
f 3047/3430/2946 3071/3458/2970 3072/3459/2971 3054/3439/2953 
f 3072/3459/2971 3073/3460/2972 3061/3447/2960 3054/3439/2953 
f 3038/3420/2937 3037/3419/2936 3074/3461/2973 3068/3455/2967 
s 2
f 3033/3413/2932 3017/3395/2916 3016/3394/2915 3075/3462/2974 
f 3075/3462/2974 3016/3394/2915 3020/3398/2919 3021/3399/2920 
s 8
f 3021/3399/2920 3024/3402/2923 3076/3463/2975 3075/3462/2974 
f 3075/3462/2974 3076/3463/2975 3034/3414/2933 3033/3413/2932 
s 2
f 3026/3406/2925 3077/3464/2976 3076/3465/2975 3024/3403/2923 
s 8
f 3077/3464/2976 3037/3419/2936 3034/3418/2933 3076/3465/2975 
s 1
f 3078/3466/2977 3079/3467/2978 3077/3464/2976 3026/3406/2925 
f 3079/3467/2978 3074/3461/2973 3037/3419/2936 3077/3464/2976 
f 3078/3466/2977 3026/3406/2925 3025/3405/2924 3080/3468/2979 
f 3080/3468/2979 3025/3405/2924 3081/3469/2980 3082/3470/2981 
s 2
f 3082/3471/2981 3081/3472/2980 3083/3473/2982 3084/3474/2983 
f 3085/3475/2984 3084/3474/2983 3083/3473/2982 3028/3408/2927 
s 8
f 3022/3400/2921 3019/3397/2918 3028/3408/2927 3083/3473/2982 
s 4
f 3085/3475/2984 3028/3408/2927 3027/3407/2926 3086/3476/2985 
s 2
f 3087/3477/2986 3027/3407/2926 2935/3299/2834 2956/3323/2855 
f 3022/3400/2921 3083/3473/2982 3081/3472/2980 3023/3401/2922 
s 1
f 3023/3404/2922 3081/3469/2980 3025/3405/2924 
s 4
f 3061/3478/2960 3088/3479/2987 3089/3480/2988 3062/3449/2961 
f 3089/3480/2988 3090/3481/2989 3063/3450/2962 3062/3449/2961 
f 3090/3481/2989 3091/3482/2990 3064/3451/2963 3063/3450/2962 
f 3091/3482/2990 3092/3483/2991 3065/3452/2964 3064/3451/2963 
f 3092/3483/2991 3093/3484/2992 3066/3453/2965 3065/3452/2964 
f 3093/3484/2992 3094/3485/2993 3067/3454/2966 3066/3453/2965 
f 3094/3485/2993 2964/3332/2863 2928/3292/2827 3067/3454/2966 
f 3095/3486/2994 3088/3479/2987 3061/3478/2960 3073/3487/2972 
f 3091/3482/2990 3090/3481/2989 3089/3480/2988 3096/3488/2995 
f 3096/3488/2995 3089/3480/2988 3088/3479/2987 3097/3489/2996 
f 3098/3490/2997 3097/3489/2996 3088/3479/2987 3095/3486/2994 
f 3092/3483/2991 3091/3482/2990 3096/3488/2995 3097/3489/2996 
f 3097/3489/2996 3098/3490/2997 3099/3491/2998 3100/3492/2999 
f 3100/3492/2999 3093/3484/2992 3092/3483/2991 3097/3489/2996 
s 1
f 3093/3484/2992 3100/3492/2999 3101/3493/3000 3102/3494/3001 
s 2
f 3103/3495/3002 3094/3485/2993 3093/3484/2992 3102/3494/3001 
s 8
f 3100/3496/2999 3099/3497/2998 3104/3498/3003 3101/3499/3000 
s 1
f 3105/3500/3004 3104/3498/3003 3099/3497/2998 3106/3501/3005 
s 4
f 3107/3502/3006 3099/3491/2998 3098/3490/2997 3108/3503/3007 
f 3106/3501/3005 3099/3497/2998 3107/3504/3006 3109/3505/3008 
s 8
f 3109/3505/3008 3110/3506/3009 3111/3507/3010 3106/3501/3005 
s 1
f 3112/3508/3011 3105/3500/3004 3106/3501/3005 3111/3507/3010 
s 4
f 2984/3356/2883 2983/3355/2882 3111/3507/3010 3110/3506/3009 
s 1
f 2983/3355/2882 2985/3357/2884 3112/3508/3011 3111/3507/3010 
s 4
f 3108/3503/3007 3098/3490/2997 3095/3486/2994 3073/3487/2972 
s 16
f 3108/3509/3007 3113/3510/3012 3107/3511/3006 
f 3107/3511/3006 3113/3510/3012 3109/3512/3008 
s 1
f 3109/3512/3008 3113/3510/3012 3110/3513/3009 
s 2
f 3113/3514/3012 2987/3359/2886 2984/3356/2883 3110/3506/3009 
s 16
f 3072/3459/2971 3113/3510/3012 3108/3509/3007 3073/3460/2972 
s 1
f 3114/3515/3013 3115/3516/3014 3105/3500/3004 3112/3508/3011 
f 3115/3516/3014 3116/3517/3015 3104/3498/3003 3105/3500/3004 
s 8
f 3116/3517/3015 3117/3518/3016 3101/3499/3000 3104/3498/3003 
f 3117/3519/3016 3118/3520/3017 3102/3494/3001 3101/3493/3000 
s 4
f 3118/3520/3017 3119/3521/3018 3103/3495/3002 3102/3494/3001 
s 1
f 3114/3515/3013 3120/3522/3019 3121/3523/3020 3115/3516/3014 
f 3115/3516/3014 3121/3523/3020 3122/3524/3021 3116/3517/3015 
s 8
f 3116/3517/3015 3122/3524/3021 3123/3525/3022 3117/3518/3016 
f 3117/3519/3016 3123/3526/3022 3124/3527/3023 3118/3520/3017 
s 4
f 3124/3527/3023 3125/3528/3024 3119/3521/3018 3118/3520/3017 
f 3125/3528/3024 3001/3375/2900 3000/3374/2899 3119/3521/3018 
f 3119/3521/3018 3000/3374/2899 3002/3376/2901 3103/3495/3002 
s 2
f 3002/3376/2901 2964/3332/2863 3094/3485/2993 3103/3495/3002 
f 3124/3527/3023 3123/3526/3022 3126/3529/3025 3127/3530/3026 
f 3126/3529/3025 3123/3526/3022 3122/3531/3021 3121/3532/3020 
s 4
f 3125/3528/3024 3124/3527/3023 3128/3533/3027 3129/3534/3028 
f 3130/3535/3029 3129/3534/3028 3128/3533/3027 3126/3529/3025 
s 2
f 3120/3536/3019 3130/3535/3029 3126/3529/3025 3121/3532/3020 
f 3009/3386/2908 3008/3385/2907 3130/3535/3029 3120/3536/3019 
s 4
f 3008/3385/2907 3010/3387/2909 3129/3534/3028 3130/3535/3029 
f 3129/3534/3028 3010/3387/2909 3001/3375/2900 3125/3528/3024 
s 1
f 3011/3388/2910 3114/3515/3013 3112/3508/3011 2985/3357/2884 
f 3011/3388/2910 3009/3389/2908 3120/3522/3019 3114/3515/3013 
f 3131/3232/2913 3132/3235/2914 3133/3234/2911 3134/3233/2912 
s 2
f 3135/3236/2915 3136/3237/2916 3133/3234/2911 3132/3235/2914 
s 1
f 3131/3232/2913 3137/3239/2917 3138/3238/2918 3132/3235/2914 
s 2
f 3132/3235/2914 3138/3238/2918 3139/3240/2919 3135/3236/2915 
s 4
f 3140/3241/2920 3139/3240/2919 3138/3238/2918 3141/3242/2921 
f 3142/3243/2922 3143/3244/2923 3140/3241/2920 3141/3242/2921 
s 1
f 3144/3245/2924 3145/3246/2925 3143/3244/2923 3142/3243/2922 
f 3146/3247/2926 3147/3248/2927 3138/3238/2918 3137/3239/2917 
s 4
f 3148/3249/2928 3149/3250/2929 3134/3233/2912 3133/3234/2911 
f 3148/3249/2928 3133/3234/2911 3136/3237/2916 3150/3251/2930 
f 3151/3252/2931 3150/3251/2930 3136/3237/2916 3152/3253/2932 
f 3153/3254/2933 3154/3255/2934 3151/3252/2931 3152/3253/2932 
f 3155/3256/2935 3154/3255/2934 3153/3254/2933 3156/3257/2936 
s 1
f 3157/3258/2937 3158/3259/2938 3155/3256/2935 3156/3257/2936 
s 4
f 3159/3260/2939 3160/3261/2940 3149/3250/2929 3148/3249/2928 
s 1
f 3158/3259/2938 3161/3263/2941 3162/3262/2942 3155/3256/2935 
s 4
f 3154/3255/2934 3155/3256/2935 3162/3262/2942 3163/3264/2943 
f 3151/3252/2931 3154/3255/2934 3163/3264/2943 3164/3265/2944 
f 3150/3251/2930 3151/3252/2931 3164/3265/2944 3165/3266/2945 
f 3150/3251/2930 3165/3266/2945 3159/3260/2939 3148/3249/2928 
s 1
f 3161/3263/2941 3166/3268/2946 3167/3267/2947 3162/3262/2942 
s 4
f 3162/3262/2942 3167/3267/2947 3168/3269/2948 3163/3264/2943 
f 3164/3265/2944 3163/3264/2943 3168/3269/2948 3169/3270/2949 
f 3165/3266/2945 3164/3265/2944 3169/3270/2949 3170/3271/2950 
f 3165/3266/2945 3170/3271/2950 3171/3272/2951 3159/3260/2939 
f 3160/3261/2940 3159/3260/2939 3171/3272/2951 3172/3273/2952 
s 1
f 3166/3268/2946 3173/3275/2953 3174/3274/2954 3167/3267/2947 
s 4
f 3167/3267/2947 3174/3274/2954 3175/3276/2955 3168/3269/2948 
f 3169/3270/2949 3168/3269/2948 3175/3276/2955 3176/3277/2956 
f 3170/3271/2950 3169/3270/2949 3176/3277/2956 3177/3278/3030 
f 3170/3271/2950 3177/3278/3030 3178/3279/3031 3171/3272/2951 
f 3172/3273/2952 3171/3272/2951 3178/3279/3031 3179/3280/2959 
s 1
f 3173/3281/2953 3180/3284/2960 3181/3283/3032 3174/3282/2954 
s 4
f 3175/3276/2955 3174/3274/2954 3181/3286/3032 3182/3285/2962 
f 3176/3277/2956 3175/3276/2955 3182/3285/2962 3183/3287/3033 
f 3177/3278/3030 3176/3277/2956 3183/3287/3033 3184/3288/3034 
f 3178/3279/3031 3177/3278/3030 3184/3288/3034 3185/3289/3035 
f 3179/3280/2959 3178/3279/3031 3185/3289/3035 3186/3290/3036 
f 3179/3280/2959 3186/3290/3036 3187/3292/3037 3188/3291/3038 
f 3172/3273/2952 3179/3280/2959 3188/3291/3038 3189/3293/3039 
f 3160/3261/2940 3172/3273/2952 3189/3293/3039 3190/3294/3040 
f 3160/3261/2940 3190/3294/3040 3191/3295/2830 3149/3250/2929 
f 3149/3250/2929 3191/3295/2830 3192/3296/3041 3134/3233/2912 
s 1
f 3131/3232/2913 3134/3233/2912 3192/3296/3041 3193/3297/2832 
f 3137/3239/2917 3131/3232/2913 3193/3297/2832 3194/3298/3042 
f 3137/3239/2917 3194/3298/3042 3195/3299/2834 3146/3247/2926 
f 3157/3258/2937 3196/3301/2967 3197/3300/2968 3158/3259/2938 
f 3158/3259/2938 3197/3300/2968 3198/3302/2969 3161/3263/2941 
f 3161/3303/2941 3198/3306/2969 3199/3305/2970 3166/3304/2946 
f 3166/3304/2946 3199/3305/2970 3200/3307/2971 3173/3281/2953 
f 3180/3284/2960 3173/3281/2953 3200/3307/2971 3201/3308/3043 
f 3202/3309/2973 3196/3301/2967 3157/3258/2937 3156/3257/2936 
s 2
f 3152/3253/2932 3136/3237/2916 3135/3236/2915 3203/3310/2974 
f 3203/3310/2974 3135/3236/2915 3139/3240/2919 3140/3241/2920 
s 8
f 3140/3241/2920 3143/3244/2923 3204/3311/2975 3203/3310/2974 
f 3203/3310/2974 3204/3311/2975 3153/3254/2933 3152/3253/2932 
s 2
f 3204/3311/2975 3143/3244/2923 3145/3246/2925 3205/3312/2976 
s 8
f 3153/3254/2933 3204/3311/2975 3205/3312/2976 3156/3257/2936 
s 1
f 3205/3312/2976 3145/3246/2925 3206/3314/2977 3207/3313/2978 
f 3156/3257/2936 3205/3312/2976 3207/3313/2978 3202/3309/2973 
f 3206/3314/2977 3145/3246/2925 3144/3245/2924 3208/3315/2979 
f 3209/3316/2980 3210/3317/2981 3208/3315/2979 3144/3245/2924 
s 2
f 3211/3318/2982 3212/3319/2983 3210/3317/2981 3209/3316/2980 
f 3213/3320/2984 3212/3319/2983 3211/3318/2982 3147/3248/2927 
s 8
f 3141/3242/2921 3138/3238/2918 3147/3248/2927 3211/3318/2982 
s 4
f 3213/3320/2984 3147/3248/2927 3146/3247/2926 3214/3321/2985 
s 2
f 3215/3322/2986 3146/3247/2926 3195/3299/2834 3216/3323/2855 
f 3209/3316/2980 3142/3243/2922 3141/3242/2921 3211/3318/2982 
s 1
f 3142/3243/2922 3209/3316/2980 3144/3245/2924 
s 4
f 3180/3284/2960 3217/3325/3044 3218/3324/2988 3181/3283/3032 
f 3182/3285/2962 3181/3286/3032 3218/3327/2988 3219/3326/2989 
f 3183/3287/3033 3182/3285/2962 3219/3326/2989 3220/3328/3045 
f 3184/3288/3034 3183/3287/3033 3220/3328/3045 3221/3329/3046 
f 3185/3289/3035 3184/3288/3034 3221/3329/3046 3222/3330/3047 
f 3186/3290/3036 3185/3289/3035 3222/3330/3047 3223/3331/3048 
f 3187/3292/3037 3186/3290/3036 3223/3331/3048 3224/3332/2863 
f 3180/3284/2960 3201/3308/3043 3225/3333/3049 3217/3325/3044 
f 3218/3327/2988 3226/3334/3050 3220/3328/3045 3219/3326/2989 
f 3217/3325/3044 3227/3336/3051 3226/3335/3050 3218/3324/2988 
f 3228/3337/3052 3227/3336/3051 3217/3325/3044 3225/3333/3049 
f 3226/3334/3050 3227/3338/3051 3221/3329/3046 3220/3328/3045 
f 3229/3339/2998 3230/3340/2999 3227/3336/3051 3228/3337/3052 
f 3230/3341/2999 3222/3330/3047 3221/3329/3046 3227/3338/3051 
s 1
f 3231/3342/3000 3232/3343/3053 3222/3330/3047 3230/3341/2999 
s 2
f 3233/3344/3054 3223/3331/3048 3222/3330/3047 3232/3343/3053 
s 8
f 3234/3345/3003 3231/3346/3000 3230/3340/2999 3229/3339/2998 
s 1
f 3235/3347/3004 3234/3345/3003 3229/3339/2998 3236/3348/3055 
s 4
f 3237/3349/3056 3229/3339/2998 3228/3337/3052 3238/3350/3057 
f 3237/3349/3056 3239/3351/3058 3236/3348/3055 3229/3339/2998 
f 3239/3351/3058 3240/3353/3059 3241/3352/3060 3236/3348/3055 
s 1
f 3236/3348/3055 3241/3352/3060 3242/3354/3061 3235/3347/3004 
s 4
f 3241/3352/3060 3240/3353/3059 3243/3356/3062 3244/3355/3063 
s 1
f 3241/3352/3060 3244/3355/3063 3245/3357/3064 3242/3354/3061 
s 4
f 3225/3333/3049 3201/3308/3043 3238/3350/3057 3228/3337/3052 
s 2
f 3238/3350/3057 3246/3358/3065 3237/3349/3056 
f 3237/3349/3056 3246/3358/3065 3239/3351/3058 
f 3239/3351/3058 3246/3358/3065 3240/3353/3059 
f 3243/3356/3062 3240/3353/3059 3246/3358/3065 3247/3359/2886 
f 3238/3350/3057 3201/3308/3043 3200/3307/2971 3246/3358/3065 
s 1
f 3242/3354/3061 3248/3361/3066 3249/3360/3067 3235/3347/3004 
f 3234/3345/3003 3235/3347/3004 3249/3360/3067 3250/3362/3015 
s 8
f 3231/3346/3000 3234/3345/3003 3250/3362/3015 3251/3363/3016 
f 3232/3343/3053 3231/3342/3000 3251/3365/3016 3252/3364/3068 
s 4
f 3233/3344/3054 3232/3343/3053 3252/3364/3068 3253/3366/3069 
s 1
f 3248/3361/3066 3254/3368/3070 3255/3367/3071 3249/3360/3067 
f 3249/3360/3067 3255/3367/3071 3256/3369/3021 3250/3362/3015 
s 8
f 3250/3362/3015 3256/3369/3021 3257/3370/3022 3251/3363/3016 
f 3251/3365/3016 3257/3372/3022 3258/3371/3072 3252/3364/3068 
s 4
f 3253/3366/3069 3252/3364/3068 3258/3371/3072 3259/3373/3073 
f 3259/3373/3073 3260/3375/2900 3261/3374/2899 3253/3366/3069 
f 3253/3366/3069 3261/3374/2899 3262/3376/2901 3233/3344/3054 
s 2
f 3223/3331/3048 3233/3344/3054 3262/3376/2901 3224/3332/2863 
f 3263/3377/3074 3264/3378/3026 3258/3371/3072 3257/3372/3022 
f 3263/3377/3074 3257/3372/3022 3256/3380/3021 3255/3379/3071 
s 4
f 3265/3381/3075 3266/3382/3076 3259/3373/3073 3258/3371/3072 
f 3267/3383/3077 3266/3382/3076 3265/3381/3075 3263/3377/3074 
s 2
f 3254/3384/3070 3267/3383/3077 3263/3377/3074 3255/3379/3071 
f 3267/3383/3077 3254/3384/3070 3268/3386/3078 3269/3385/3079 
s 4
f 3266/3382/3076 3267/3383/3077 3269/3385/3079 3270/3387/3080 
f 3266/3382/3076 3270/3387/3080 3260/3375/2900 3259/3373/3073 
s 1
f 3245/3357/3064 3271/3388/2910 3248/3361/3066 3242/3354/3061 
f 3271/3388/2910 3268/3389/3078 3254/3368/3070 3248/3361/3066 
f 3272/3390/2772 3273/3393/2773 3274/3392/2770 3275/3391/2771 
s 2
f 3272/3390/2772 3276/3395/2775 3277/3394/2774 3273/3393/2773 
s 1
f 3274/3392/2770 3273/3393/2773 3278/3397/2776 3279/3396/2777 
s 2
f 3273/3393/2773 3277/3394/2774 3280/3398/2778 3278/3397/2776 
s 4
f 3281/3399/2779 3282/3400/2780 3278/3397/2776 3280/3398/2778 
f 3281/3399/2779 3283/3402/2782 3284/3401/2781 3282/3400/2780 
s 1
f 3283/3403/2782 3285/3406/2784 3286/3405/2783 3284/3404/2781 
f 3278/3397/2776 3287/3408/2786 3288/3407/2785 3279/3396/2777 
s 4
f 3275/3391/2771 3289/3410/2788 3290/3409/2787 3272/3390/2772 
f 3290/3409/2787 3291/3411/2789 3276/3395/2775 3272/3390/2772 
f 3292/3412/2790 3293/3413/2791 3276/3395/2775 3291/3411/2789 
f 3292/3412/2790 3294/3415/2793 3295/3414/2792 3293/3413/2791 
f 3296/3416/2794 3297/3419/2795 3295/3418/2792 3294/3417/2793 
s 1
f 3296/3416/2794 3298/3421/2797 3299/3420/2796 3297/3419/2795 
s 4
f 3289/3410/2788 3300/3423/2799 3301/3422/2798 3290/3409/2787 
s 1
f 3298/3421/2797 3296/3416/2794 3302/3425/2800 3303/3424/2801 
s 4
f 3302/3425/2800 3296/3416/2794 3294/3417/2793 3304/3426/2802 
f 3304/3427/2802 3294/3415/2793 3292/3412/2790 3305/3428/2803 
f 3305/3428/2803 3292/3412/2790 3291/3411/2789 3306/3429/2804 
f 3291/3411/2789 3290/3409/2787 3301/3422/2798 3306/3429/2804 
s 1
f 3303/3424/2801 3302/3425/2800 3307/3431/2805 3308/3430/2806 
s 4
f 3302/3432/2800 3304/3427/2802 3309/3434/2807 3307/3433/2805 
f 3309/3434/2807 3304/3427/2802 3305/3428/2803 3310/3435/2808 
f 3310/3435/2808 3305/3428/2803 3306/3429/2804 3311/3436/2809 
f 3306/3429/2804 3301/3422/2798 3312/3437/2810 3311/3436/2809 
f 3312/3437/2810 3301/3422/2798 3300/3423/2799 3313/3438/2811 
s 1
f 3308/3430/2806 3307/3431/2805 3314/3440/2812 3315/3439/2813 
s 4
f 3307/3433/2805 3309/3434/2807 3316/3442/2814 3314/3441/2812 
f 3316/3442/2814 3309/3434/2807 3310/3435/2808 3317/3443/2815 
f 3317/3443/2815 3310/3435/2808 3311/3436/2809 3318/3444/3081 
f 3311/3436/2809 3312/3437/2810 3319/3445/3082 3318/3444/3081 
f 3319/3445/3082 3312/3437/2810 3313/3438/2811 3320/3446/2818 
s 1
f 3315/3439/2813 3314/3440/2812 3321/3448/3083 3322/3447/2820 
s 4
f 3321/3449/3083 3314/3441/2812 3316/3442/2814 3323/3450/2821 
f 3323/3450/2821 3316/3442/2814 3317/3443/2815 3324/3451/3084 
f 3324/3451/3084 3317/3443/2815 3318/3444/3081 3325/3452/3085 
f 3325/3452/3085 3318/3444/3081 3319/3445/3082 3326/3453/3086 
f 3326/3453/3086 3319/3445/3082 3320/3446/2818 3327/3454/3087 
f 3187/3292/3037 3327/3454/3087 3320/3446/2818 3188/3291/3038 
f 3188/3291/3038 3320/3446/2818 3313/3438/2811 3189/3293/3039 
f 3189/3293/3039 3313/3438/2811 3300/3423/2799 3190/3294/3040 
f 3300/3423/2799 3289/3410/2788 3191/3295/2830 3190/3294/3040 
f 3289/3410/2788 3275/3391/2771 3192/3296/3041 3191/3295/2830 
s 1
f 3192/3296/3041 3275/3391/2771 3274/3392/2770 3193/3297/2832 
f 3193/3297/2832 3274/3392/2770 3279/3396/2777 3194/3298/3042 
f 3279/3396/2777 3288/3407/2785 3195/3299/2834 3194/3298/3042 
f 3299/3420/2796 3298/3421/2797 3328/3456/2835 3329/3455/2836 
f 3298/3421/2797 3303/3424/2801 3330/3457/2837 3328/3456/2835 
f 3303/3424/2801 3308/3430/2806 3331/3458/2838 3330/3457/2837 
f 3308/3430/2806 3315/3439/2813 3332/3459/2839 3331/3458/2838 
f 3332/3459/2839 3315/3439/2813 3322/3447/2820 3333/3460/3088 
f 3299/3420/2796 3329/3455/2836 3334/3461/2841 3297/3419/2795 
s 2
f 3293/3413/2791 3335/3462/2842 3277/3394/2774 3276/3395/2775 
f 3335/3462/2842 3281/3399/2779 3280/3398/2778 3277/3394/2774 
s 8
f 3281/3399/2779 3335/3462/2842 3336/3463/2843 3283/3402/2782 
f 3335/3462/2842 3293/3413/2791 3295/3414/2792 3336/3463/2843 
s 2
f 3285/3406/2784 3283/3403/2782 3336/3465/2843 3337/3464/2844 
s 8
f 3337/3464/2844 3336/3465/2843 3295/3418/2792 3297/3419/2795 
s 1
f 3338/3466/2846 3285/3406/2784 3337/3464/2844 3339/3467/2845 
f 3339/3467/2845 3337/3464/2844 3297/3419/2795 3334/3461/2841 
f 3338/3466/2846 3340/3468/2847 3286/3405/2783 3285/3406/2784 
f 3340/3468/2847 3341/3470/2849 3342/3469/2848 3286/3405/2783 
s 2
f 3341/3471/2849 3343/3474/2851 3344/3473/2850 3342/3472/2848 
f 3345/3475/2852 3287/3408/2786 3344/3473/2850 3343/3474/2851 
s 8
f 3282/3400/2780 3344/3473/2850 3287/3408/2786 3278/3397/2776 
s 4
f 3345/3475/2852 3346/3476/2853 3288/3407/2785 3287/3408/2786 
s 2
f 3347/3477/2854 3216/3323/2855 3195/3299/2834 3288/3407/2785 
f 3282/3400/2780 3284/3401/2781 3342/3472/2848 3344/3473/2850 
s 1
f 3284/3404/2781 3286/3405/2783 3342/3469/2848 
s 4
f 3322/3478/2820 3321/3449/3083 3348/3480/2856 3349/3479/3089 
f 3348/3480/2856 3321/3449/3083 3323/3450/2821 3350/3481/2858 
f 3350/3481/2858 3323/3450/2821 3324/3451/3084 3351/3482/3090 
f 3351/3482/3090 3324/3451/3084 3325/3452/3085 3352/3483/3091 
f 3352/3483/3091 3325/3452/3085 3326/3453/3086 3353/3484/3092 
f 3353/3484/3092 3326/3453/3086 3327/3454/3087 3354/3485/3093 
f 3354/3485/3093 3327/3454/3087 3187/3292/3037 3224/3332/2863 
f 3355/3486/3094 3333/3487/3088 3322/3478/2820 3349/3479/3089 
f 3351/3482/3090 3356/3488/3095 3348/3480/2856 3350/3481/2858 
f 3356/3488/3095 3357/3489/3096 3349/3479/3089 3348/3480/2856 
f 3358/3490/3097 3355/3486/3094 3349/3479/3089 3357/3489/3096 
f 3352/3483/3091 3357/3489/3096 3356/3488/3095 3351/3482/3090 
f 3357/3489/3096 3359/3492/2869 3360/3491/2868 3358/3490/3097 
f 3359/3492/2869 3357/3489/3096 3352/3483/3091 3353/3484/3092 
s 1
f 3353/3484/3092 3361/3494/3098 3362/3493/2870 3359/3492/2869 
s 2
f 3363/3495/3099 3361/3494/3098 3353/3484/3092 3354/3485/3093 
s 8
f 3359/3496/2869 3362/3499/2870 3364/3498/2873 3360/3497/2868 
s 1
f 3365/3500/2874 3366/3501/3100 3360/3497/2868 3364/3498/2873 
s 4
f 3367/3502/3101 3368/3503/3102 3358/3490/3097 3360/3491/2868 
f 3366/3501/3100 3369/3505/3103 3367/3504/3101 3360/3497/2868 
s 8
f 3369/3505/3103 3366/3501/3100 3370/3507/3104 3371/3506/3105 
s 1
f 3372/3508/3106 3370/3507/3104 3366/3501/3100 3365/3500/2874 
s 4
f 3243/3356/3062 3371/3506/3105 3370/3507/3104 3244/3355/3063 
s 1
f 3244/3355/3063 3370/3507/3104 3372/3508/3106 3245/3357/3064 
s 4
f 3368/3503/3102 3333/3487/3088 3355/3486/3094 3358/3490/3097 
s 16
f 3368/3509/3102 3367/3511/3101 3373/3510/3107 
f 3367/3511/3101 3369/3512/3103 3373/3510/3107 
s 1
f 3369/3512/3103 3371/3513/3105 3373/3510/3107 
s 2
f 3373/3514/3107 3371/3506/3105 3243/3356/3062 3247/3359/2886 
s 16
f 3332/3459/2839 3333/3460/3088 3368/3509/3102 3373/3510/3107 
s 1
f 3374/3515/3108 3372/3508/3106 3365/3500/2874 3375/3516/3109 
f 3375/3516/3109 3365/3500/2874 3364/3498/2873 3376/3517/2889 
s 8
f 3376/3517/2889 3364/3498/2873 3362/3499/2870 3377/3518/2890 
f 3377/3519/2890 3362/3493/2870 3361/3494/3098 3378/3520/3110 
s 4
f 3378/3520/3110 3361/3494/3098 3363/3495/3099 3379/3521/3111 
s 1
f 3374/3515/3108 3375/3516/3109 3380/3523/3112 3381/3522/3113 
f 3375/3516/3109 3376/3517/2889 3382/3524/2895 3380/3523/3112 
s 8
f 3376/3517/2889 3377/3518/2890 3383/3525/2896 3382/3524/2895 
f 3377/3519/2890 3378/3520/3110 3384/3527/3114 3383/3526/2896 
s 4
f 3384/3527/3114 3378/3520/3110 3379/3521/3111 3385/3528/3115 
f 3385/3528/3115 3379/3521/3111 3261/3374/2899 3260/3375/2900 
f 3379/3521/3111 3363/3495/3099 3262/3376/2901 3261/3374/2899 
s 2
f 3262/3376/2901 3363/3495/3099 3354/3485/3093 3224/3332/2863 
f 3384/3527/3114 3386/3530/2903 3387/3529/3116 3383/3526/2896 
f 3387/3529/3116 3380/3532/3112 3382/3531/2895 3383/3526/2896 
s 4
f 3385/3528/3115 3388/3534/3117 3389/3533/3118 3384/3527/3114 
f 3390/3535/3119 3387/3529/3116 3389/3533/3118 3388/3534/3117 
s 2
f 3381/3536/3113 3380/3532/3112 3387/3529/3116 3390/3535/3119 
f 3268/3386/3078 3381/3536/3113 3390/3535/3119 3269/3385/3079 
s 4
f 3269/3385/3079 3390/3535/3119 3388/3534/3117 3270/3387/3080 
f 3388/3534/3117 3385/3528/3115 3260/3375/2900 3270/3387/3080 
s 1
f 3271/3388/2910 3245/3357/3064 3372/3508/3106 3374/3515/3108 
f 3271/3388/2910 3374/3515/3108 3381/3522/3113 3268/3389/3078 
f 3391/3537/3120 3392/3538/3120 3393/3539/3120 3394/3540/3120 
f 3395/3537/905 3396/3538/905 3397/3539/905 3398/3540/905 
# 3005 polygons - 184 triangles

#
# object LowGlass
#

v  366.1502 1260.3080 526.2286
v  371.1232 1092.2090 599.6251
v  698.2186 1114.0280 592.8759
v  816.6929 1272.7889 521.6236
v  1648.8340 1240.6620 469.8152
v  1675.6650 1219.8750 491.3092
v  1688.4010 1224.6040 442.6690
v  1642.6591 1257.0450 431.7899
v  1442.6940 1231.5480 542.1297
v  1401.5840 1255.2810 530.8599
v  1442.9800 1129.4830 577.6436
v  1519.0590 1153.9100 575.1093
v  -363.1627 904.0086 583.3535
v  -305.2622 948.0005 565.0969
v  -322.0680 953.2048 519.2607
v  -386.0833 904.0574 542.9616
v  961.4377 1273.0710 521.8224
v  943.3053 1088.9449 602.7230
v  1277.3030 1083.2810 592.9330
v  1302.7740 1270.6700 522.2255
v  924.6825 862.9019 677.8062
v  1247.8270 866.4303 674.7571
v  1266.0890 1000.7860 624.0605
v  1470.4270 1046.0750 608.6626
v  1635.2980 1017.8660 627.5643
v  1528.7230 868.9213 674.5453
v  1498.3800 961.1300 640.2534
v  1690.6379 868.8454 676.3758
v  1690.1390 931.1010 657.5328
v  708.8184 989.9008 636.0114
v  660.9329 1061.2870 612.4838
v  373.3588 1018.2140 627.3735
v  122.4584 919.6661 658.4365
v  848.8900 1089.4399 602.7519
v  893.5703 1273.0100 521.7342
v  280.3590 1251.4380 531.2062
v  241.3425 1188.5850 562.9288
v  171.3157 1068.2970 607.7154
v  120.0736 980.2764 640.4879
v  -169.5573 899.1780 665.5146
v  -216.5856 847.7607 677.6646
v  -61.7451 847.3149 681.2419
v  793.7412 863.2994 677.7365
v  237.0371 1238.5389 538.3786
v  176.1337 1199.2271 558.6546
v  -5.3754 1050.2850 619.3627
v  -125.5160 943.4915 653.2039
v  -332.1192 910.4786 610.0417
v  -281.3314 938.7130 617.0122
v  -432.5831 909.1562 330.9032
v  -421.6824 906.8584 404.1766
v  -341.6774 962.0870 396.3292
v  -353.1972 965.4746 308.1851
v  -455.5840 918.7582 -21.0841
v  -442.7681 912.4006 241.7776
v  -357.0142 971.1264 231.2373
v  -365.1361 977.5475 -21.0841
v  132.6054 1269.3990 465.5719
v  142.0215 1281.8650 423.3485
v  85.9972 1244.2340 440.9368
v  105.7068 1244.7070 495.9456
v  137.6054 1286.7841 348.9495
v  71.0828 1245.2800 355.6761
v  124.8701 1292.4080 171.9982
v  52.3501 1246.8370 180.8914
v  120.9221 1295.6650 -21.0531
v  73.9369 1266.1000 -21.0841
v  46.7102 1248.9670 -21.0841
v  -98.1515 1111.9130 499.5586
v  -73.5697 1101.1591 565.9459
v  -111.1015 1114.5861 440.7405
v  -121.4758 1116.2321 374.8173
v  -141.2794 1115.5031 247.5067
v  -143.6789 1117.2950 205.0005
v  -154.6973 1118.2700 -21.0841
v  -246.0323 997.9543 546.7441
v  -218.2925 982.6887 610.6630
v  -259.6011 1003.2730 496.0194
v  -273.9064 1010.7040 389.7792
v  -284.1548 1015.5070 288.3559
v  -290.1332 1017.7780 223.0135
v  -293.7416 1025.9500 -21.0841
v  1655.0291 1267.2310 345.1048
v  1711.7240 1229.1801 337.6670
v  2070.1389 908.0721 615.8644
v  2107.9541 908.9240 547.4430
v  1902.2581 1069.9420 496.1798
v  1878.9230 1065.4210 564.8702
v  2152.5840 914.8712 277.4326
v  1939.8230 1074.4091 307.5405
v  2160.0991 916.0641 150.3558
v  1945.1290 1076.4960 235.5567
v  2161.8430 916.5909 -21.0841
v  1949.2340 1081.2321 -21.0841
v  1787.1500 1135.5270 534.9267
v  1798.1630 1147.0010 470.1196
v  1828.1591 1152.3630 322.6120
v  1831.3300 1154.4840 279.2257
v  1844.3850 1156.4670 -21.0841
v  1725.3680 1237.9320 -21.0841
v  1670.4340 1272.3390 -21.0841
v  698.2186 1114.0280 -635.0439
v  371.1232 1092.2090 -641.7932
v  366.1502 1260.3080 -568.3967
v  816.6929 1272.7889 -563.7917
v  1688.4010 1224.6040 -484.8372
v  1675.6650 1219.8750 -533.4773
v  1648.8340 1240.6620 -511.9833
v  1642.6591 1257.0450 -473.9580
v  1442.9800 1129.4830 -619.8117
v  1401.5840 1255.2810 -573.0280
v  1442.6940 1231.5480 -584.2979
v  1519.0590 1153.9100 -617.2775
v  -322.0680 953.2048 -561.4288
v  -305.2622 948.0005 -607.2650
v  -363.1627 904.0086 -625.5217
v  -386.0833 904.0574 -585.1298
v  1277.3030 1083.2810 -635.1011
v  943.3053 1088.9449 -644.8911
v  961.4377 1273.0710 -563.9905
v  1302.7740 1270.6700 -564.3936
v  1266.0890 1000.7860 -666.2286
v  1247.8270 866.4303 -716.9252
v  924.6825 862.9019 -719.9742
v  1470.4270 1046.0750 -650.8307
v  1635.2980 1017.8660 -669.7325
v  1498.3800 961.1300 -682.4215
v  1528.7230 868.9213 -716.7134
v  1690.1390 931.1010 -699.7009
v  1690.6379 868.8454 -718.5439
v  373.3588 1018.2140 -669.5417
v  660.9329 1061.2870 -654.6519
v  708.8184 989.9008 -678.1794
v  122.4584 919.6661 -700.6046
v  848.8900 1089.4399 -644.9200
v  893.5703 1273.0100 -563.9023
v  241.3425 1188.5850 -605.0970
v  280.3590 1251.4380 -573.3743
v  171.3157 1068.2970 -649.8835
v  120.0736 980.2764 -682.6561
v  -169.5573 899.1780 -707.6828
v  -61.7451 847.3149 -723.4100
v  -216.5856 847.7607 -719.8327
v  793.7412 863.2994 -719.9045
v  176.1337 1199.2271 -600.8228
v  237.0371 1238.5389 -580.5468
v  -5.3754 1050.2850 -661.5309
v  -125.5160 943.4915 -695.3719
v  -281.3314 938.7130 -659.1803
v  -332.1192 910.4786 -652.2098
v  -341.6774 962.0870 -438.4973
v  -421.6824 906.8584 -446.3448
v  -432.5831 909.1562 -373.0713
v  -353.1972 965.4746 -350.3532
v  -357.0142 971.1264 -273.4055
v  -442.7681 912.4006 -283.9457
v  85.9972 1244.2340 -483.1049
v  142.0215 1281.8650 -465.5167
v  132.6054 1269.3990 -507.7400
v  105.7068 1244.7070 -538.1138
v  71.0828 1245.2800 -397.8443
v  137.6054 1286.7841 -391.1176
v  52.3501 1246.8370 -223.0596
v  124.8701 1292.4080 -214.1664
v  120.9221 1295.6650 -21.1150
v  -98.1515 1111.9130 -541.7267
v  -73.5697 1101.1591 -608.1141
v  -111.1015 1114.5861 -482.9086
v  -121.4758 1116.2321 -416.9854
v  -141.2794 1115.5031 -289.6749
v  -143.6789 1117.2950 -247.1686
v  -246.0323 997.9543 -588.9122
v  -218.2925 982.6887 -652.8311
v  -259.6011 1003.2730 -538.1875
v  -273.9064 1010.7040 -431.9473
v  -284.1548 1015.5070 -330.5240
v  -290.1332 1017.7780 -265.1817
v  1655.0291 1267.2310 -387.2729
v  1711.7240 1229.1801 -379.8351
v  1902.2581 1069.9420 -538.3479
v  2107.9541 908.9240 -589.6111
v  2070.1389 908.0721 -658.0325
v  1878.9230 1065.4210 -607.0383
v  1939.8230 1074.4091 -349.7086
v  2152.5840 914.8712 -319.6008
v  1945.1290 1076.4960 -277.7249
v  2160.0991 916.0641 -192.5240
v  1787.1500 1135.5270 -577.0948
v  1798.1630 1147.0010 -512.2877
v  1828.1591 1152.3630 -364.7802
v  1831.3300 1154.4840 -321.3938
v  366.8030 1327.0480 346.9520
v  402.3661 1327.9310 366.3795
v  406.1359 1331.7670 305.3101
v  350.6891 1329.7250 304.5978
v  347.1655 1339.2850 158.3226
v  404.8802 1341.5959 155.3329
v  348.7475 1343.2500 -21.0841
v  399.1642 1345.1150 -21.0841
v  797.9534 1343.3110 363.9282
v  799.0133 1346.2371 310.3573
v  792.8357 1357.1310 135.2367
v  788.6677 1359.5280 -21.0841
v  842.0876 1345.5890 345.4934
v  860.1913 1348.4900 311.1432
v  866.7666 1360.0909 131.4071
v  866.0046 1362.3900 -21.0841
v  406.1359 1331.7670 -347.4782
v  402.3661 1327.9310 -408.5476
v  366.8030 1327.0480 -389.1201
v  350.6891 1329.7250 -346.7659
v  347.1655 1339.2850 -200.4907
v  404.8802 1341.5959 -197.5011
v  799.0133 1346.2371 -352.5254
v  797.9534 1343.3110 -406.0963
v  792.8357 1357.1310 -177.4049
v  860.1913 1348.4900 -353.3114
v  842.0876 1345.5890 -387.6615
v  866.7666 1360.0909 -173.5752
v  -1484.3910 692.8643 523.3290
v  -1489.9640 686.5886 526.9630
v  -1483.6190 690.1514 589.2348
v  -1477.3700 696.8062 592.2280
v  -1477.4460 672.8760 617.3644
v  -1470.5400 677.6924 623.3514
v  -1477.4800 651.9579 632.1511
v  -1470.5780 654.5482 639.7117
v  -1477.5179 631.6932 638.7307
v  -1470.6200 632.1268 646.9915
v  -1476.3630 607.0032 639.4406
v  -1469.3420 604.8089 647.7770
v  -1477.2240 580.8212 630.1409
v  -1470.2939 575.8406 637.4875
v  -1477.3240 564.7969 618.3756
v  -1470.4050 558.1110 624.4702
v  -1478.3240 550.4630 599.5104
v  -1471.5129 542.2515 603.5972
v  -1484.0380 541.2207 565.3206
v  -1477.8340 532.0257 565.7687
v  -1486.6860 552.6826 522.4333
v  -1480.7640 544.7073 518.3173
v  -1486.7650 571.6769 501.3123
v  -1480.8510 565.7231 494.9484
v  -1488.2280 592.3613 490.1745
v  -1482.4700 588.6089 482.6252
v  -1488.7990 610.0692 486.2034
v  -1483.1010 608.2012 478.2315
v  -1488.4480 628.0601 486.3326
v  -1482.7140 628.1070 478.3744
v  -1491.6050 648.9155 492.1565
v  -1486.2070 651.1818 484.8181
v  -1489.5300 666.8196 503.0205
v  -1483.9110 670.9914 496.8383
v  -1490.4950 565.9446 455.8358
v  -1498.6021 573.6993 447.9077
v  -1499.8610 555.0500 426.6382
v  -1491.9611 544.2279 431.0679
v  -1501.7670 545.1450 388.5233
v  -1494.1810 532.6940 386.6840
v  -1507.0389 556.6945 351.0665
v  -1500.3190 546.1429 343.0665
v  -1507.5520 575.1963 331.2576
v  -1500.9170 567.6878 319.9995
v  -1510.9050 613.3270 317.8588
v  -1504.8210 612.0900 304.3969
v  -1512.0811 645.1924 323.1593
v  -1506.1910 649.1965 310.5693
v  -1511.3900 665.0009 335.3126
v  -1505.3850 672.2630 324.7216
v  -1508.7791 683.6952 359.9360
v  -1502.3459 694.0320 353.3949
v  -1503.8110 689.0778 399.1976
v  -1496.5601 700.3000 399.1140
v  -1498.3781 678.9518 428.9074
v  -1490.2330 688.5085 433.7103
v  -1496.7860 662.5777 447.1503
v  -1488.3790 669.4412 454.9538
v  -1495.9821 646.7383 456.5906
v  -1487.4430 650.9968 465.9467
v  -1496.0900 621.4161 462.5836
v  -1487.5690 621.5098 472.9256
v  -1496.5660 606.6561 462.0042
v  -1488.1240 604.3220 472.2508
v  -1496.8000 590.1387 457.2070
v  -1488.3960 585.0877 466.6646
v  -1494.9170 667.2360 536.1422
v  -1490.2770 669.8409 581.6743
v  -1485.7629 657.2097 602.2421
v  -1485.7880 641.9147 613.0539
v  -1485.8160 627.0976 617.8647
v  -1484.9720 609.0446 618.3837
v  -1485.6010 589.9008 611.5840
v  -1485.6740 578.1842 602.9814
v  -1486.4060 567.7036 589.1876
v  -1490.5830 560.9458 564.1887
v  -1492.5200 569.3264 532.8302
v  -1492.5770 583.2147 517.3870
v  -1493.6470 598.3387 509.2432
v  -1494.0640 611.2864 506.3395
v  -1493.8080 624.4411 506.4341
v  -1496.1169 639.6902 510.6924
v  -1494.5990 652.7813 518.6359
v  -1492.7330 614.5974 561.1096
v  -1508.8380 587.9485 432.8407
v  -1509.7030 575.1288 418.2197
v  -1511.0140 568.3199 392.0189
v  -1514.6379 576.2592 366.2705
v  -1514.9910 588.9777 352.6536
v  -1517.2950 615.1893 343.4430
v  -1518.1030 637.0939 347.0867
v  -1517.6281 650.7106 355.4411
v  -1515.8340 663.5614 372.3676
v  -1512.4180 667.2615 399.3565
v  -1508.6840 660.3007 419.7796
v  -1507.5890 649.0449 432.3200
v  -1507.0370 638.1567 438.8094
v  -1507.1110 620.7499 442.9291
v  -1507.4380 610.6036 442.5307
v  -1507.5990 599.2493 439.2332
v  -1511.6200 619.2847 394.7534
v  -1579.7550 388.3125 496.0143
v  -1579.0010 394.5797 498.9097
v  -1584.2800 394.7889 480.6794
v  -1585.3409 388.5618 476.7259
v  -1584.6121 445.4405 479.9672
v  -1585.6920 448.9377 475.9722
v  -1577.9060 449.3664 493.6299
v  -1578.5970 453.6173 490.4281
v  -1571.7469 448.9828 524.1700
v  -1572.0800 453.1600 522.7410
v  -1559.9010 448.8620 573.5180
v  -1559.5460 453.0161 574.9536
v  -1553.1830 449.2055 600.4772
v  -1552.4390 453.4255 603.4777
v  -1546.7700 448.5229 625.5468
v  -1545.6530 452.6119 630.0026
v  -1545.0090 394.7269 625.7618
v  -1543.7900 388.4879 630.2302
v  -1557.1110 394.5040 586.5137
v  -1556.5950 388.2222 588.7039
v  -1566.6460 394.5587 547.5093
v  -1566.6830 388.2874 547.4350
v  -1500.6140 264.4414 496.5237
v  -1514.7740 346.4081 534.5685
v  -1523.5031 346.1944 497.4401
v  -1454.4330 264.1700 674.3134
v  -1472.1949 345.3212 675.9410
v  -1479.4210 345.5329 657.7454
v  -1501.2510 346.1249 587.0518
v  -1484.3910 692.8643 -565.4971
v  -1477.3700 696.8062 -634.3961
v  -1483.6190 690.1514 -631.4030
v  -1489.9640 686.5886 -569.1311
v  -1470.5400 677.6924 -665.5195
v  -1477.4460 672.8760 -659.5326
v  -1470.5780 654.5482 -681.8798
v  -1477.4800 651.9579 -674.3193
v  -1470.6200 632.1268 -689.1596
v  -1477.5179 631.6932 -680.8988
v  -1469.3420 604.8089 -689.9451
v  -1476.3630 607.0032 -681.6087
v  -1470.2939 575.8406 -679.6556
v  -1477.2240 580.8212 -672.3090
v  -1470.4050 558.1110 -666.6384
v  -1477.3240 564.7969 -660.5437
v  -1471.5129 542.2515 -645.7653
v  -1478.3240 550.4630 -641.6785
v  -1477.8340 532.0257 -607.9368
v  -1484.0380 541.2207 -607.4887
v  -1480.7640 544.7073 -560.4854
v  -1486.6860 552.6826 -564.6014
v  -1480.8510 565.7231 -537.1165
v  -1486.7650 571.6769 -543.4805
v  -1482.4700 588.6089 -524.7933
v  -1488.2280 592.3613 -532.3427
v  -1483.1010 608.2012 -520.3996
v  -1488.7990 610.0692 -528.3715
v  -1482.7140 628.1070 -520.5425
v  -1488.4480 628.0601 -528.5007
v  -1486.2070 651.1818 -526.9863
v  -1491.6050 648.9155 -534.3246
v  -1483.9110 670.9914 -539.0065
v  -1489.5300 666.8196 -545.1886
v  -1490.4950 565.9446 -498.0039
v  -1491.9611 544.2279 -473.2360
v  -1499.8610 555.0500 -468.8063
v  -1498.6021 573.6993 -490.0759
v  -1494.1810 532.6940 -428.8521
v  -1501.7670 545.1450 -430.6914
v  -1500.3190 546.1429 -385.2346
v  -1507.0389 556.6945 -393.2346
v  -1500.9170 567.6878 -362.1676
v  -1507.5520 575.1963 -373.4257
v  -1504.8210 612.0900 -346.5650
v  -1510.9050 613.3270 -360.0269
v  -1506.1910 649.1965 -352.7374
v  -1512.0811 645.1924 -365.3274
v  -1505.3850 672.2630 -366.8897
v  -1511.3900 665.0009 -377.4807
v  -1502.3459 694.0320 -395.5630
v  -1508.7791 683.6952 -402.1042
v  -1496.5601 700.3000 -441.2821
v  -1503.8110 689.0778 -441.3658
v  -1490.2330 688.5085 -475.8784
v  -1498.3781 678.9518 -471.0755
v  -1488.3790 669.4412 -497.1219
v  -1496.7860 662.5777 -489.3184
v  -1487.4430 650.9968 -508.1148
v  -1495.9821 646.7383 -498.7588
v  -1487.5690 621.5098 -515.0938
v  -1496.0900 621.4161 -504.7518
v  -1488.1240 604.3220 -514.4189
v  -1496.5660 606.6561 -504.1723
v  -1488.3960 585.0877 -508.8327
v  -1496.8000 590.1387 -499.3752
v  -1490.2770 669.8409 -623.8424
v  -1494.9170 667.2360 -578.3103
v  -1485.7629 657.2097 -644.4102
v  -1485.7880 641.9147 -655.2220
v  -1485.8160 627.0976 -660.0328
v  -1484.9720 609.0446 -660.5518
v  -1485.6010 589.9008 -653.7521
v  -1485.6740 578.1842 -645.1495
v  -1486.4060 567.7036 -631.3557
v  -1490.5830 560.9458 -606.3568
v  -1492.5200 569.3264 -574.9984
v  -1492.5770 583.2147 -559.5551
v  -1493.6470 598.3387 -551.4114
v  -1494.0640 611.2864 -548.5077
v  -1493.8080 624.4411 -548.6022
v  -1496.1169 639.6902 -552.8606
v  -1494.5990 652.7813 -560.8040
v  -1492.7330 614.5974 -603.2776
v  -1509.7030 575.1288 -460.3878
v  -1508.8380 587.9485 -475.0089
v  -1511.0140 568.3199 -434.1870
v  -1514.6379 576.2592 -408.4386
v  -1514.9910 588.9777 -394.8217
v  -1517.2950 615.1893 -385.6111
v  -1518.1030 637.0939 -389.2549
v  -1517.6281 650.7106 -397.6092
v  -1515.8340 663.5614 -414.5357
v  -1512.4180 667.2615 -441.5247
v  -1508.6840 660.3007 -461.9477
v  -1507.5890 649.0449 -474.4882
v  -1507.0370 638.1567 -480.9775
v  -1507.1110 620.7499 -485.0973
v  -1507.4380 610.6036 -484.6989
v  -1507.5990 599.2493 -481.4013
v  -1511.6200 619.2847 -436.9215
v  -1579.7550 388.3125 -538.1825
v  -1585.3409 388.5618 -518.8940
v  -1584.2800 394.7889 -522.8476
v  -1579.0010 394.5797 -541.0778
v  -1585.6920 448.9377 -518.1403
v  -1584.6121 445.4405 -522.1353
v  -1578.5970 453.6173 -532.5963
v  -1577.9060 449.3664 -535.7981
v  -1572.0800 453.1600 -564.9092
v  -1571.7469 448.9828 -566.3381
v  -1559.5460 453.0161 -617.1217
v  -1559.9010 448.8620 -615.6861
v  -1552.4390 453.4255 -645.6459
v  -1553.1830 449.2055 -642.6453
v  -1545.6530 452.6119 -672.1708
v  -1546.7700 448.5229 -667.7148
v  -1543.7900 388.4879 -672.3983
v  -1545.0090 394.7269 -667.9299
v  -1556.5950 388.2222 -630.8719
v  -1557.1110 394.5040 -628.6819
v  -1566.6830 388.2874 -589.6031
v  -1566.6460 394.5587 -589.6774
v  -1500.6140 264.4414 -538.6919
v  -1523.5031 346.1944 -539.6082
v  -1514.7740 346.4081 -576.7366
v  -1454.4330 264.1700 -716.4815
v  -1479.4210 345.5329 -699.9135
v  -1472.1949 345.3212 -718.1091
v  -1501.2510 346.1249 -629.2200
v  2473.9561 731.4493 727.1060
v  2480.1509 721.5394 727.1060
v  2490.0769 728.0191 720.8058
v  2490.0779 738.9796 720.8058
v  2509.5100 727.8759 711.2783
v  2509.5110 738.8132 711.2784
v  2523.4661 728.1115 692.4019
v  2523.4670 739.0870 692.4019
v  2538.2300 727.3439 546.1719
v  2538.2310 738.1949 546.1719
v  2551.1521 727.6068 345.3298
v  2551.1521 738.5004 345.3298
v  2555.4690 727.2616 258.6067
v  2555.4700 738.0993 258.6068
v  2539.8320 711.8439 260.1542
v  2526.5449 720.1821 260.1542
v  2548.3201 595.2508 262.1877
v  2543.1960 581.7303 262.1878
v  2554.5210 594.2568 262.4048
v  2554.5220 583.5310 262.4048
v  2551.9041 593.9545 353.7505
v  2551.9041 583.1798 353.7505
v  2541.7290 593.8910 584.0331
v  2541.7290 583.1060 584.0331
v  2534.4280 593.9919 678.6297
v  2534.4280 583.2232 678.6298
v  2524.6799 593.8267 712.1319
v  2524.6799 583.0312 712.1320
v  2495.3269 594.6771 731.5332
v  2495.3279 584.0195 731.5333
v  2480.1311 600.9330 738.9811
v  2472.1030 591.2897 738.9813
v  2472.7161 611.6449 741.0883
v  2463.1479 603.7382 741.0883
v  2474.8240 701.1785 732.9858
v  2466.3401 707.7875 732.9859
v  2491.2280 698.7885 723.1574
v  2525.7271 700.4426 689.5608
v  2531.9141 624.7440 681.7874
v  2512.6880 699.7994 711.4570
v  2494.2571 621.8674 729.3457
v  2520.9399 626.8746 711.9214
v  2473.9561 731.4493 -769.2741
v  2490.0779 738.9796 -762.9740
v  2490.0769 728.0191 -762.9740
v  2480.1509 721.5394 -769.2741
v  2509.5110 738.8132 -753.4465
v  2509.5100 727.8759 -753.4464
v  2523.4670 739.0870 -734.5701
v  2523.4661 728.1115 -734.5701
v  2538.2310 738.1949 -588.3400
v  2538.2300 727.3439 -588.3400
v  2551.1521 738.5004 -387.4980
v  2551.1521 727.6068 -387.4979
v  2555.4700 738.0993 -300.7749
v  2555.4690 727.2616 -300.7748
v  2526.5449 720.1821 -302.3223
v  2539.8320 711.8439 -302.3223
v  2543.1960 581.7303 -304.3559
v  2548.3201 595.2508 -304.3559
v  2554.5220 583.5310 -304.5729
v  2554.5210 594.2568 -304.5729
v  2551.9041 583.1798 -395.9187
v  2551.9041 593.9545 -395.9186
v  2541.7290 583.1060 -626.2012
v  2541.7290 593.8910 -626.2012
v  2534.4280 583.2232 -720.7979
v  2534.4280 593.9919 -720.7978
v  2524.6799 583.0312 -754.3000
v  2524.6799 593.8267 -754.3000
v  2495.3279 584.0195 -773.7014
v  2495.3269 594.6771 -773.7013
v  2472.1030 591.2897 -781.1494
v  2480.1311 600.9330 -781.1492
v  2463.1479 603.7382 -783.2564
v  2472.7161 611.6449 -783.2563
v  2466.3401 707.7875 -775.1540
v  2474.8240 701.1785 -775.1539
v  2491.2280 698.7885 -765.3256
v  2531.9141 624.7440 -723.9555
v  2525.7271 700.4426 -731.7289
v  2512.6880 699.7994 -753.6251
v  2494.2571 621.8674 -771.5138
v  2520.9399 626.8746 -754.0895
# 563 vertices

vn 0.0048 0.4003 0.9164
vn 0.0010 0.3700 0.9290
vn -0.0039 0.3840 0.9233
vn -0.0024 0.4109 0.9117
vn 0.4224 0.8553 0.2999
vn 0.5149 0.8297 0.2155
vn 0.5368 0.8226 0.1875
vn 0.5321 0.8204 0.2094
vn -0.0628 0.3372 0.9393
vn -0.0395 0.3369 0.9407
vn -0.0416 0.3362 0.9409
vn -0.0697 0.3154 0.9464
vn -0.5056 0.7998 0.3235
vn -0.5245 0.7845 0.3308
vn -0.5509 0.8058 0.2172
vn -0.5392 0.8113 0.2260
vn 0.0017 0.4021 0.9156
vn 0.0289 0.3576 0.9334
vn 0.0117 0.3510 0.9363
vn -0.0127 0.3545 0.9350
vn 0.0055 0.3148 0.9491
vn 0.0016 0.3528 0.9357
vn 0.0143 0.3513 0.9362
vn -0.0304 0.3396 0.9401
vn -0.0582 0.2984 0.9527
vn -0.0072 0.3465 0.9380
vn -0.0189 0.3430 0.9391
vn -0.0107 0.2896 0.9571
vn -0.0400 0.2943 0.9549
vn 0.0005 0.3133 0.9496
vn 0.0083 0.3330 0.9429
vn 0.0015 0.3178 0.9482
vn 0.0027 0.2921 0.9564
vn 0.0012 0.3637 0.9315
vn -0.0025 0.4043 0.9146
vn 0.0084 0.4464 0.8948
vn 0.0182 0.3991 0.9167
vn 0.0120 0.3428 0.9393
vn 0.0073 0.2325 0.9726
vn -0.0217 0.2486 0.9684
vn -0.0184 0.3429 0.9392
vn -0.0002 0.3129 0.9498
vn 0.0201 0.4336 0.9009
vn 0.0041 0.3941 0.9191
vn 0.0346 0.2811 0.9591
vn 0.0103 0.2647 0.9643
vn -0.4889 0.7861 0.3781
vn -0.4993 0.7833 0.3703
vn -0.5561 0.8249 0.1017
vn -0.5543 0.8218 0.1322
vn -0.5626 0.8170 0.1268
vn -0.5614 0.8219 0.0965
vn -0.5450 0.8385 -0.0000
vn -0.5576 0.8270 0.0712
vn -0.5621 0.8246 0.0637
vn -0.5530 0.8332 -0.0000
vn -0.6129 0.7844 0.0949
vn -0.5322 0.8404 0.1029
vn -0.5346 0.8330 0.1429
vn -0.5553 0.8092 0.1920
vn -0.5223 0.8494 0.0755
vn -0.5355 0.8403 0.0844
vn -0.5277 0.8483 0.0440
vn -0.5375 0.8421 0.0444
vn -0.5324 0.8461 0.0252
vn -0.5326 0.8464 -0.0001
vn -0.5386 0.8426 -0.0000
vn -0.5300 0.8138 0.2384
vn -0.5258 0.7872 0.3222
vn -0.5493 0.8250 0.1330
vn -0.5540 0.8271 0.0946
vn -0.5503 0.8317 0.0734
vn -0.5519 0.8325 0.0484
vn -0.5489 0.8359 -0.0000
vn -0.5328 0.7842 0.3181
vn -0.5000 0.7679 0.4004
vn -0.5596 0.8085 0.1820
vn -0.5648 0.8172 0.1144
vn -0.5611 0.8231 0.0878
vn -0.5614 0.8255 0.0579
vn -0.5571 0.8304 -0.0000
vn 0.5639 0.8182 0.1120
vn 0.5583 0.8233 0.1026
vn 0.5517 0.7724 0.3146
vn 0.5701 0.7947 0.2084
vn 0.5653 0.8034 0.1872
vn 0.5580 0.7938 0.2418
vn 0.6050 0.7926 0.0757
vn 0.5929 0.7988 0.1021
vn 0.6036 0.7970 0.0223
vn 0.5932 0.8038 0.0459
vn 0.6123 0.7907 -0.0000
vn 0.5977 0.8017 -0.0000
vn 0.5347 0.8118 0.2346
vn 0.5439 0.8176 0.1888
vn 0.5686 0.8148 0.1135
vn 0.5632 0.8245 0.0549
vn 0.5741 0.8188 -0.0000
vn 0.5481 0.8364 -0.0000
vn 0.5308 0.8475 -0.0000
vn -0.0039 0.3840 -0.9233
vn 0.0010 0.3700 -0.9290
vn 0.0048 0.4003 -0.9164
vn -0.0024 0.4109 -0.9117
vn 0.5368 0.8226 -0.1875
vn 0.5149 0.8297 -0.2155
vn 0.4224 0.8553 -0.2999
vn 0.5321 0.8204 -0.2094
vn -0.0416 0.3362 -0.9409
vn -0.0395 0.3369 -0.9407
vn -0.0628 0.3372 -0.9393
vn -0.0698 0.3154 -0.9464
vn -0.5509 0.8058 -0.2172
vn -0.5245 0.7845 -0.3308
vn -0.5056 0.7998 -0.3235
vn -0.5392 0.8113 -0.2260
vn 0.0117 0.3510 -0.9363
vn 0.0289 0.3576 -0.9334
vn 0.0017 0.4021 -0.9156
vn -0.0127 0.3545 -0.9350
vn 0.0143 0.3513 -0.9362
vn 0.0016 0.3528 -0.9357
vn 0.0055 0.3148 -0.9491
vn -0.0304 0.3396 -0.9401
vn -0.0582 0.2984 -0.9527
vn -0.0189 0.3430 -0.9391
vn -0.0072 0.3465 -0.9380
vn -0.0400 0.2943 -0.9549
vn -0.0107 0.2896 -0.9571
vn 0.0015 0.3178 -0.9482
vn 0.0083 0.3330 -0.9429
vn 0.0005 0.3133 -0.9496
vn 0.0027 0.2921 -0.9564
vn 0.0012 0.3637 -0.9315
vn -0.0025 0.4043 -0.9146
vn 0.0182 0.3991 -0.9167
vn 0.0084 0.4464 -0.8948
vn 0.0120 0.3428 -0.9393
vn 0.0073 0.2325 -0.9726
vn -0.0184 0.3429 -0.9392
vn -0.0217 0.2486 -0.9684
vn -0.0002 0.3129 -0.9498
vn 0.0041 0.3941 -0.9191
vn 0.0201 0.4336 -0.9009
vn 0.0346 0.2811 -0.9591
vn 0.0103 0.2647 -0.9643
vn -0.4993 0.7833 -0.3703
vn -0.4889 0.7861 -0.3781
vn -0.5626 0.8170 -0.1268
vn -0.5543 0.8218 -0.1322
vn -0.5561 0.8249 -0.1017
vn -0.5614 0.8219 -0.0965
vn -0.5621 0.8246 -0.0637
vn -0.5576 0.8270 -0.0712
vn -0.5346 0.8330 -0.1429
vn -0.5322 0.8404 -0.1029
vn -0.6129 0.7844 -0.0949
vn -0.5553 0.8092 -0.1920
vn -0.5355 0.8403 -0.0844
vn -0.5223 0.8494 -0.0755
vn -0.5375 0.8421 -0.0444
vn -0.5277 0.8483 -0.0440
vn -0.5324 0.8461 -0.0252
vn -0.5300 0.8138 -0.2384
vn -0.5258 0.7872 -0.3222
vn -0.5493 0.8250 -0.1330
vn -0.5540 0.8271 -0.0946
vn -0.5503 0.8317 -0.0734
vn -0.5519 0.8325 -0.0484
vn -0.5328 0.7842 -0.3181
vn -0.5000 0.7679 -0.4004
vn -0.5596 0.8085 -0.1820
vn -0.5648 0.8172 -0.1144
vn -0.5611 0.8231 -0.0878
vn -0.5614 0.8255 -0.0579
vn 0.5639 0.8182 -0.1120
vn 0.5583 0.8233 -0.1026
vn 0.5653 0.8034 -0.1872
vn 0.5701 0.7947 -0.2084
vn 0.5517 0.7724 -0.3146
vn 0.5580 0.7938 -0.2418
vn 0.5929 0.7988 -0.1021
vn 0.6050 0.7926 -0.0757
vn 0.5932 0.8038 -0.0459
vn 0.6036 0.7970 -0.0223
vn 0.5347 0.8118 -0.2346
vn 0.5439 0.8176 -0.1888
vn 0.5686 0.8148 -0.1135
vn 0.5632 0.8245 -0.0549
vn -0.0744 0.9931 0.0911
vn -0.0464 0.9971 0.0598
vn -0.0375 0.9973 0.0630
vn -0.0376 0.9968 0.0709
vn -0.0377 0.9983 0.0446
vn -0.0377 0.9983 0.0434
vn -0.0370 0.9993 -0.0000
vn -0.0345 0.9980 0.0538
vn -0.0375 0.9976 0.0586
vn -0.0379 0.9985 0.0399
vn -0.0209 0.9971 0.0732
vn -0.0375 0.9973 0.0636
vn -0.0380 0.9986 0.0381
vn -0.0375 0.9973 -0.0630
vn -0.0464 0.9971 -0.0598
vn -0.0744 0.9931 -0.0911
vn -0.0376 0.9968 -0.0709
vn -0.0377 0.9983 -0.0446
vn -0.0377 0.9983 -0.0434
vn -0.0375 0.9976 -0.0586
vn -0.0345 0.9980 -0.0538
vn -0.0379 0.9985 -0.0399
vn -0.0375 0.9973 -0.0636
vn -0.0209 0.9971 -0.0732
vn -0.0380 0.9986 -0.0381
vn -0.7875 0.5822 -0.2022
vn -0.8846 0.4497 -0.1238
vn -0.8591 0.4584 0.2277
vn -0.7592 0.5815 0.2921
vn -0.8381 0.3432 0.4241
vn -0.7436 0.4322 0.5101
vn -0.8490 0.2417 0.4699
vn -0.7542 0.2902 0.5891
vn -0.8546 0.0744 0.5140
vn -0.7670 0.0855 0.6360
vn -0.8507 -0.0851 0.5187
vn -0.7742 -0.1086 0.6235
vn -0.8592 -0.2225 0.4607
vn -0.7859 -0.2807 0.5510
vn -0.8614 -0.3402 0.3772
vn -0.7933 -0.4141 0.4463
vn -0.8626 -0.4080 0.2989
vn -0.8001 -0.4950 0.3388
vn -0.8872 -0.4514 0.0954
vn -0.8268 -0.5527 0.1047
vn -0.8978 -0.3985 -0.1873
vn -0.8345 -0.4977 -0.2362
vn -0.8965 -0.2943 -0.3311
vn -0.8273 -0.3709 -0.4218
vn -0.9017 -0.1864 -0.3900
vn -0.8257 -0.2387 -0.5111
vn -0.9030 -0.0472 -0.4270
vn -0.8193 -0.0713 -0.5689
vn -0.8950 0.0056 -0.4459
vn -0.8111 0.0291 -0.5842
vn -0.9112 0.1521 -0.3829
vn -0.8177 0.2010 -0.5394
vn -0.8920 0.3248 -0.3143
vn -0.7943 0.4212 -0.4377
vn -0.8025 -0.3326 0.4953
vn -0.8469 -0.2865 0.4480
vn -0.8642 -0.4229 0.2726
vn -0.8252 -0.4815 0.2953
vn -0.8810 -0.4670 0.0756
vn -0.8478 -0.5263 0.0661
vn -0.9166 -0.3768 -0.1337
vn -0.8854 -0.4300 -0.1766
vn -0.9266 -0.2440 -0.2863
vn -0.8970 -0.2809 -0.3413
vn -0.9390 -0.0851 -0.3331
vn -0.9105 -0.0931 -0.4029
vn -0.9438 0.1142 -0.3103
vn -0.9132 0.1371 -0.3837
vn -0.9338 0.2790 -0.2240
vn -0.9009 0.3241 -0.2886
vn -0.9078 0.4149 -0.0616
vn -0.8725 0.4774 -0.1037
vn -0.8694 0.4612 0.1771
vn -0.8259 0.5350 0.1781
vn -0.8351 0.4156 0.3605
vn -0.7882 0.4752 0.3910
vn -0.8264 0.3220 0.4619
vn -0.7759 0.3666 0.5134
vn -0.8189 0.2003 0.5379
vn -0.7686 0.2267 0.5982
vn -0.8200 0.0711 0.5679
vn -0.7700 0.0732 0.6338
vn -0.8277 -0.0704 0.5568
vn -0.7784 -0.0845 0.6221
vn -0.8303 -0.1732 0.5297
vn -0.7832 -0.2020 0.5881
vn -0.9911 0.1328 0.0001
vn -0.9744 0.1377 0.1776
vn -0.9632 0.1225 0.2394
vn -0.9679 0.1138 0.2243
vn -0.9671 0.0211 0.2534
vn -0.9620 -0.0510 0.2681
vn -0.9645 -0.1085 0.2407
vn -0.9639 -0.1704 0.2046
vn -0.9620 -0.1854 0.2005
vn -0.9752 -0.1938 0.1066
vn -0.9852 -0.1639 -0.0509
vn -0.9864 -0.1254 -0.1059
vn -0.9893 -0.0926 -0.1126
vn -0.9921 -0.0199 -0.1239
vn -0.9891 -0.0441 -0.1404
vn -0.9957 0.0133 -0.0915
vn -0.9924 0.1080 -0.0596
vn -0.9961 -0.0211 0.0859
vn -0.9587 -0.1203 0.2577
vn -0.9647 -0.2057 0.1642
vn -0.9681 -0.2340 0.0899
vn -0.9850 -0.1728 -0.0050
vn -0.9895 -0.1169 -0.0851
vn -0.9936 -0.0691 -0.0895
vn -0.9972 0.0241 -0.0713
vn -0.9940 0.1064 -0.0270
vn -0.9829 0.1777 0.0477
vn -0.9658 0.1964 0.1694
vn -0.9515 0.1874 0.2438
vn -0.9514 0.1521 0.2679
vn -0.9478 0.1010 0.3026
vn -0.9487 0.0488 0.3124
vn -0.9524 -0.0265 0.3035
vn -0.9523 -0.0682 0.2976
vn -0.9943 -0.0134 0.1061
vn -0.9638 -0.0072 0.2667
vn -0.9655 0.0207 0.2596
vn -0.9623 -0.0061 0.2720
vn -0.9622 -0.0089 0.2723
vn -0.9309 0.0588 0.3605
vn -0.9391 0.0892 0.3319
vn -0.9562 0.0478 0.2888
vn -0.9368 0.1002 0.3352
vn -0.9766 -0.0020 0.2151
vn -0.9773 -0.0055 0.2116
vn -0.9715 0.0040 0.2368
vn -0.9711 0.0006 0.2385
vn -0.9697 0.0023 0.2445
vn -0.9693 -0.0040 0.2459
vn -0.9666 -0.0209 0.2554
vn -0.9661 -0.0168 0.2576
vn -0.9639 -0.0114 0.2660
vn -0.9635 0.0035 0.2677
vn -0.9653 0.0064 0.2610
vn -0.9621 0.0159 0.2723
vn -0.9704 0.0076 0.2413
vn -0.9703 0.0029 0.2420
vn -0.9331 -0.2709 0.2364
vn -0.9346 -0.2693 0.2324
vn -0.9383 -0.2652 0.2221
vn -0.9289 -0.2470 0.2759
vn -0.9102 -0.2064 0.3591
vn -0.9232 -0.2192 0.3158
vn -0.9310 -0.2667 0.2491
vn -0.7875 0.5822 0.2022
vn -0.7592 0.5816 -0.2921
vn -0.8591 0.4584 -0.2277
vn -0.8846 0.4497 0.1238
vn -0.7436 0.4322 -0.5101
vn -0.8381 0.3432 -0.4241
vn -0.7542 0.2902 -0.5891
vn -0.8490 0.2417 -0.4699
vn -0.7670 0.0855 -0.6360
vn -0.8546 0.0744 -0.5140
vn -0.7742 -0.1086 -0.6235
vn -0.8507 -0.0851 -0.5187
vn -0.7859 -0.2807 -0.5510
vn -0.8592 -0.2225 -0.4607
vn -0.7933 -0.4141 -0.4463
vn -0.8614 -0.3402 -0.3772
vn -0.8001 -0.4950 -0.3388
vn -0.8626 -0.4080 -0.2989
vn -0.8268 -0.5527 -0.1047
vn -0.8872 -0.4514 -0.0954
vn -0.8345 -0.4977 0.2362
vn -0.8978 -0.3985 0.1873
vn -0.8273 -0.3709 0.4218
vn -0.8965 -0.2943 0.3311
vn -0.8257 -0.2387 0.5111
vn -0.9018 -0.1864 0.3900
vn -0.8193 -0.0713 0.5689
vn -0.9030 -0.0472 0.4270
vn -0.8111 0.0291 0.5842
vn -0.8950 0.0056 0.4459
vn -0.8177 0.2010 0.5394
vn -0.9112 0.1521 0.3829
vn -0.7943 0.4212 0.4377
vn -0.8920 0.3248 0.3143
vn -0.8025 -0.3326 -0.4953
vn -0.8252 -0.4815 -0.2953
vn -0.8642 -0.4229 -0.2726
vn -0.8469 -0.2865 -0.4480
vn -0.8478 -0.5263 -0.0661
vn -0.8810 -0.4670 -0.0756
vn -0.8854 -0.4300 0.1766
vn -0.9166 -0.3768 0.1337
vn -0.8970 -0.2809 0.3413
vn -0.9266 -0.2440 0.2863
vn -0.9105 -0.0931 0.4029
vn -0.9390 -0.0851 0.3331
vn -0.9132 0.1371 0.3837
vn -0.9438 0.1142 0.3103
vn -0.9009 0.3241 0.2886
vn -0.9338 0.2790 0.2240
vn -0.8725 0.4774 0.1037
vn -0.9078 0.4149 0.0616
vn -0.8259 0.5350 -0.1781
vn -0.8694 0.4612 -0.1771
vn -0.7882 0.4752 -0.3910
vn -0.8351 0.4156 -0.3605
vn -0.7759 0.3666 -0.5134
vn -0.8264 0.3220 -0.4619
vn -0.7686 0.2267 -0.5982
vn -0.8189 0.2003 -0.5379
vn -0.7700 0.0732 -0.6338
vn -0.8200 0.0711 -0.5679
vn -0.7784 -0.0845 -0.6221
vn -0.8277 -0.0704 -0.5568
vn -0.7832 -0.2020 -0.5881
vn -0.8303 -0.1732 -0.5297
vn -0.9744 0.1377 -0.1776
vn -0.9911 0.1328 -0.0001
vn -0.9632 0.1225 -0.2394
vn -0.9679 0.1138 -0.2243
vn -0.9671 0.0211 -0.2534
vn -0.9620 -0.0510 -0.2681
vn -0.9645 -0.1085 -0.2407
vn -0.9639 -0.1704 -0.2046
vn -0.9620 -0.1854 -0.2005
vn -0.9752 -0.1938 -0.1066
vn -0.9852 -0.1639 0.0509
vn -0.9864 -0.1254 0.1059
vn -0.9893 -0.0926 0.1126
vn -0.9921 -0.0199 0.1239
vn -0.9891 -0.0441 0.1404
vn -0.9957 0.0133 0.0915
vn -0.9924 0.1080 0.0596
vn -0.9961 -0.0211 -0.0859
vn -0.9647 -0.2057 -0.1642
vn -0.9587 -0.1203 -0.2577
vn -0.9681 -0.2340 -0.0899
vn -0.9850 -0.1728 0.0050
vn -0.9895 -0.1169 0.0851
vn -0.9936 -0.0691 0.0895
vn -0.9972 0.0241 0.0713
vn -0.9940 0.1064 0.0270
vn -0.9829 0.1777 -0.0477
vn -0.9658 0.1964 -0.1694
vn -0.9515 0.1874 -0.2438
vn -0.9514 0.1521 -0.2679
vn -0.9478 0.1010 -0.3026
vn -0.9487 0.0488 -0.3124
vn -0.9524 -0.0265 -0.3035
vn -0.9523 -0.0682 -0.2976
vn -0.9943 -0.0134 -0.1061
vn -0.9638 -0.0072 -0.2667
vn -0.9622 -0.0089 -0.2723
vn -0.9623 -0.0061 -0.2720
vn -0.9655 0.0207 -0.2596
vn -0.9391 0.0892 -0.3319
vn -0.9309 0.0588 -0.3605
vn -0.9368 0.1002 -0.3352
vn -0.9562 0.0478 -0.2888
vn -0.9773 -0.0055 -0.2116
vn -0.9766 -0.0020 -0.2151
vn -0.9711 0.0006 -0.2385
vn -0.9715 0.0040 -0.2368
vn -0.9693 -0.0040 -0.2459
vn -0.9697 0.0023 -0.2445
vn -0.9661 -0.0168 -0.2576
vn -0.9666 -0.0209 -0.2554
vn -0.9635 0.0035 -0.2677
vn -0.9639 -0.0114 -0.2660
vn -0.9621 0.0159 -0.2723
vn -0.9653 0.0064 -0.2610
vn -0.9703 0.0029 -0.2420
vn -0.9704 0.0076 -0.2413
vn -0.9331 -0.2709 -0.2364
vn -0.9383 -0.2652 -0.2221
vn -0.9346 -0.2693 -0.2324
vn -0.9289 -0.2470 -0.2759
vn -0.9232 -0.2192 -0.3158
vn -0.9102 -0.2064 -0.3591
vn -0.9310 -0.2667 -0.2491
vn 0.2719 0.1700 0.9472
vn 0.3931 0.1818 0.9013
vn 0.4813 0.0373 0.8758
vn 0.4081 -0.0000 0.9129
vn 0.6349 0.0385 0.7716
vn 0.6406 -0.0001 0.7679
vn 0.9288 0.0182 0.3701
vn 0.9330 -0.0001 0.3599
vn 0.9965 0.0246 0.0801
vn 0.9966 -0.0001 0.0824
vn 0.9984 0.0046 0.0568
vn 0.9984 0.0000 0.0570
vn 0.6895 -0.0075 -0.7242
vn 0.8511 -0.0001 -0.5250
vn -0.0426 -0.0323 -0.9986
vn -0.0194 -0.0309 -0.9993
vn 0.0353 -0.0141 -0.9993
vn 0.0232 -0.0088 -0.9997
vn 0.7310 -0.0113 -0.6823
vn 0.6906 0.0001 -0.7232
vn 0.9993 0.0040 0.0366
vn 0.9993 0.0000 0.0364
vn 0.9977 0.0238 0.0638
vn 0.9982 0.0000 0.0606
vn 0.9840 0.0314 0.1754
vn 0.9838 0.0000 0.1793
vn 0.8082 0.0469 0.5871
vn 0.8067 0.0000 0.5910
vn 0.5023 0.0398 0.8638
vn 0.4461 0.0001 0.8950
vn 0.3456 -0.0447 0.9373
vn 0.1722 -0.1433 0.9746
vn 0.1764 0.0444 0.9833
vn 0.0349 -0.0422 0.9985
vn 0.3044 0.1165 0.9454
vn 0.1203 0.1544 0.9806
vn 0.4977 0.0890 0.8628
vn 0.9485 0.0453 0.3134
vn 0.9760 0.0582 0.2099
vn 0.6891 0.0826 0.7200
vn 0.4890 0.0891 0.8677
vn 0.7786 0.0921 0.6207
vn 0.2719 0.1700 -0.9472
vn 0.4081 -0.0000 -0.9129
vn 0.4813 0.0373 -0.8758
vn 0.3931 0.1818 -0.9014
vn 0.6406 -0.0001 -0.7679
vn 0.6349 0.0385 -0.7716
vn 0.9330 -0.0001 -0.3599
vn 0.9288 0.0182 -0.3701
vn 0.9966 -0.0001 -0.0824
vn 0.9965 0.0246 -0.0801
vn 0.9984 -0.0000 -0.0570
vn 0.9984 0.0046 -0.0568
vn 0.8511 -0.0001 0.5250
vn 0.6895 -0.0075 0.7242
vn -0.0194 -0.0309 0.9993
vn -0.0426 -0.0323 0.9986
vn 0.0232 -0.0088 0.9997
vn 0.0353 -0.0141 0.9993
vn 0.6906 0.0001 0.7232
vn 0.7310 -0.0113 0.6823
vn 0.9993 0.0000 -0.0364
vn 0.9993 0.0040 -0.0366
vn 0.9982 0.0000 -0.0606
vn 0.9977 0.0238 -0.0638
vn 0.9838 0.0000 -0.1793
vn 0.9840 0.0314 -0.1754
vn 0.8067 0.0000 -0.5910
vn 0.8082 0.0469 -0.5871
vn 0.4461 0.0001 -0.8950
vn 0.5023 0.0398 -0.8638
vn 0.1722 -0.1433 -0.9746
vn 0.3456 -0.0447 -0.9373
vn 0.0349 -0.0422 -0.9985
vn 0.1764 0.0444 -0.9833
vn 0.1203 0.1544 -0.9806
vn 0.3044 0.1165 -0.9454
vn 0.4977 0.0890 -0.8628
vn 0.9760 0.0582 -0.2099
vn 0.9485 0.0453 -0.3134
vn 0.6891 0.0826 -0.7200
vn 0.4890 0.0891 -0.8677
vn 0.7786 0.0921 -0.6207
# 558 vertex normals

vt 0.4997 0.7580 0.0000
vt 0.5825 0.7578 0.0000
vt 0.5766 0.9057 0.0000
vt 0.4997 0.9614 0.0000
vt 0.3360 0.0712 0.0000
vt 0.3514 0.0616 0.0000
vt 0.3549 0.0841 0.0000
vt 0.3296 0.0890 0.0000
vt 0.0265 0.8275 0.0000
vt 0.0145 0.8091 0.0000
vt 0.0753 0.8272 0.0000
vt 0.0648 0.8617 0.0000
vt 0.2882 0.5710 0.0000
vt 0.2554 0.5625 0.0000
vt 0.2604 0.5409 0.0000
vt 0.2968 0.5518 0.0000
vt 0.0039 0.6105 0.0000
vt 0.0946 0.6015 0.0000
vt 0.0966 0.7523 0.0000
vt 0.0063 0.7645 0.0000
vt 0.2020 0.5923 0.0000
vt 0.2011 0.7382 0.0000
vt 0.1364 0.7469 0.0000
vt 0.1155 0.8393 0.0000
vt 0.1310 0.9137 0.0000
vt 0.2010 0.8649 0.0000
vt 0.1565 0.8516 0.0000
vt 0.2020 0.9380 0.0000
vt 0.1726 0.9380 0.0000
vt 0.6360 0.9087 0.0000
vt 0.6015 0.8881 0.0000
vt 0.6182 0.7577 0.0000
vt 0.6614 0.6432 0.0000
vt 0.5905 0.9733 0.0000
vt 0.5006 0.9961 0.0000
vt 0.5031 0.7192 0.0000
vt 0.5343 0.7006 0.0000
vt 0.5912 0.6673 0.0000
vt 0.6329 0.6429 0.0000
vt 0.6672 0.5111 0.0000
vt 0.6904 0.4892 0.0000
vt 0.6932 0.5591 0.0000
vt 0.6973 0.9452 0.0000
vt 0.5091 0.6995 0.0000
vt 0.5282 0.6714 0.0000
vt 0.5982 0.5873 0.0000
vt 0.6471 0.5316 0.0000
vt 0.2749 0.5841 0.0000
vt 0.2488 0.5878 0.0000
vt 0.3130 0.4551 0.0000
vt 0.3095 0.4884 0.0000
vt 0.2656 0.4848 0.0000
vt 0.2691 0.4448 0.0000
vt 0.3193 0.2959 0.0000
vt 0.3160 0.4147 0.0000
vt 0.2691 0.4099 0.0000
vt 0.2706 0.2959 0.0000
vt 0.0106 0.5161 0.0000
vt 0.0039 0.4969 0.0000
vt 0.0344 0.5048 0.0000
vt 0.0268 0.5301 0.0000
vt 0.0043 0.4631 0.0000
vt 0.0397 0.4661 0.0000
vt 0.0077 0.3831 0.0000
vt 0.0464 0.3870 0.0000
vt 0.0084 0.2959 0.0000
vt 0.0335 0.2959 0.0000
vt 0.0480 0.2959 0.0000
vt 0.1366 0.5315 0.0000
vt 0.1300 0.5632 0.0000
vt 0.1408 0.5047 0.0000
vt 0.1443 0.4747 0.0000
vt 0.1520 0.4171 0.0000
vt 0.1524 0.3979 0.0000
vt 0.1564 0.2959 0.0000
vt 0.2207 0.5535 0.0000
vt 0.2141 0.5850 0.0000
vt 0.2244 0.5300 0.0000
vt 0.2280 0.4817 0.0000
vt 0.2306 0.4357 0.0000
vt 0.2323 0.4061 0.0000
vt 0.2317 0.2959 0.0000
vt 0.3315 0.1287 0.0000
vt 0.3623 0.1321 0.0000
vt 0.5782 0.0039 0.0000
vt 0.5919 0.0364 0.0000
vt 0.4741 0.0600 0.0000
vt 0.4666 0.0281 0.0000
vt 0.6067 0.1592 0.0000
vt 0.4867 0.1459 0.0000
vt 0.6092 0.2167 0.0000
vt 0.4881 0.1784 0.0000
vt 0.6097 0.2942 0.0000
vt 0.4884 0.2942 0.0000
vt 0.4145 0.0417 0.0000
vt 0.4156 0.0718 0.0000
vt 0.4253 0.1390 0.0000
vt 0.4259 0.1587 0.0000
vt 0.4301 0.2942 0.0000
vt 0.3651 0.2942 0.0000
vt 0.3358 0.2942 0.0000
vt 0.7419 0.4204 0.0000
vt 0.7360 0.2725 0.0000
vt 0.8188 0.2727 0.0000
vt 0.8188 0.4761 0.0000
vt 0.3549 0.5043 0.0000
vt 0.3514 0.5268 0.0000
vt 0.3360 0.5171 0.0000
vt 0.3296 0.4994 0.0000
vt 0.3396 0.8286 0.0000
vt 0.4004 0.8105 0.0000
vt 0.3884 0.8290 0.0000
vt 0.3501 0.8632 0.0000
vt 0.2604 0.0508 0.0000
vt 0.2554 0.0292 0.0000
vt 0.2882 0.0208 0.0000
vt 0.2968 0.0399 0.0000
vt 0.3183 0.7537 0.0000
vt 0.3203 0.6029 0.0000
vt 0.4110 0.6119 0.0000
vt 0.4086 0.7659 0.0000
vt 0.2785 0.7483 0.0000
vt 0.2138 0.7396 0.0000
vt 0.2129 0.5937 0.0000
vt 0.2994 0.8407 0.0000
vt 0.2839 0.9151 0.0000
vt 0.2584 0.8530 0.0000
vt 0.2139 0.8663 0.0000
vt 0.2423 0.9394 0.0000
vt 0.2129 0.9394 0.0000
vt 0.7003 0.2724 0.0000
vt 0.7170 0.4028 0.0000
vt 0.6825 0.4234 0.0000
vt 0.6570 0.1579 0.0000
vt 0.7279 0.4880 0.0000
vt 0.8178 0.5108 0.0000
vt 0.7842 0.2153 0.0000
vt 0.8154 0.2339 0.0000
vt 0.7273 0.1820 0.0000
vt 0.6856 0.1576 0.0000
vt 0.6512 0.0258 0.0000
vt 0.6253 0.0737 0.0000
vt 0.6280 0.0039 0.0000
vt 0.6212 0.4599 0.0000
vt 0.7903 0.1861 0.0000
vt 0.8094 0.2142 0.0000
vt 0.7203 0.1020 0.0000
vt 0.6714 0.0463 0.0000
vt 0.2488 0.0039 0.0000
vt 0.2749 0.0076 0.0000
vt 0.2656 0.1070 0.0000
vt 0.3095 0.1034 0.0000
vt 0.3130 0.1366 0.0000
vt 0.2691 0.1470 0.0000
vt 0.2691 0.1819 0.0000
vt 0.3160 0.1771 0.0000
vt 0.0344 0.0870 0.0000
vt 0.0039 0.0949 0.0000
vt 0.0106 0.0757 0.0000
vt 0.0268 0.0617 0.0000
vt 0.0397 0.1257 0.0000
vt 0.0043 0.1286 0.0000
vt 0.0464 0.2047 0.0000
vt 0.0077 0.2087 0.0000
vt 0.1366 0.0602 0.0000
vt 0.1300 0.0286 0.0000
vt 0.1408 0.0871 0.0000
vt 0.1443 0.1170 0.0000
vt 0.1520 0.1746 0.0000
vt 0.1524 0.1938 0.0000
vt 0.2207 0.0382 0.0000
vt 0.2141 0.0067 0.0000
vt 0.2244 0.0617 0.0000
vt 0.2280 0.1101 0.0000
vt 0.2306 0.1561 0.0000
vt 0.2323 0.1856 0.0000
vt 0.3315 0.4596 0.0000
vt 0.3623 0.4562 0.0000
vt 0.4741 0.5284 0.0000
vt 0.5919 0.5519 0.0000
vt 0.5782 0.5845 0.0000
vt 0.4666 0.5603 0.0000
vt 0.4867 0.4425 0.0000
vt 0.6067 0.4291 0.0000
vt 0.4881 0.4100 0.0000
vt 0.6092 0.3717 0.0000
vt 0.4145 0.5466 0.0000
vt 0.4156 0.5166 0.0000
vt 0.4253 0.4493 0.0000
vt 0.4259 0.4297 0.0000
vt 0.7173 0.5267 0.0000
vt 0.7334 0.5180 0.0000
vt 0.7351 0.5456 0.0000
vt 0.7101 0.5459 0.0000
vt 0.7087 0.6121 0.0000
vt 0.7347 0.6134 0.0000
vt 0.7095 0.6931 0.0000
vt 0.7322 0.6931 0.0000
vt 0.9120 0.5191 0.0000
vt 0.9126 0.5433 0.0000
vt 0.9100 0.6225 0.0000
vt 0.9081 0.6931 0.0000
vt 0.9320 0.5274 0.0000
vt 0.9402 0.5430 0.0000
vt 0.9434 0.6242 0.0000
vt 0.9431 0.6931 0.0000
vt 0.7351 0.8405 0.0000
vt 0.7334 0.8681 0.0000
vt 0.7173 0.8594 0.0000
vt 0.7101 0.8402 0.0000
vt 0.7087 0.7740 0.0000
vt 0.7347 0.7727 0.0000
vt 0.9126 0.8428 0.0000
vt 0.9120 0.8670 0.0000
vt 0.9100 0.7636 0.0000
vt 0.9402 0.8431 0.0000
vt 0.9320 0.8587 0.0000
vt 0.9434 0.7619 0.0000
vt 0.9933 0.3874 0.0000
vt 0.9894 0.3859 0.0000
vt 0.9894 0.3577 0.0000
vt 0.9933 0.3557 0.0000
vt 0.9813 0.3448 0.0000
vt 0.9840 0.3410 0.0000
vt 0.9713 0.3388 0.0000
vt 0.9727 0.3343 0.0000
vt 0.9619 0.3364 0.0000
vt 0.9620 0.3316 0.0000
vt 0.9506 0.3365 0.0000
vt 0.9492 0.3317 0.0000
vt 0.9388 0.3415 0.0000
vt 0.9359 0.3373 0.0000
vt 0.9317 0.3472 0.0000
vt 0.9279 0.3438 0.0000
vt 0.9256 0.3562 0.0000
vt 0.9209 0.3540 0.0000
vt 0.9227 0.3723 0.0000
vt 0.9177 0.3722 0.0000
vt 0.9289 0.3916 0.0000
vt 0.9247 0.3940 0.0000
vt 0.9380 0.4009 0.0000
vt 0.9349 0.4046 0.0000
vt 0.9478 0.4054 0.0000
vt 0.9459 0.4097 0.0000
vt 0.9560 0.4068 0.0000
vt 0.9552 0.4112 0.0000
vt 0.9642 0.4064 0.0000
vt 0.9646 0.4108 0.0000
vt 0.9735 0.4027 0.0000
vt 0.9751 0.4066 0.0000
vt 0.9815 0.3974 0.0000
vt 0.9843 0.4006 0.0000
vt 0.9210 0.3302 0.0000
vt 0.9185 0.3245 0.0000
vt 0.9296 0.3179 0.0000
vt 0.9343 0.3223 0.0000
vt 0.9395 0.3028 0.0000
vt 0.9459 0.3043 0.0000
vt 0.9395 0.2846 0.0000
vt 0.9459 0.2828 0.0000
vt 0.9344 0.2733 0.0000
vt 0.9399 0.2693 0.0000
vt 0.9196 0.2621 0.0000
vt 0.9223 0.2560 0.0000
vt 0.9049 0.2600 0.0000
vt 0.9049 0.2535 0.0000
vt 0.8946 0.2625 0.0000
vt 0.8925 0.2565 0.0000
vt 0.8829 0.2708 0.0000
vt 0.8786 0.2663 0.0000
vt 0.8750 0.2872 0.0000
vt 0.8692 0.2858 0.0000
vt 0.8750 0.3018 0.0000
vt 0.8691 0.3032 0.0000
vt 0.8797 0.3121 0.0000
vt 0.8746 0.3154 0.0000
vt 0.8853 0.3184 0.0000
vt 0.8813 0.3230 0.0000
vt 0.8956 0.3245 0.0000
vt 0.8936 0.3302 0.0000
vt 0.9021 0.3262 0.0000
vt 0.9014 0.3323 0.0000
vt 0.9100 0.3265 0.0000
vt 0.9108 0.3326 0.0000
vt 0.9802 0.3824 0.0000
vt 0.9802 0.3619 0.0000
vt 0.9742 0.3527 0.0000
vt 0.9670 0.3483 0.0000
vt 0.9602 0.3466 0.0000
vt 0.9521 0.3467 0.0000
vt 0.9436 0.3503 0.0000
vt 0.9385 0.3544 0.0000
vt 0.9342 0.3609 0.0000
vt 0.9320 0.3726 0.0000
vt 0.9366 0.3865 0.0000
vt 0.9431 0.3931 0.0000
vt 0.9502 0.3964 0.0000
vt 0.9561 0.3974 0.0000
vt 0.9620 0.3971 0.0000
vt 0.9687 0.3946 0.0000
vt 0.9744 0.3907 0.0000
vt 0.9560 0.3726 0.0000
vt 0.9144 0.3151 0.0000
vt 0.9218 0.3106 0.0000
vt 0.9284 0.3004 0.0000
vt 0.9284 0.2882 0.0000
vt 0.9250 0.2806 0.0000
vt 0.9150 0.2731 0.0000
vt 0.9051 0.2716 0.0000
vt 0.8982 0.2734 0.0000
vt 0.8905 0.2789 0.0000
vt 0.8852 0.2900 0.0000
vt 0.8852 0.2998 0.0000
vt 0.8884 0.3067 0.0000
vt 0.8921 0.3109 0.0000
vt 0.8990 0.3150 0.0000
vt 0.9034 0.3162 0.0000
vt 0.9087 0.3164 0.0000
vt 0.9062 0.2946 0.0000
vt 0.8160 0.0794 0.0000
vt 0.8131 0.0807 0.0000
vt 0.8131 0.0722 0.0000
vt 0.8159 0.0704 0.0000
vt 0.7902 0.0717 0.0000
vt 0.7887 0.0698 0.0000
vt 0.7884 0.0785 0.0000
vt 0.7864 0.0770 0.0000
vt 0.7885 0.0926 0.0000
vt 0.7866 0.0919 0.0000
vt 0.7885 0.1155 0.0000
vt 0.7867 0.1161 0.0000
vt 0.7884 0.1280 0.0000
vt 0.7864 0.1294 0.0000
vt 0.7886 0.1397 0.0000
vt 0.7868 0.1417 0.0000
vt 0.8129 0.1400 0.0000
vt 0.8157 0.1421 0.0000
vt 0.8131 0.1215 0.0000
vt 0.8159 0.1225 0.0000
vt 0.8131 0.1034 0.0000
vt 0.8159 0.1033 0.0000
vt 0.9367 0.4185 0.0000
vt 0.8982 0.4335 0.0000
vt 0.8985 0.4163 0.0000
vt 0.9367 0.5014 0.0000
vt 0.8992 0.5001 0.0000
vt 0.8989 0.4913 0.0000
vt 0.8983 0.4579 0.0000
vt 0.8302 0.3914 0.0000
vt 0.8302 0.3597 0.0000
vt 0.8341 0.3617 0.0000
vt 0.8341 0.3899 0.0000
vt 0.8394 0.3451 0.0000
vt 0.8422 0.3489 0.0000
vt 0.8508 0.3383 0.0000
vt 0.8522 0.3429 0.0000
vt 0.8615 0.3356 0.0000
vt 0.8616 0.3405 0.0000
vt 0.8743 0.3358 0.0000
vt 0.8729 0.3406 0.0000
vt 0.8876 0.3414 0.0000
vt 0.8847 0.3456 0.0000
vt 0.8956 0.3479 0.0000
vt 0.8918 0.3513 0.0000
vt 0.9025 0.3580 0.0000
vt 0.8979 0.3603 0.0000
vt 0.9058 0.3762 0.0000
vt 0.9008 0.3764 0.0000
vt 0.8988 0.3980 0.0000
vt 0.8945 0.3957 0.0000
vt 0.8886 0.4086 0.0000
vt 0.8855 0.4050 0.0000
vt 0.8775 0.4137 0.0000
vt 0.8757 0.4095 0.0000
vt 0.8682 0.4153 0.0000
vt 0.8675 0.4108 0.0000
vt 0.8589 0.4149 0.0000
vt 0.8592 0.4104 0.0000
vt 0.8484 0.4107 0.0000
vt 0.8500 0.4068 0.0000
vt 0.8392 0.4047 0.0000
vt 0.8420 0.4015 0.0000
vt 0.7288 0.0806 0.0000
vt 0.7155 0.0727 0.0000
vt 0.7201 0.0684 0.0000
vt 0.7313 0.0750 0.0000
vt 0.7038 0.0548 0.0000
vt 0.7103 0.0532 0.0000
vt 0.7038 0.0333 0.0000
vt 0.7103 0.0351 0.0000
vt 0.7098 0.0197 0.0000
vt 0.7153 0.0237 0.0000
vt 0.7274 0.0065 0.0000
vt 0.7302 0.0126 0.0000
vt 0.7449 0.0039 0.0000
vt 0.7449 0.0104 0.0000
vt 0.7573 0.0069 0.0000
vt 0.7552 0.0130 0.0000
vt 0.7711 0.0167 0.0000
vt 0.7668 0.0212 0.0000
vt 0.7806 0.0363 0.0000
vt 0.7747 0.0377 0.0000
vt 0.7807 0.0537 0.0000
vt 0.7747 0.0523 0.0000
vt 0.7751 0.0659 0.0000
vt 0.7701 0.0625 0.0000
vt 0.7684 0.0734 0.0000
vt 0.7645 0.0689 0.0000
vt 0.7562 0.0806 0.0000
vt 0.7542 0.0749 0.0000
vt 0.7483 0.0827 0.0000
vt 0.7476 0.0767 0.0000
vt 0.7389 0.0831 0.0000
vt 0.7397 0.0770 0.0000
vt 0.8433 0.3659 0.0000
vt 0.8433 0.3864 0.0000
vt 0.8493 0.3567 0.0000
vt 0.8565 0.3523 0.0000
vt 0.8633 0.3506 0.0000
vt 0.8714 0.3508 0.0000
vt 0.8798 0.3543 0.0000
vt 0.8849 0.3585 0.0000
vt 0.8893 0.3650 0.0000
vt 0.8915 0.3766 0.0000
vt 0.8869 0.3905 0.0000
vt 0.8804 0.3972 0.0000
vt 0.8733 0.4005 0.0000
vt 0.8674 0.4015 0.0000
vt 0.8615 0.4011 0.0000
vt 0.8548 0.3986 0.0000
vt 0.8491 0.3947 0.0000
vt 0.8675 0.3766 0.0000
vt 0.7279 0.0611 0.0000
vt 0.7354 0.0655 0.0000
vt 0.7214 0.0508 0.0000
vt 0.7213 0.0386 0.0000
vt 0.7248 0.0311 0.0000
vt 0.7348 0.0235 0.0000
vt 0.7446 0.0221 0.0000
vt 0.7515 0.0238 0.0000
vt 0.7593 0.0293 0.0000
vt 0.7646 0.0404 0.0000
vt 0.7645 0.0502 0.0000
vt 0.7614 0.0571 0.0000
vt 0.7576 0.0614 0.0000
vt 0.7507 0.0655 0.0000
vt 0.7463 0.0666 0.0000
vt 0.7411 0.0668 0.0000
vt 0.7435 0.0450 0.0000
vt 0.5000 0.6410 0.0000
vt 0.5000 0.6500 0.0000
vt 0.4971 0.6482 0.0000
vt 0.4972 0.6396 0.0000
vt 0.4727 0.6506 0.0000
vt 0.4743 0.6487 0.0000
vt 0.4705 0.6434 0.0000
vt 0.4724 0.6419 0.0000
vt 0.4707 0.6285 0.0000
vt 0.4726 0.6278 0.0000
vt 0.4707 0.6043 0.0000
vt 0.4726 0.6049 0.0000
vt 0.4705 0.5910 0.0000
vt 0.4724 0.5924 0.0000
vt 0.4709 0.5786 0.0000
vt 0.4727 0.5807 0.0000
vt 0.4998 0.5782 0.0000
vt 0.4970 0.5803 0.0000
vt 0.5000 0.5979 0.0000
vt 0.4971 0.5989 0.0000
vt 0.5000 0.6170 0.0000
vt 0.4971 0.6170 0.0000
vt 0.4604 0.6517 0.0000
vt 0.4221 0.6539 0.0000
vt 0.4219 0.6367 0.0000
vt 0.4604 0.5688 0.0000
vt 0.4226 0.5789 0.0000
vt 0.4229 0.5700 0.0000
vt 0.4220 0.6123 0.0000
vt 0.8984 0.2417 0.0000
vt 0.8937 0.2393 0.0000
vt 0.8964 0.2339 0.0000
vt 0.9013 0.2337 0.0000
vt 0.8959 0.2240 0.0000
vt 0.9008 0.2239 0.0000
vt 0.8958 0.2133 0.0000
vt 0.9007 0.2133 0.0000
vt 0.8957 0.1468 0.0000
vt 0.9006 0.1469 0.0000
vt 0.8964 0.0560 0.0000
vt 0.9013 0.0560 0.0000
vt 0.8964 0.0169 0.0000
vt 0.9013 0.0169 0.0000
vt 0.8893 0.0100 0.0000
vt 0.8930 0.0039 0.0000
vt 0.8367 0.0153 0.0000
vt 0.8306 0.0131 0.0000
vt 0.8363 0.0181 0.0000
vt 0.8315 0.0181 0.0000
vt 0.8360 0.0594 0.0000
vt 0.8312 0.0594 0.0000
vt 0.8353 0.1634 0.0000
vt 0.8305 0.1634 0.0000
vt 0.8351 0.2061 0.0000
vt 0.8302 0.2061 0.0000
vt 0.8351 0.2217 0.0000
vt 0.8302 0.2219 0.0000
vt 0.8362 0.2375 0.0000
vt 0.8314 0.2378 0.0000
vt 0.8396 0.2448 0.0000
vt 0.8354 0.2486 0.0000
vt 0.8446 0.2479 0.0000
vt 0.8414 0.2525 0.0000
vt 0.8846 0.2430 0.0000
vt 0.8880 0.2466 0.0000
vt 0.8832 0.2344 0.0000
vt 0.8833 0.2119 0.0000
vt 0.8490 0.2077 0.0000
vt 0.8831 0.2234 0.0000
vt 0.8485 0.2366 0.0000
vt 0.8500 0.2221 0.0000
vt 0.9158 0.2417 0.0000
vt 0.9128 0.2337 0.0000
vt 0.9178 0.2339 0.0000
vt 0.9205 0.2393 0.0000
vt 0.9133 0.2239 0.0000
vt 0.9183 0.2240 0.0000
vt 0.9134 0.2133 0.0000
vt 0.9184 0.2133 0.0000
vt 0.9135 0.1469 0.0000
vt 0.9184 0.1468 0.0000
vt 0.9129 0.0560 0.0000
vt 0.9178 0.0560 0.0000
vt 0.9128 0.0169 0.0000
vt 0.9177 0.0169 0.0000
vt 0.9212 0.0039 0.0000
vt 0.9248 0.0100 0.0000
vt 0.9836 0.0131 0.0000
vt 0.9774 0.0153 0.0000
vt 0.9827 0.0181 0.0000
vt 0.9778 0.0181 0.0000
vt 0.9830 0.0594 0.0000
vt 0.9781 0.0594 0.0000
vt 0.9837 0.1634 0.0000
vt 0.9788 0.1634 0.0000
vt 0.9839 0.2061 0.0000
vt 0.9791 0.2061 0.0000
vt 0.9839 0.2219 0.0000
vt 0.9791 0.2217 0.0000
vt 0.9827 0.2378 0.0000
vt 0.9779 0.2375 0.0000
vt 0.9788 0.2486 0.0000
vt 0.9746 0.2448 0.0000
vt 0.9727 0.2525 0.0000
vt 0.9695 0.2479 0.0000
vt 0.9262 0.2466 0.0000
vt 0.9295 0.2430 0.0000
vt 0.9309 0.2344 0.0000
vt 0.9651 0.2077 0.0000
vt 0.9309 0.2119 0.0000
vt 0.9310 0.2234 0.0000
vt 0.9656 0.2366 0.0000
vt 0.9641 0.2221 0.0000
# 562 texture coords

o LowGlass
g LowGlass
usemtl Glass
s 1
f 3399/3541/3121 3400/3542/3122 3401/3543/3123 3402/3544/3124 
f 3403/3545/3125 3404/3546/3126 3405/3547/3127 3406/3548/3128 
f 3407/3549/3129 3408/3550/3130 3409/3551/3131 3410/3552/3132 
f 3411/3553/3133 3412/3554/3134 3413/3555/3135 3414/3556/3136 
f 3415/3557/3137 3416/3558/3138 3417/3559/3139 3418/3560/3140 
f 3418/3560/3140 3417/3559/3139 3409/3551/3131 3408/3550/3130 
f 3419/3561/3141 3420/3562/3142 3421/3563/3143 3416/3558/3138 
f 3417/3559/3139 3422/3564/3144 3409/3551/3131 
f 3422/3564/3144 3423/3565/3145 3410/3552/3132 3409/3551/3131 
f 3420/3562/3142 3424/3566/3146 3425/3567/3147 3421/3563/3143 
f 3424/3566/3146 3426/3568/3148 3427/3569/3149 3425/3567/3147 
f 3423/3565/3145 3422/3564/3144 3425/3567/3147 3427/3569/3149 
f 3422/3564/3144 3417/3559/3139 3421/3563/3143 3425/3567/3147 
f 3421/3563/3143 3417/3559/3139 3416/3558/3138 
f 3428/3570/3150 3429/3571/3151 3430/3572/3152 3431/3573/3153 
f 3429/3571/3151 3401/3543/3123 3400/3542/3122 3430/3572/3152 
f 3428/3570/3150 3432/3574/3154 3401/3543/3123 3429/3571/3151 
f 3432/3574/3154 3433/3575/3155 3402/3544/3124 3401/3543/3123 
f 3399/3541/3121 3434/3576/3156 3435/3577/3157 3400/3542/3122 
f 3400/3542/3122 3435/3577/3157 3436/3578/3158 
f 3430/3572/3152 3437/3579/3152 3431/3573/3153 
f 3438/3580/3159 3439/3581/3160 3440/3582/3161 3431/3573/3153 
f 3431/3573/3153 3440/3582/3161 3441/3583/3162 3428/3570/3150 
f 3428/3570/3150 3441/3583/3162 3432/3574/3154 
f 3442/3584/3163 3443/3585/3164 3435/3577/3157 3434/3576/3156 
f 3443/3585/3164 3444/3586/3165 3436/3578/3158 3435/3577/3157 
f 3445/3587/3166 3438/3580/3159 3431/3573/3153 3437/3579/3152 
f 3444/3586/3165 3445/3587/3166 3437/3579/3152 3436/3578/3158 
f 3436/3578/3158 3437/3579/3152 3430/3572/3152 3400/3542/3122 
f 3446/3588/3167 3447/3589/3168 3412/3554/3134 3411/3553/3133 
f 3448/3590/3169 3449/3591/3170 3450/3592/3171 3451/3593/3172 
f 3449/3591/3170 3414/3556/3136 3413/3555/3135 3450/3592/3171 
f 3452/3594/3173 3453/3595/3174 3454/3596/3175 3455/3597/3176 
f 3453/3595/3174 3448/3590/3169 3451/3593/3172 3454/3596/3175 
f 3456/3598/3177 3457/3599/3178 3458/3600/3179 3459/3601/3180 
f 3457/3599/3178 3460/3602/3181 3461/3603/3182 3458/3600/3179 
f 3460/3602/3181 3462/3604/3183 3463/3605/3184 3461/3603/3182 
f 3464/3606/3185 3465/3607/3186 3466/3608/3187 3463/3605/3184 3462/3604/3183 
f 3459/3601/3180 3458/3600/3179 3467/3609/3188 3468/3610/3189 
f 3458/3600/3179 3461/3603/3182 3469/3611/3190 3467/3609/3188 
f 3469/3611/3190 3461/3603/3182 3470/3612/3191 
f 3461/3603/3182 3463/3605/3184 3471/3613/3192 3470/3612/3191 
f 3471/3613/3192 3463/3605/3184 3472/3614/3193 
f 3463/3605/3184 3466/3608/3187 3473/3615/3194 3472/3614/3193 
f 3468/3610/3189 3467/3609/3188 3474/3616/3195 3475/3617/3196 
f 3467/3609/3188 3469/3611/3190 3476/3618/3197 3474/3616/3195 
f 3469/3611/3190 3470/3612/3191 3477/3619/3198 3476/3618/3197 
f 3470/3612/3191 3471/3613/3192 3478/3620/3199 3477/3619/3198 
f 3471/3613/3192 3472/3614/3193 3479/3621/3200 3478/3620/3199 
f 3472/3614/3193 3473/3615/3194 3480/3622/3201 3479/3621/3200 
f 3447/3589/3168 3475/3617/3196 3474/3616/3195 3412/3554/3134 
f 3474/3616/3195 3476/3618/3197 3413/3555/3135 3412/3554/3134 
f 3476/3618/3197 3477/3619/3198 3450/3592/3171 3413/3555/3135 
f 3477/3619/3198 3478/3620/3199 3451/3593/3172 3450/3592/3171 
f 3478/3620/3199 3479/3621/3200 3454/3596/3175 3451/3593/3172 
f 3479/3621/3200 3480/3622/3201 3455/3597/3176 3454/3596/3175 
f 3481/3623/3202 3406/3548/3128 3405/3547/3127 3482/3624/3203 
f 3483/3625/3204 3484/3626/3205 3485/3627/3206 3486/3628/3207 
f 3484/3626/3205 3487/3629/3208 3488/3630/3209 3485/3627/3206 
f 3487/3629/3208 3489/3631/3210 3490/3632/3211 3488/3630/3209 
f 3489/3631/3210 3491/3633/3212 3492/3634/3213 3490/3632/3211 
f 3493/3635/3214 3486/3628/3207 3485/3627/3206 3494/3636/3215 
f 3485/3627/3206 3488/3630/3209 3495/3637/3216 3494/3636/3215 
f 3488/3630/3209 3490/3632/3211 3496/3638/3217 3495/3637/3216 
f 3490/3632/3211 3492/3634/3213 3497/3639/3218 3496/3638/3217 
f 3404/3546/3126 3493/3635/3214 3494/3636/3215 3405/3547/3127 
f 3494/3636/3215 3495/3637/3216 3482/3624/3203 3405/3547/3127 
f 3482/3624/3203 3495/3637/3216 3496/3638/3217 
f 3496/3638/3217 3497/3639/3218 3498/3640/3219 3482/3624/3203 
f 3499/3641/3220 3481/3623/3202 3482/3624/3203 3498/3640/3219 
f 3500/3642/3221 3501/3643/3222 3502/3644/3223 3503/3645/3224 
f 3504/3646/3225 3505/3647/3226 3506/3648/3227 3507/3649/3228 
f 3508/3650/3229 3509/3651/3230 3510/3652/3231 3511/3653/3232 
f 3512/3654/3233 3513/3655/3234 3514/3656/3235 3515/3657/3236 
f 3516/3658/3237 3517/3659/3238 3518/3660/3239 3519/3661/3240 
f 3508/3650/3229 3516/3658/3237 3519/3661/3240 3509/3651/3230 
f 3520/3662/3241 3521/3663/3242 3522/3664/3243 3517/3659/3238 
f 3516/3658/3237 3508/3650/3229 3523/3665/3244 
f 3511/3653/3232 3524/3666/3245 3523/3665/3244 3508/3650/3229 
f 3525/3667/3246 3526/3668/3247 3521/3663/3242 3520/3662/3241 
f 3527/3669/3248 3528/3670/3249 3526/3668/3247 3525/3667/3246 
f 3525/3667/3246 3523/3665/3244 3524/3666/3245 3527/3669/3248 
f 3520/3662/3241 3516/3658/3237 3523/3665/3244 3525/3667/3246 
f 3520/3662/3241 3517/3659/3238 3516/3658/3237 
f 3529/3671/3250 3530/3672/3251 3531/3673/3252 3532/3674/3253 
f 3501/3643/3222 3500/3642/3221 3530/3672/3251 3529/3671/3250 
f 3500/3642/3221 3533/3675/3254 3531/3673/3252 3530/3672/3251 
f 3503/3645/3224 3534/3676/3255 3533/3675/3254 3500/3642/3221 
f 3502/3644/3223 3501/3643/3222 3535/3677/3256 3536/3678/3257 
f 3501/3643/3222 3537/3679/3258 3535/3677/3256 
f 3529/3671/3250 3532/3674/3253 3538/3680/3250 
f 3539/3681/3259 3532/3674/3253 3540/3682/3260 3541/3683/3261 
f 3532/3674/3253 3531/3673/3252 3542/3684/3262 3540/3682/3260 
f 3531/3673/3252 3533/3675/3254 3542/3684/3262 
f 3535/3677/3256 3543/3685/3263 3544/3686/3264 3536/3678/3257 
f 3537/3679/3258 3545/3687/3265 3543/3685/3263 3535/3677/3256 
f 3532/3674/3253 3539/3681/3259 3546/3688/3266 3538/3680/3250 
f 3545/3687/3265 3537/3679/3258 3538/3680/3250 3546/3688/3266 
f 3537/3679/3258 3501/3643/3222 3529/3671/3250 3538/3680/3250 
f 3513/3655/3234 3547/3689/3267 3548/3690/3268 3514/3656/3235 
f 3549/3691/3269 3550/3692/3270 3551/3693/3271 3552/3694/3272 
f 3550/3692/3270 3549/3691/3269 3512/3654/3233 3515/3657/3236 
f 3553/3695/3273 3554/3696/3274 3452/3594/3173 3455/3597/3176 
f 3554/3696/3274 3553/3695/3273 3552/3694/3272 3551/3693/3271 
f 3555/3697/3275 3556/3698/3276 3557/3699/3277 3558/3700/3278 
f 3559/3701/3279 3560/3702/3280 3556/3698/3276 3555/3697/3275 
f 3561/3703/3281 3562/3704/3282 3560/3702/3280 3559/3701/3279 
f 3466/3608/3187 3465/3607/3186 3563/3606/3283 3562/3704/3282 3561/3703/3281 
f 3564/3705/3284 3555/3697/3275 3558/3700/3278 3565/3706/3285 
f 3566/3707/3286 3559/3701/3279 3555/3697/3275 3564/3705/3284 
f 3566/3707/3286 3567/3708/3287 3559/3701/3279 
f 3568/3709/3288 3561/3703/3281 3559/3701/3279 3567/3708/3287 
f 3568/3709/3288 3569/3710/3289 3561/3703/3281 
f 3473/3615/3194 3466/3608/3187 3561/3703/3281 3569/3710/3289 
f 3570/3711/3290 3564/3705/3284 3565/3706/3285 3571/3712/3291 
f 3572/3713/3292 3566/3707/3286 3564/3705/3284 3570/3711/3290 
f 3573/3714/3293 3567/3708/3287 3566/3707/3286 3572/3713/3292 
f 3574/3715/3294 3568/3709/3288 3567/3708/3287 3573/3714/3293 
f 3575/3716/3295 3569/3710/3289 3568/3709/3288 3574/3715/3294 
f 3480/3622/3201 3473/3615/3194 3569/3710/3289 3575/3716/3295 
f 3547/3689/3267 3513/3655/3234 3570/3711/3290 3571/3712/3291 
f 3512/3654/3233 3572/3713/3292 3570/3711/3290 3513/3655/3234 
f 3549/3691/3269 3573/3714/3293 3572/3713/3292 3512/3654/3233 
f 3552/3694/3272 3574/3715/3294 3573/3714/3293 3549/3691/3269 
f 3553/3695/3273 3575/3716/3295 3574/3715/3294 3552/3694/3272 
f 3455/3597/3176 3480/3622/3201 3575/3716/3295 3553/3695/3273 
f 3504/3646/3225 3507/3649/3228 3576/3717/3296 3577/3718/3297 
f 3578/3719/3298 3579/3720/3299 3580/3721/3300 3581/3722/3301 
f 3582/3723/3302 3583/3724/3303 3579/3720/3299 3578/3719/3298 
f 3584/3725/3304 3585/3726/3305 3583/3724/3303 3582/3723/3302 
f 3492/3634/3213 3491/3633/3212 3585/3726/3305 3584/3725/3304 
f 3586/3727/3306 3587/3728/3307 3578/3719/3298 3581/3722/3301 
f 3588/3729/3308 3582/3723/3302 3578/3719/3298 3587/3728/3307 
f 3589/3730/3309 3584/3725/3304 3582/3723/3302 3588/3729/3308 
f 3497/3639/3218 3492/3634/3213 3584/3725/3304 3589/3730/3309 
f 3505/3647/3226 3504/3646/3225 3587/3728/3307 3586/3727/3306 
f 3577/3718/3297 3588/3729/3308 3587/3728/3307 3504/3646/3225 
f 3577/3718/3297 3589/3730/3309 3588/3729/3308 
f 3498/3640/3219 3497/3639/3218 3589/3730/3309 3577/3718/3297 
f 3499/3641/3220 3498/3640/3219 3577/3718/3297 3576/3717/3296 
f 3590/3731/3310 3591/3732/3311 3592/3733/3312 3593/3734/3313 
f 3594/3735/3314 3593/3734/3313 3592/3733/3312 3595/3736/3315 
f 3596/3737/3316 3594/3735/3314 3595/3736/3315 3597/3738/3316 
f 3598/3739/3317 3599/3740/3318 3592/3733/3312 3591/3732/3311 
f 3599/3740/3318 3600/3741/3319 3595/3736/3315 3592/3733/3312 
f 3600/3741/3319 3601/3742/3316 3597/3738/3316 3595/3736/3315 
f 3602/3743/3320 3603/3744/3321 3599/3740/3318 3598/3739/3317 
f 3603/3744/3321 3604/3745/3322 3600/3741/3319 3599/3740/3318 
f 3604/3745/3322 3605/3746/3316 3601/3742/3316 3600/3741/3319 
f 3606/3747/3323 3607/3748/3324 3608/3749/3325 3609/3750/3326 
f 3606/3747/3323 3609/3750/3326 3610/3751/3327 3611/3752/3328 
f 3596/3737/3316 3597/3738/3316 3611/3752/3328 3610/3751/3327 
f 3606/3747/3323 3612/3753/3329 3613/3754/3330 3607/3748/3324 
f 3611/3752/3328 3614/3755/3331 3612/3753/3329 3606/3747/3323 
f 3597/3738/3316 3601/3742/3316 3614/3755/3331 3611/3752/3328 
f 3612/3753/3329 3615/3756/3332 3616/3757/3333 3613/3754/3330 
f 3614/3755/3331 3617/3758/3334 3615/3756/3332 3612/3753/3329 
f 3601/3742/3316 3605/3746/3316 3617/3758/3334 3614/3755/3331 
f 3618/3759/3335 3619/3760/3336 3620/3761/3337 3621/3762/3338 
s 2
f 3621/3762/3338 3620/3761/3337 3622/3763/3339 3623/3764/3340 
f 3623/3764/3340 3622/3763/3339 3624/3765/3341 3625/3766/3342 
f 3625/3766/3342 3624/3765/3341 3626/3767/3343 3627/3768/3344 
f 3627/3768/3344 3626/3767/3343 3628/3769/3345 3629/3770/3346 
f 3629/3770/3346 3628/3769/3345 3630/3771/3347 3631/3772/3348 
f 3631/3772/3348 3630/3771/3347 3632/3773/3349 3633/3774/3350 
f 3633/3774/3350 3632/3773/3349 3634/3775/3351 3635/3776/3352 
f 3634/3775/3351 3636/3777/3353 3637/3778/3354 3635/3776/3352 
f 3636/3777/3353 3638/3779/3355 3639/3780/3356 3637/3778/3354 
f 3638/3779/3355 3640/3781/3357 3641/3782/3358 3639/3780/3356 
f 3640/3781/3357 3642/3783/3359 3643/3784/3360 3641/3782/3358 
f 3642/3783/3359 3644/3785/3361 3645/3786/3362 3643/3784/3360 
f 3644/3785/3361 3646/3787/3363 3647/3788/3364 3645/3786/3362 
f 3646/3787/3363 3648/3789/3365 3649/3790/3366 3647/3788/3364 
f 3648/3789/3365 3650/3791/3367 3651/3792/3368 3649/3790/3366 
f 3650/3791/3367 3619/3760/3336 3618/3759/3335 3651/3792/3368 
s 1
f 3652/3793/3369 3653/3794/3370 3654/3795/3371 3655/3796/3372 
f 3655/3796/3372 3654/3795/3371 3656/3797/3373 3657/3798/3374 
f 3657/3798/3374 3656/3797/3373 3658/3799/3375 3659/3800/3376 
f 3659/3800/3376 3658/3799/3375 3660/3801/3377 3661/3802/3378 
f 3660/3801/3377 3662/3803/3379 3663/3804/3380 3661/3802/3378 
f 3662/3803/3379 3664/3805/3381 3665/3806/3382 3663/3804/3380 
f 3664/3805/3381 3666/3807/3383 3667/3808/3384 3665/3806/3382 
f 3666/3807/3383 3668/3809/3385 3669/3810/3386 3667/3808/3384 
f 3668/3809/3385 3670/3811/3387 3671/3812/3388 3669/3810/3386 
f 3671/3812/3388 3670/3811/3387 3672/3813/3389 3673/3814/3390 
f 3672/3813/3389 3674/3815/3391 3675/3816/3392 3673/3814/3390 
f 3674/3815/3391 3676/3817/3393 3677/3818/3394 3675/3816/3392 
f 3677/3818/3394 3676/3817/3393 3678/3819/3395 3679/3820/3396 
f 3679/3820/3396 3678/3819/3395 3680/3821/3397 3681/3822/3398 
f 3681/3822/3398 3680/3821/3397 3682/3823/3399 3683/3824/3400 
f 3683/3824/3400 3682/3823/3399 3653/3794/3370 3652/3793/3369 
s 2
f 3619/3760/3336 3684/3825/3401 3685/3826/3402 3620/3761/3337 
f 3620/3761/3337 3685/3826/3402 3686/3827/3403 3622/3763/3339 
f 3686/3827/3403 3687/3828/3404 3624/3765/3341 3622/3763/3339 
f 3687/3828/3404 3688/3829/3405 3626/3767/3343 3624/3765/3341 
f 3688/3829/3405 3689/3830/3406 3628/3769/3345 3626/3767/3343 
f 3689/3830/3406 3690/3831/3407 3630/3771/3347 3628/3769/3345 
f 3690/3831/3407 3691/3832/3408 3632/3773/3349 3630/3771/3347 
f 3691/3832/3408 3692/3833/3409 3634/3775/3351 3632/3773/3349 
f 3692/3833/3409 3693/3834/3410 3636/3777/3353 3634/3775/3351 
f 3693/3834/3410 3694/3835/3411 3638/3779/3355 3636/3777/3353 
f 3638/3779/3355 3694/3835/3411 3695/3836/3412 3640/3781/3357 
f 3640/3781/3357 3695/3836/3412 3696/3837/3413 3642/3783/3359 
f 3642/3783/3359 3696/3837/3413 3697/3838/3414 3644/3785/3361 
f 3644/3785/3361 3697/3838/3414 3698/3839/3415 3646/3787/3363 
f 3646/3787/3363 3698/3839/3415 3699/3840/3416 3648/3789/3365 
f 3648/3789/3365 3699/3840/3416 3700/3841/3417 3650/3791/3367 
f 3650/3791/3367 3700/3841/3417 3684/3825/3401 3619/3760/3336 
f 3684/3825/3401 3701/3842/3418 3685/3826/3402 
f 3685/3826/3402 3701/3842/3418 3686/3827/3403 
f 3686/3827/3403 3701/3842/3418 3687/3828/3404 
f 3687/3828/3404 3701/3842/3418 3688/3829/3405 
f 3688/3829/3405 3701/3842/3418 3689/3830/3406 
f 3689/3830/3406 3701/3842/3418 3690/3831/3407 
f 3690/3831/3407 3701/3842/3418 3691/3832/3408 
f 3691/3832/3408 3701/3842/3418 3692/3833/3409 
f 3692/3833/3409 3701/3842/3418 3693/3834/3410 
f 3693/3834/3410 3701/3842/3418 3694/3835/3411 
f 3694/3835/3411 3701/3842/3418 3695/3836/3412 
f 3695/3836/3412 3701/3842/3418 3696/3837/3413 
f 3696/3837/3413 3701/3842/3418 3697/3838/3414 
f 3697/3838/3414 3701/3842/3418 3698/3839/3415 
f 3698/3839/3415 3701/3842/3418 3699/3840/3416 
f 3699/3840/3416 3701/3842/3418 3700/3841/3417 
f 3700/3841/3417 3701/3842/3418 3684/3825/3401 
s 1
f 3653/3794/3370 3702/3843/3419 3703/3844/3420 3654/3795/3371 
f 3654/3795/3371 3703/3844/3420 3704/3845/3421 3656/3797/3373 
f 3656/3797/3373 3704/3845/3421 3705/3846/3422 3658/3799/3375 
f 3658/3799/3375 3705/3846/3422 3706/3847/3423 3660/3801/3377 
f 3706/3847/3423 3707/3848/3424 3662/3803/3379 3660/3801/3377 
f 3707/3848/3424 3708/3849/3425 3664/3805/3381 3662/3803/3379 
f 3708/3849/3425 3709/3850/3426 3666/3807/3383 3664/3805/3381 
f 3709/3850/3426 3710/3851/3427 3668/3809/3385 3666/3807/3383 
f 3710/3851/3427 3711/3852/3428 3670/3811/3387 3668/3809/3385 
f 3711/3852/3428 3712/3853/3429 3672/3813/3389 3670/3811/3387 
f 3712/3853/3429 3713/3854/3430 3674/3815/3391 3672/3813/3389 
f 3713/3854/3430 3714/3855/3431 3676/3817/3393 3674/3815/3391 
f 3714/3855/3431 3715/3856/3432 3678/3819/3395 3676/3817/3393 
f 3678/3819/3395 3715/3856/3432 3716/3857/3433 3680/3821/3397 
f 3680/3821/3397 3716/3857/3433 3717/3858/3434 3682/3823/3399 
f 3682/3823/3399 3717/3858/3434 3702/3843/3419 3653/3794/3370 
f 3702/3843/3419 3718/3859/3435 3703/3844/3420 
f 3703/3844/3420 3718/3859/3435 3704/3845/3421 
f 3704/3845/3421 3718/3859/3435 3705/3846/3422 
f 3705/3846/3422 3718/3859/3435 3706/3847/3423 
f 3706/3847/3423 3718/3859/3435 3707/3848/3424 
f 3707/3848/3424 3718/3859/3435 3708/3849/3425 
f 3708/3849/3425 3718/3859/3435 3709/3850/3426 
f 3709/3850/3426 3718/3859/3435 3710/3851/3427 
f 3710/3851/3427 3718/3859/3435 3711/3852/3428 
f 3711/3852/3428 3718/3859/3435 3712/3853/3429 
f 3712/3853/3429 3718/3859/3435 3713/3854/3430 
f 3713/3854/3430 3718/3859/3435 3714/3855/3431 
f 3714/3855/3431 3718/3859/3435 3715/3856/3432 
f 3715/3856/3432 3718/3859/3435 3716/3857/3433 
f 3716/3857/3433 3718/3859/3435 3717/3858/3434 
f 3717/3858/3434 3718/3859/3435 3702/3843/3419 
f 3719/3860/3436 3720/3861/3437 3721/3862/3438 3722/3863/3439 
f 3721/3862/3438 3723/3864/3440 3724/3865/3441 3722/3863/3439 
f 3723/3864/3440 3725/3866/3442 3726/3867/3443 3724/3865/3441 
f 3725/3866/3442 3727/3868/3444 3728/3869/3445 3726/3867/3443 
f 3727/3868/3444 3729/3870/3446 3730/3871/3447 3728/3869/3445 
f 3730/3871/3447 3729/3870/3446 3731/3872/3448 3732/3873/3449 
f 3732/3873/3449 3731/3872/3448 3733/3874/3450 3734/3875/3451 
f 3734/3875/3451 3733/3874/3450 3735/3876/3452 3736/3877/3453 
f 3735/3876/3452 3737/3878/3454 3738/3879/3455 3736/3877/3453 
f 3737/3878/3454 3739/3880/3456 3740/3881/3457 3738/3879/3455 
f 3740/3881/3457 3739/3880/3456 3720/3861/3437 3719/3860/3436 
f 3720/3861/3437 3725/3866/3442 3723/3864/3440 3721/3862/3438 
f 3735/3876/3452 3733/3874/3450 3731/3872/3448 3737/3878/3454 
f 3737/3878/3454 3731/3872/3448 3729/3870/3446 
f 3739/3880/3456 3737/3878/3454 3729/3870/3446 3727/3868/3444 
f 3720/3861/3437 3739/3880/3456 3727/3868/3444 3725/3866/3442 
f 3741/3882/3458 3742/3883/3459 3743/3884/3460 
f 3744/3885/3461 3745/3886/3462 3746/3887/3463 
f 3744/3885/3461 3746/3887/3463 3747/3888/3464 
f 3741/3882/3458 3744/3885/3461 3747/3888/3464 3742/3883/3459 
f 3748/3889/3465 3749/3890/3466 3750/3891/3467 3751/3892/3468 
s 2
f 3749/3890/3466 3752/3893/3469 3753/3894/3470 3750/3891/3467 
f 3752/3893/3469 3754/3895/3471 3755/3896/3472 3753/3894/3470 
f 3754/3895/3471 3756/3897/3473 3757/3898/3474 3755/3896/3472 
f 3756/3897/3473 3758/3899/3475 3759/3900/3476 3757/3898/3474 
f 3758/3899/3475 3760/3901/3477 3761/3902/3478 3759/3900/3476 
f 3760/3901/3477 3762/3903/3479 3763/3904/3480 3761/3902/3478 
f 3762/3903/3479 3764/3905/3481 3765/3906/3482 3763/3904/3480 
f 3766/3907/3483 3767/3908/3484 3765/3906/3482 3764/3905/3481 
f 3768/3909/3485 3769/3910/3486 3767/3908/3484 3766/3907/3483 
f 3770/3911/3487 3771/3912/3488 3769/3910/3486 3768/3909/3485 
f 3772/3913/3489 3773/3914/3490 3771/3912/3488 3770/3911/3487 
f 3774/3915/3491 3775/3916/3492 3773/3914/3490 3772/3913/3489 
f 3776/3917/3493 3777/3918/3494 3775/3916/3492 3774/3915/3491 
f 3778/3919/3495 3779/3920/3496 3777/3918/3494 3776/3917/3493 
f 3780/3921/3497 3781/3922/3498 3779/3920/3496 3778/3919/3495 
f 3748/3889/3465 3751/3892/3468 3781/3922/3498 3780/3921/3497 
s 1
f 3782/3923/3499 3783/3924/3500 3784/3925/3501 3785/3926/3502 
f 3783/3924/3500 3786/3927/3503 3787/3928/3504 3784/3925/3501 
f 3786/3927/3503 3788/3929/3505 3789/3930/3506 3787/3928/3504 
f 3788/3929/3505 3790/3931/3507 3791/3932/3508 3789/3930/3506 
f 3792/3933/3509 3793/3934/3510 3791/3932/3508 3790/3931/3507 
f 3794/3935/3511 3795/3936/3512 3793/3934/3510 3792/3933/3509 
f 3796/3937/3513 3797/3938/3514 3795/3936/3512 3794/3935/3511 
f 3798/3939/3515 3799/3940/3516 3797/3938/3514 3796/3937/3513 
f 3800/3941/3517 3801/3942/3518 3799/3940/3516 3798/3939/3515 
f 3800/3941/3517 3802/3943/3519 3803/3944/3520 3801/3942/3518 
f 3804/3945/3521 3805/3946/3522 3803/3944/3520 3802/3943/3519 
f 3806/3947/3523 3807/3948/3524 3805/3946/3522 3804/3945/3521 
f 3806/3947/3523 3808/3949/3525 3809/3950/3526 3807/3948/3524 
f 3808/3949/3525 3810/3951/3527 3811/3952/3528 3809/3950/3526 
f 3810/3951/3527 3812/3953/3529 3813/3954/3530 3811/3952/3528 
f 3812/3953/3529 3782/3923/3499 3785/3926/3502 3813/3954/3530 
s 2
f 3751/3892/3468 3750/3891/3467 3814/3955/3531 3815/3956/3532 
f 3750/3891/3467 3753/3894/3470 3816/3957/3533 3814/3955/3531 
f 3755/3896/3472 3817/3958/3534 3816/3957/3533 3753/3894/3470 
f 3757/3898/3474 3818/3959/3535 3817/3958/3534 3755/3896/3472 
f 3759/3900/3476 3819/3960/3536 3818/3959/3535 3757/3898/3474 
f 3761/3902/3478 3820/3961/3537 3819/3960/3536 3759/3900/3476 
f 3763/3904/3480 3821/3962/3538 3820/3961/3537 3761/3902/3478 
f 3765/3906/3482 3822/3963/3539 3821/3962/3538 3763/3904/3480 
f 3767/3908/3484 3823/3964/3540 3822/3963/3539 3765/3906/3482 
f 3769/3910/3486 3824/3965/3541 3823/3964/3540 3767/3908/3484 
f 3769/3910/3486 3771/3912/3488 3825/3966/3542 3824/3965/3541 
f 3771/3912/3488 3773/3914/3490 3826/3967/3543 3825/3966/3542 
f 3773/3914/3490 3775/3916/3492 3827/3968/3544 3826/3967/3543 
f 3775/3916/3492 3777/3918/3494 3828/3969/3545 3827/3968/3544 
f 3777/3918/3494 3779/3920/3496 3829/3970/3546 3828/3969/3545 
f 3779/3920/3496 3781/3922/3498 3830/3971/3547 3829/3970/3546 
f 3781/3922/3498 3751/3892/3468 3815/3956/3532 3830/3971/3547 
f 3815/3956/3532 3814/3955/3531 3831/3972/3548 
f 3814/3955/3531 3816/3957/3533 3831/3972/3548 
f 3816/3957/3533 3817/3958/3534 3831/3972/3548 
f 3817/3958/3534 3818/3959/3535 3831/3972/3548 
f 3818/3959/3535 3819/3960/3536 3831/3972/3548 
f 3819/3960/3536 3820/3961/3537 3831/3972/3548 
f 3820/3961/3537 3821/3962/3538 3831/3972/3548 
f 3821/3962/3538 3822/3963/3539 3831/3972/3548 
f 3822/3963/3539 3823/3964/3540 3831/3972/3548 
f 3823/3964/3540 3824/3965/3541 3831/3972/3548 
f 3824/3965/3541 3825/3966/3542 3831/3972/3548 
f 3825/3966/3542 3826/3967/3543 3831/3972/3548 
f 3826/3967/3543 3827/3968/3544 3831/3972/3548 
f 3827/3968/3544 3828/3969/3545 3831/3972/3548 
f 3828/3969/3545 3829/3970/3546 3831/3972/3548 
f 3829/3970/3546 3830/3971/3547 3831/3972/3548 
f 3830/3971/3547 3815/3956/3532 3831/3972/3548 
s 1
f 3785/3926/3502 3784/3925/3501 3832/3973/3549 3833/3974/3550 
f 3784/3925/3501 3787/3928/3504 3834/3975/3551 3832/3973/3549 
f 3787/3928/3504 3789/3930/3506 3835/3976/3552 3834/3975/3551 
f 3789/3930/3506 3791/3932/3508 3836/3977/3553 3835/3976/3552 
f 3793/3934/3510 3837/3978/3554 3836/3977/3553 3791/3932/3508 
f 3795/3936/3512 3838/3979/3555 3837/3978/3554 3793/3934/3510 
f 3797/3938/3514 3839/3980/3556 3838/3979/3555 3795/3936/3512 
f 3799/3940/3516 3840/3981/3557 3839/3980/3556 3797/3938/3514 
f 3801/3942/3518 3841/3982/3558 3840/3981/3557 3799/3940/3516 
f 3803/3944/3520 3842/3983/3559 3841/3982/3558 3801/3942/3518 
f 3805/3946/3522 3843/3984/3560 3842/3983/3559 3803/3944/3520 
f 3807/3948/3524 3844/3985/3561 3843/3984/3560 3805/3946/3522 
f 3809/3950/3526 3845/3986/3562 3844/3985/3561 3807/3948/3524 
f 3809/3950/3526 3811/3952/3528 3846/3987/3563 3845/3986/3562 
f 3811/3952/3528 3813/3954/3530 3847/3988/3564 3846/3987/3563 
f 3813/3954/3530 3785/3926/3502 3833/3974/3550 3847/3988/3564 
f 3833/3974/3550 3832/3973/3549 3848/3989/3565 
f 3832/3973/3549 3834/3975/3551 3848/3989/3565 
f 3834/3975/3551 3835/3976/3552 3848/3989/3565 
f 3835/3976/3552 3836/3977/3553 3848/3989/3565 
f 3836/3977/3553 3837/3978/3554 3848/3989/3565 
f 3837/3978/3554 3838/3979/3555 3848/3989/3565 
f 3838/3979/3555 3839/3980/3556 3848/3989/3565 
f 3839/3980/3556 3840/3981/3557 3848/3989/3565 
f 3840/3981/3557 3841/3982/3558 3848/3989/3565 
f 3841/3982/3558 3842/3983/3559 3848/3989/3565 
f 3842/3983/3559 3843/3984/3560 3848/3989/3565 
f 3843/3984/3560 3844/3985/3561 3848/3989/3565 
f 3844/3985/3561 3845/3986/3562 3848/3989/3565 
f 3845/3986/3562 3846/3987/3563 3848/3989/3565 
f 3846/3987/3563 3847/3988/3564 3848/3989/3565 
f 3847/3988/3564 3833/3974/3550 3848/3989/3565 
f 3849/3990/3566 3850/3991/3567 3851/3992/3568 3852/3993/3569 
f 3853/3994/3570 3854/3995/3571 3851/3992/3568 3850/3991/3567 
f 3855/3996/3572 3856/3997/3573 3854/3995/3571 3853/3994/3570 
f 3857/3998/3574 3858/3999/3575 3856/3997/3573 3855/3996/3572 
f 3859/4000/3576 3860/4001/3577 3858/3999/3575 3857/3998/3574 
f 3859/4000/3576 3861/4002/3578 3862/4003/3579 3860/4001/3577 
f 3861/4002/3578 3863/4004/3580 3864/4005/3581 3862/4003/3579 
f 3863/4004/3580 3865/4006/3582 3866/4007/3583 3864/4005/3581 
f 3867/4008/3584 3868/4009/3585 3866/4007/3583 3865/4006/3582 
f 3869/4010/3586 3870/4011/3587 3868/4009/3585 3867/4008/3584 
f 3869/4010/3586 3849/3990/3566 3852/3993/3569 3870/4011/3587 
f 3854/3995/3571 3856/3997/3573 3852/3993/3569 3851/3992/3568 
f 3862/4003/3579 3864/4005/3581 3866/4007/3583 3868/4009/3585 
f 3868/4009/3585 3860/4001/3577 3862/4003/3579 
f 3870/4011/3587 3858/3999/3575 3860/4001/3577 3868/4009/3585 
f 3852/3993/3569 3856/3997/3573 3858/3999/3575 3870/4011/3587 
f 3871/4012/3588 3872/4013/3589 3873/4014/3590 
f 3874/4015/3591 3875/4016/3592 3876/4017/3593 
f 3874/4015/3591 3877/4018/3594 3875/4016/3592 
f 3871/4012/3588 3873/4014/3590 3877/4018/3594 3874/4015/3591 
f 3878/4019/3595 3879/4020/3596 3880/4021/3597 3881/4022/3598 
f 3880/4021/3597 3882/4023/3599 3883/4024/3600 3881/4022/3598 
s 2
f 3883/4024/3600 3882/4023/3599 3884/4025/3601 3885/4026/3602 
f 3884/4025/3601 3886/4027/3603 3887/4028/3604 3885/4026/3602 
f 3886/4027/3603 3888/4029/3605 3889/4030/3606 3887/4028/3604 
f 3888/4029/3605 3890/4031/3607 3891/4032/3608 3889/4030/3606 
s 1
f 3890/4031/3607 3892/4033/3609 3893/4034/3610 3891/4032/3608 
f 3893/4034/3610 3892/4033/3609 3894/4035/3611 3895/4036/3612 
f 3894/4035/3611 3896/4037/3613 3897/4038/3614 3895/4036/3612 
s 2
f 3896/4037/3613 3898/4039/3615 3899/4040/3616 3897/4038/3614 
f 3898/4039/3615 3900/4041/3617 3901/4042/3618 3899/4040/3616 
f 3900/4041/3617 3902/4043/3619 3903/4044/3620 3901/4042/3618 
f 3902/4043/3619 3904/4045/3621 3905/4046/3622 3903/4044/3620 
s 1
f 3904/4045/3621 3906/4047/3623 3907/4048/3624 3905/4046/3622 
f 3907/4048/3624 3906/4047/3623 3908/4049/3625 3909/4050/3626 
f 3908/4049/3625 3910/4051/3627 3911/4052/3628 3909/4050/3626 
f 3910/4051/3627 3912/4053/3629 3913/4054/3630 3911/4052/3628 
f 3913/4054/3630 3912/4053/3629 3879/4020/3596 3878/4019/3595 
f 3879/4020/3596 3912/4053/3629 3914/4055/3631 3880/4021/3597 
f 3896/4037/3613 3894/4035/3611 3892/4033/3609 3890/4031/3607 
s 2
f 3896/4037/3613 3890/4031/3607 3888/4029/3605 3898/4039/3615 
f 3898/4039/3615 3888/4029/3605 3886/4027/3603 3900/4041/3617 
f 3900/4041/3617 3886/4027/3603 3915/4056/3632 3916/4057/3633 
f 3884/4025/3601 3882/4023/3599 3917/4058/3634 3915/4056/3632 
s 1
f 3882/4023/3599 3880/4021/3597 3914/4055/3631 3917/4058/3634 
f 3912/4053/3629 3910/4051/3627 3918/4059/3635 3914/4055/3631 
f 3914/4055/3631 3918/4059/3635 3919/4060/3636 3917/4058/3634 
s 2
f 3919/4060/3636 3916/4057/3633 3915/4056/3632 3917/4058/3634 
f 3886/4027/3603 3884/4025/3601 3915/4056/3632 
s 1
f 3908/4049/3625 3906/4047/3623 3918/4059/3635 3910/4051/3627 
f 3918/4059/3635 3906/4047/3623 3904/4045/3621 3919/4060/3636 
s 2
f 3904/4045/3621 3902/4043/3619 3916/4057/3633 3919/4060/3636 
f 3916/4057/3633 3902/4043/3619 3900/4041/3617 
s 1
f 3920/4061/3637 3921/4062/3638 3922/4063/3639 3923/4064/3640 
f 3924/4065/3641 3925/4066/3642 3922/4063/3639 3921/4062/3638 
s 2
f 3924/4065/3641 3926/4067/3643 3927/4068/3644 3925/4066/3642 
f 3928/4069/3645 3929/4070/3646 3927/4068/3644 3926/4067/3643 
f 3930/4071/3647 3931/4072/3648 3929/4070/3646 3928/4069/3645 
f 3932/4073/3649 3933/4074/3650 3931/4072/3648 3930/4071/3647 
s 1
f 3934/4075/3651 3935/4076/3652 3933/4074/3650 3932/4073/3649 
f 3934/4075/3651 3936/4077/3653 3937/4078/3654 3935/4076/3652 
f 3938/4079/3655 3939/4080/3656 3937/4078/3654 3936/4077/3653 
s 2
f 3940/4081/3657 3941/4082/3658 3939/4080/3656 3938/4079/3655 
f 3942/4083/3659 3943/4084/3660 3941/4082/3658 3940/4081/3657 
f 3944/4085/3661 3945/4086/3662 3943/4084/3660 3942/4083/3659 
f 3946/4087/3663 3947/4088/3664 3945/4086/3662 3944/4085/3661 
s 1
f 3948/4089/3665 3949/4090/3666 3947/4088/3664 3946/4087/3663 
f 3948/4089/3665 3950/4091/3667 3951/4092/3668 3949/4090/3666 
f 3952/4093/3669 3953/4094/3670 3951/4092/3668 3950/4091/3667 
f 3954/4095/3671 3955/4096/3672 3953/4094/3670 3952/4093/3669 
f 3954/4095/3671 3920/4061/3637 3923/4064/3640 3955/4096/3672 
f 3923/4064/3640 3922/4063/3639 3956/4097/3673 3955/4096/3672 
f 3939/4080/3656 3933/4074/3650 3935/4076/3652 3937/4078/3654 
s 2
f 3931/4072/3648 3933/4074/3650 3939/4080/3656 3941/4082/3658 
f 3929/4070/3646 3931/4072/3648 3941/4082/3658 3943/4084/3660 
f 3943/4084/3660 3957/4098/3674 3958/4099/3675 3929/4070/3646 
f 3959/4100/3676 3925/4066/3642 3927/4068/3644 3958/4099/3675 
s 1
f 3956/4097/3673 3922/4063/3639 3925/4066/3642 3959/4100/3676 
f 3955/4096/3672 3956/4097/3673 3960/4101/3677 3953/4094/3670 
f 3956/4097/3673 3959/4100/3676 3961/4102/3678 3960/4101/3677 
s 2
f 3958/4099/3675 3957/4098/3674 3961/4102/3678 3959/4100/3676 
f 3929/4070/3646 3958/4099/3675 3927/4068/3644 
s 1
f 3960/4101/3677 3949/4090/3666 3951/4092/3668 3953/4094/3670 
f 3960/4101/3677 3961/4102/3678 3947/4088/3664 3949/4090/3666 
s 2
f 3957/4098/3674 3945/4086/3662 3947/4088/3664 3961/4102/3678 
f 3957/4098/3674 3943/4084/3660 3945/4086/3662 
# 368 polygons - 94 triangles

#
# object LowTire
#

v  -614.0322 360.9956 603.7487
v  -614.0322 360.9956 792.4610
v  -609.1951 307.1226 792.4610
v  -609.1951 307.1226 603.7487
v  -627.9766 411.7169 603.7487
v  -627.9766 411.7169 792.4610
v  -650.1773 458.4355 603.7487
v  -650.1773 458.4355 792.4610
v  -679.7836 500.3008 603.7487
v  -679.7836 500.3008 792.4611
v  -715.9448 536.4620 603.7487
v  -715.9448 536.4620 792.4611
v  -757.8101 566.0684 603.7487
v  -757.8101 566.0684 792.4611
v  -804.5288 588.2690 603.7487
v  -804.5288 588.2690 792.4611
v  -855.2500 602.2134 603.7487
v  -855.2500 602.2134 792.4611
v  -909.1230 607.0505 603.7487
v  -909.1230 607.0505 792.4611
v  -962.9961 602.2134 603.7487
v  -962.9961 602.2134 792.4611
v  -1013.7170 588.2691 603.7487
v  -1013.7170 588.2690 792.4611
v  -1060.4360 566.0684 603.7487
v  -1060.4360 566.0683 792.4611
v  -1102.3010 536.4620 603.7487
v  -1102.3010 536.4620 792.4611
v  -1138.4630 500.3008 603.7487
v  -1138.4630 500.3008 792.4611
v  -1168.0690 458.4355 603.7487
v  -1168.0690 458.4355 792.4610
v  -1190.2700 411.7168 603.7487
v  -1190.2700 411.7168 792.4610
v  -1204.2140 360.9956 603.7487
v  -1204.2140 360.9956 792.4610
v  -1209.0510 307.1226 603.7487
v  -1209.0510 307.1226 792.4610
v  -1204.2140 253.2495 603.7487
v  -1204.2140 253.2495 792.4610
v  -1190.2700 202.5283 603.7487
v  -1190.2700 202.5283 792.4610
v  -1168.0690 155.8096 603.7486
v  -1168.0690 155.8096 792.4610
v  -1138.4630 113.9443 603.7486
v  -1138.4630 113.9443 792.4609
v  -1102.3010 77.7831 603.7486
v  -1102.3010 77.7831 792.4609
v  -1060.4360 48.1768 603.7486
v  -1060.4360 48.1768 792.4609
v  -1013.7170 25.9761 603.7486
v  -1013.7170 25.9761 792.4609
v  -962.9961 12.0318 603.7486
v  -962.9961 12.0317 792.4609
v  -909.1230 7.1946 603.7486
v  -909.1230 7.1946 792.4609
v  -855.2500 12.0317 603.7486
v  -855.2500 12.0317 792.4609
v  -804.5287 25.9761 603.7486
v  -804.5287 25.9760 792.4609
v  -757.8101 48.1768 603.7486
v  -757.8101 48.1768 792.4609
v  -715.9448 77.7831 603.7486
v  -715.9448 77.7831 792.4609
v  -679.7836 113.9444 603.7486
v  -679.7836 113.9444 792.4609
v  -650.1772 155.8097 603.7486
v  -650.1772 155.8096 792.4610
v  -627.9766 202.5283 603.7487
v  -627.9766 202.5283 792.4610
v  -614.0322 253.2495 603.7487
v  -614.0322 253.2495 792.4610
v  -630.2224 358.0399 809.7814
v  -625.6506 307.1226 809.7814
v  -643.4017 405.9783 809.7814
v  -664.3844 450.1337 809.7814
v  -692.3663 489.7021 809.7814
v  -726.5436 523.8793 809.7814
v  -766.1119 551.8613 809.7814
v  -810.2674 572.8439 809.7814
v  -858.2057 586.0232 809.7814
v  -909.1230 590.5950 809.7814
v  -960.0403 586.0232 809.7814
v  -1007.9790 572.8439 809.7814
v  -1052.1340 551.8612 809.7814
v  -1091.7030 523.8793 809.7814
v  -1125.8800 489.7020 809.7814
v  -1153.8621 450.1337 809.7814
v  -1174.8440 405.9782 809.7814
v  -1188.0240 358.0399 809.7814
v  -1192.5950 307.1226 809.7814
v  -1188.0240 256.2053 809.7813
v  -1174.8440 208.2668 809.7813
v  -1153.8621 164.1114 809.7813
v  -1125.8800 124.5431 809.7813
v  -1091.7030 90.3659 809.7813
v  -1052.1340 62.3839 809.7813
v  -1007.9790 41.4012 809.7813
v  -960.0403 28.2219 809.7813
v  -909.1230 23.6502 809.7813
v  -858.2057 28.2219 809.7813
v  -810.2673 41.4012 809.7813
v  -766.1119 62.3839 809.7813
v  -726.5435 90.3658 809.7813
v  -692.3663 124.5431 809.7813
v  -664.3843 164.1115 809.7813
v  -643.4017 208.2669 809.7813
v  -630.2224 256.2053 809.7813
v  -650.2585 354.3820 812.4723
v  -646.0152 307.1226 812.4723
v  -662.4910 398.8765 812.4723
v  -681.9663 439.8598 812.4723
v  -707.9380 476.5856 812.4723
v  -739.6600 508.3076 812.4723
v  -776.3858 534.2794 812.4724
v  -817.3691 553.7546 812.4724
v  -861.8636 565.9871 812.4724
v  -909.1230 570.2304 812.4724
v  -956.3824 565.9871 812.4724
v  -1000.8770 553.7546 812.4724
v  -1041.8600 534.2793 812.4724
v  -1078.5861 508.3076 812.4723
v  -1110.3080 476.5856 812.4723
v  -1136.2800 439.8598 812.4723
v  -1155.7550 398.8765 812.4723
v  -1167.9871 354.3820 812.4723
v  -1172.2310 307.1226 812.4723
v  -1167.9871 259.8631 812.4723
v  -1155.7550 215.3686 812.4723
v  -1136.2800 174.3853 812.4723
v  -1110.3080 137.6595 812.4723
v  -1078.5861 105.9376 812.4723
v  -1041.8600 79.9658 812.4722
v  -1000.8770 60.4905 812.4722
v  -956.3824 48.2580 812.4722
v  -909.1230 44.0147 812.4722
v  -861.8636 48.2580 812.4722
v  -817.3691 60.4905 812.4722
v  -776.3858 79.9659 812.4722
v  -739.6600 105.9375 812.4723
v  -707.9380 137.6595 812.4723
v  -681.9662 174.3853 812.4723
v  -662.4910 215.3686 812.4723
v  -650.2585 259.8632 812.4723
v  -693.6130 346.4670 812.4496
v  -690.0804 307.1226 812.4496
v  -703.7969 383.5096 812.4496
v  -720.0105 417.6290 812.4496
v  -741.6324 448.2040 812.4496
v  -768.0416 474.6132 812.4496
v  -798.6166 496.2352 812.4496
v  -832.7360 512.4487 812.4496
v  -869.7786 522.6326 812.4496
v  -909.1230 526.1652 812.4496
v  -948.4675 522.6326 812.4496
v  -985.5101 512.4487 812.4496
v  -1019.6300 496.2352 812.4496
v  -1050.2050 474.6132 812.4496
v  -1076.6140 448.2040 812.4496
v  -1098.2360 417.6290 812.4496
v  -1114.4490 383.5096 812.4496
v  -1124.6331 346.4670 812.4496
v  -1128.1660 307.1226 812.4496
v  -1124.6331 267.7781 812.4496
v  -1114.4490 230.7355 812.4496
v  -1098.2360 196.6161 812.4496
v  -1076.6140 166.0411 812.4496
v  -1050.2050 139.6320 812.4496
v  -1019.6300 118.0099 812.4496
v  -985.5101 101.7964 812.4496
v  -948.4675 91.6126 812.4496
v  -909.1230 88.0800 812.4496
v  -869.7786 91.6126 812.4496
v  -832.7360 101.7964 812.4496
v  -798.6166 118.0100 812.4496
v  -768.0416 139.6320 812.4496
v  -741.6324 166.0411 812.4496
v  -720.0104 196.6161 812.4496
v  -703.7969 230.7356 812.4496
v  -693.6131 267.7781 812.4496
v  -703.2894 344.7004 803.9357
v  -699.9154 307.1226 803.9357
v  -713.0160 380.0799 803.9357
v  -728.5016 412.6673 803.9357
v  -749.1527 441.8695 803.9357
v  -774.3762 467.0929 803.9357
v  -803.5783 487.7441 803.9357
v  -836.1658 503.2296 803.9357
v  -871.5452 512.9562 803.9357
v  -909.1230 516.3302 803.9357
v  -946.7009 512.9562 803.9357
v  -982.0803 503.2297 803.9357
v  -1014.6680 487.7440 803.9357
v  -1043.8700 467.0929 803.9357
v  -1069.0930 441.8695 803.9357
v  -1089.7450 412.6673 803.9357
v  -1105.2300 380.0798 803.9357
v  -1114.9570 344.7004 803.9357
v  -1118.3311 307.1226 803.9357
v  -1114.9570 269.5447 803.9357
v  -1105.2300 234.1653 803.9357
v  -1089.7450 201.5778 803.9357
v  -1069.0930 172.3757 803.9357
v  -1043.8700 147.1523 803.9357
v  -1014.6680 126.5011 803.9357
v  -982.0803 111.0155 803.9357
v  -946.7009 101.2890 803.9357
v  -909.1230 97.9149 803.9357
v  -871.5452 101.2889 803.9357
v  -836.1658 111.0155 803.9357
v  -803.5783 126.5011 803.9357
v  -774.3761 147.1523 803.9357
v  -749.1528 172.3757 803.9357
v  -728.5015 201.5778 803.9357
v  -713.0160 234.1653 803.9357
v  -703.2894 269.5447 803.9357
v  -718.0764 342.0009 803.9128
v  -714.9448 307.1226 803.9128
v  -727.1042 374.8386 803.9128
v  -741.4774 405.0851 803.9128
v  -760.6449 432.1893 803.9128
v  -784.0563 455.6006 803.9128
v  -811.1606 474.7683 803.9128
v  -841.4070 489.1414 803.9128
v  -874.2448 498.1692 803.9128
v  -909.1230 501.3008 803.9128
v  -944.0013 498.1692 803.9128
v  -976.8391 489.1414 803.9128
v  -1007.0860 474.7683 803.9128
v  -1034.1899 455.6007 803.9128
v  -1057.6010 432.1893 803.9128
v  -1076.7690 405.0850 803.9128
v  -1091.1420 374.8386 803.9128
v  -1100.1700 342.0008 803.9128
v  -1103.3010 307.1226 803.9128
v  -1100.1700 272.2443 803.9127
v  -1091.1420 239.4065 803.9127
v  -1076.7690 209.1601 803.9127
v  -1057.6010 182.0558 803.9127
v  -1034.1899 158.6445 803.9127
v  -1007.0860 139.4768 803.9127
v  -976.8391 125.1037 803.9127
v  -944.0013 116.0760 803.9127
v  -909.1230 112.9443 803.9127
v  -874.2448 116.0759 803.9127
v  -841.4070 125.1037 803.9127
v  -811.1606 139.4769 803.9127
v  -784.0563 158.6445 803.9127
v  -760.6450 182.0558 803.9127
v  -741.4773 209.1601 803.9127
v  -727.1042 239.4066 803.9127
v  -718.0764 272.2443 803.9127
v  -719.9071 341.6666 792.3294
v  -716.8055 307.1226 792.3294
v  -728.8484 374.1898 792.3294
v  -743.0838 404.1463 792.3294
v  -762.0677 430.9909 792.3294
v  -785.2548 454.1779 792.3294
v  -812.0993 473.1619 792.3294
v  -842.0559 487.3972 792.3294
v  -874.5790 496.3385 792.3294
v  -909.1230 499.4402 792.3294
v  -943.6671 496.3386 792.3294
v  -976.1902 487.3972 792.3294
v  -1006.1470 473.1618 792.3294
v  -1032.9910 454.1779 792.3294
v  -1056.1780 430.9909 792.3294
v  -1075.1620 404.1463 792.3294
v  -1089.3979 374.1897 792.3294
v  -1098.3390 341.6666 792.3294
v  -1101.4410 307.1226 792.3294
v  -1098.3390 272.5785 792.3293
v  -1089.3979 240.0554 792.3293
v  -1075.1620 210.0988 792.3293
v  -1056.1780 183.2542 792.3293
v  -1032.9910 160.0672 792.3293
v  -1006.1470 141.0833 792.3293
v  -976.1902 126.8479 792.3293
v  -943.6671 117.9066 792.3293
v  -909.1230 114.8050 792.3293
v  -874.5790 117.9066 792.3293
v  -842.0559 126.8479 792.3293
v  -812.0993 141.0833 792.3293
v  -785.2547 160.0672 792.3293
v  -762.0677 183.2542 792.3293
v  -743.0837 210.0988 792.3293
v  -728.8484 240.0554 792.3293
v  -719.9071 272.5785 792.3293
v  -850.2018 317.8795 792.3294
v  -849.2360 307.1226 792.3294
v  -852.9861 328.0071 792.3294
v  -857.4189 337.3354 792.3294
v  -863.3305 345.6948 792.3294
v  -870.5508 352.9151 792.3294
v  -878.9102 358.8267 792.3294
v  -888.2385 363.2595 792.3294
v  -898.3661 366.0438 792.3294
v  -909.1230 367.0096 792.3294
v  -919.8799 366.0438 792.3294
v  -930.0076 363.2595 792.3294
v  -939.3359 358.8267 792.3294
v  -947.6953 352.9151 792.3294
v  -954.9156 345.6948 792.3294
v  -960.8271 337.3354 792.3294
v  -965.2600 328.0070 792.3294
v  -968.0443 317.8795 792.3294
v  -969.0101 307.1226 792.3294
v  -968.0443 296.3656 792.3294
v  -965.2600 286.2381 792.3294
v  -960.8271 276.9097 792.3294
v  -954.9156 268.5504 792.3294
v  -947.6953 261.3300 792.3294
v  -939.3359 255.4185 792.3294
v  -930.0076 250.9856 792.3294
v  -919.8799 248.2013 792.3294
v  -909.1230 247.2355 792.3294
v  -898.3661 248.2013 792.3294
v  -888.2385 250.9856 792.3294
v  -878.9102 255.4185 792.3294
v  -870.5508 261.3300 792.3294
v  -863.3305 268.5504 792.3294
v  -857.4189 276.9097 792.3294
v  -852.9861 286.2381 792.3294
v  -850.2018 296.3657 792.3294
v  -866.6420 314.8781 794.5769
v  -865.9456 307.1226 794.5769
v  -868.6494 322.1799 794.5769
v  -871.8454 328.9055 794.5769
v  -876.1075 334.9324 794.5769
v  -881.3132 340.1381 794.5769
v  -887.3401 344.4002 794.5769
v  -894.0657 347.5962 794.5769
v  -901.3675 349.6036 794.5769
v  -909.1230 350.3000 794.5769
v  -916.8786 349.6036 794.5769
v  -924.1804 347.5962 794.5769
v  -930.9059 344.4002 794.5769
v  -936.9329 340.1381 794.5769
v  -942.1386 334.9324 794.5769
v  -946.4007 328.9055 794.5769
v  -949.5967 322.1799 794.5769
v  -951.6041 314.8781 794.5769
v  -952.3005 307.1226 794.5769
v  -951.6041 299.3670 794.5769
v  -949.5967 292.0652 794.5769
v  -946.4007 285.3397 794.5769
v  -942.1386 279.3127 794.5769
v  -936.9329 274.1070 794.5769
v  -930.9059 269.8449 794.5769
v  -924.1804 266.6489 794.5769
v  -916.8786 264.6415 794.5769
v  -909.1230 263.9452 794.5769
v  -901.3675 264.6415 794.5769
v  -894.0657 266.6489 794.5769
v  -887.3401 269.8449 794.5769
v  -881.3132 274.1070 794.5769
v  -876.1075 279.3127 794.5769
v  -871.8454 285.3397 794.5769
v  -868.6494 292.0652 794.5769
v  -866.6420 299.3670 794.5769
v  -909.1230 307.1226 794.5770
v  -612.0691 307.1226 591.8104
v  -616.8599 360.4794 591.8104
v  -616.8599 253.7658 591.8104
v  -630.6706 203.5306 591.8104
v  -652.6586 157.2596 591.8104
v  -681.9812 115.7955 591.8103
v  -717.7959 79.9807 591.8103
v  -759.2601 50.6582 591.8103
v  -805.5310 28.6701 591.8103
v  -855.7662 14.8594 591.8103
v  -909.1230 10.0687 591.8103
v  -962.4799 14.8595 591.8103
v  -1012.7150 28.6702 591.8103
v  -1058.9860 50.6581 591.8103
v  -1100.4500 79.9807 591.8103
v  -1136.2650 115.7954 591.8103
v  -1165.5880 157.2596 591.8104
v  -1187.5760 203.5305 591.8104
v  -1201.3860 253.7657 591.8104
v  -1206.1770 307.1226 591.8104
v  -1201.3860 360.4794 591.8104
v  -1187.5750 410.7146 591.8104
v  -1165.5880 456.9855 591.8104
v  -1136.2650 498.4497 591.8104
v  -1100.4500 534.2645 591.8104
v  -1058.9860 563.5870 591.8104
v  -1012.7150 585.5751 591.8104
v  -962.4799 599.3858 591.8104
v  -909.1230 604.1766 591.8104
v  -855.7662 599.3857 591.8104
v  -805.5311 585.5751 591.8104
v  -759.2601 563.5872 591.8104
v  -717.7960 534.2644 591.8104
v  -681.9812 498.4498 591.8104
v  -652.6586 456.9856 591.8104
v  -630.6705 410.7146 591.8104
v  -617.7080 307.1226 585.7668
v  -622.4078 359.4666 585.7668
v  -622.4078 254.7786 585.7668
v  -635.9564 205.4970 585.7668
v  -657.5269 160.1044 585.7668
v  -686.2930 119.4274 585.7668
v  -721.4278 84.2925 585.7668
v  -762.1049 55.5266 585.7668
v  -807.4975 33.9559 585.7668
v  -856.7791 20.4074 585.7668
v  -909.1230 15.7076 585.7668
v  -961.4670 20.4074 585.7668
v  -1010.7490 33.9559 585.7668
v  -1056.1410 55.5265 585.7668
v  -1096.8180 84.2925 585.7668
v  -1131.9530 119.4273 585.7668
v  -1160.7190 160.1044 585.7668
v  -1182.2900 205.4970 585.7668
v  -1195.8380 254.7786 585.7668
v  -1200.5380 307.1226 585.7668
v  -1195.8380 359.4665 585.7668
v  -1182.2900 408.7481 585.7668
v  -1160.7190 454.1407 585.7668
v  -1131.9530 494.8178 585.7668
v  -1096.8180 529.9527 585.7668
v  -1056.1410 558.7186 585.7668
v  -1010.7490 580.2893 585.7668
v  -961.4670 593.8379 585.7668
v  -909.1230 598.5377 585.7668
v  -856.7791 593.8378 585.7668
v  -807.4975 580.2893 585.7668
v  -762.1049 558.7188 585.7668
v  -721.4279 529.9526 585.7668
v  -686.2930 494.8178 585.7668
v  -657.5270 454.1408 585.7668
v  -635.9564 408.7482 585.7668
v  -631.1547 307.1226 582.5772
v  -635.6377 357.0512 582.5772
v  -635.6377 257.1939 582.5772
v  -648.5610 210.1863 582.5772
v  -669.1363 166.8882 582.5771
v  -696.5750 128.0882 582.5771
v  -730.0886 94.5745 582.5771
v  -768.8887 67.1359 582.5771
v  -812.1868 46.5606 582.5771
v  -859.1944 33.6372 582.5771
v  -909.1230 29.1543 582.5771
v  -959.0517 33.6373 582.5771
v  -1006.0590 46.5606 582.5771
v  -1049.3571 67.1359 582.5771
v  -1088.1580 94.5745 582.5771
v  -1121.6710 128.0881 582.5771
v  -1149.1100 166.8882 582.5771
v  -1169.6851 210.1863 582.5772
v  -1182.6080 257.1939 582.5772
v  -1187.0909 307.1226 582.5772
v  -1182.6080 357.0512 582.5772
v  -1169.6851 404.0588 582.5772
v  -1149.1100 447.3569 582.5772
v  -1121.6710 486.1570 582.5772
v  -1088.1580 519.6707 582.5773
v  -1049.3571 547.1093 582.5773
v  -1006.0590 567.6846 582.5773
v  -959.0517 580.6080 582.5773
v  -909.1230 585.0909 582.5773
v  -859.1944 580.6080 582.5773
v  -812.1868 567.6846 582.5773
v  -768.8887 547.1094 582.5773
v  -730.0886 519.6707 582.5773
v  -696.5750 486.1570 582.5772
v  -669.1364 447.3569 582.5772
v  -648.5610 404.0589 582.5772
v  -696.8687 307.1226 582.5772
v  -700.2918 345.2477 582.5772
v  -700.2919 268.9975 582.5772
v  -710.1600 233.1028 582.5772
v  -725.8711 200.0408 582.5772
v  -746.8231 170.4134 582.5771
v  -772.4138 144.8226 582.5771
v  -802.0413 123.8707 582.5771
v  -835.1033 108.1596 582.5771
v  -870.9979 98.2914 582.5771
v  -909.1230 94.8682 582.5771
v  -947.2482 98.2914 582.5771
v  -983.1428 108.1596 582.5771
v  -1016.2050 123.8707 582.5771
v  -1045.8320 144.8226 582.5771
v  -1071.4230 170.4133 582.5771
v  -1092.3750 200.0408 582.5772
v  -1108.0861 233.1028 582.5772
v  -1117.9540 268.9974 582.5772
v  -1121.3770 307.1226 582.5772
v  -1117.9540 345.2477 582.5772
v  -1108.0861 381.1423 582.5772
v  -1092.3750 414.2044 582.5772
v  -1071.4230 443.8318 582.5772
v  -1045.8320 469.4226 582.5772
v  -1016.2050 490.3745 582.5772
v  -983.1428 506.0856 582.5772
v  -947.2482 515.9539 582.5772
v  -909.1230 519.3770 582.5773
v  -870.9979 515.9538 582.5772
v  -835.1033 506.0856 582.5772
v  -802.0413 490.3745 582.5772
v  -772.4138 469.4226 582.5772
v  -746.8231 443.8318 582.5772
v  -725.8712 414.2044 582.5772
v  -710.1600 381.1423 582.5772
v  -700.8228 307.1226 589.3758
v  -704.1821 344.5375 589.3759
v  -704.1821 269.7077 589.3758
v  -713.8665 234.4818 589.3758
v  -729.2849 202.0356 589.3758
v  -749.8466 172.9601 589.3758
v  -774.9605 147.8461 589.3758
v  -804.0361 127.2845 589.3758
v  -836.4822 111.8661 589.3758
v  -871.7081 102.1817 589.3758
v  -909.1230 98.8223 589.3758
v  -946.5379 102.1817 589.3758
v  -981.7639 111.8661 589.3758
v  -1014.2100 127.2845 589.3758
v  -1043.2850 147.8461 589.3758
v  -1068.3990 172.9601 589.3758
v  -1088.9611 202.0356 589.3758
v  -1104.3800 234.4817 589.3758
v  -1114.0640 269.7077 589.3758
v  -1117.4230 307.1226 589.3758
v  -1114.0640 344.5374 589.3759
v  -1104.3800 379.7634 589.3759
v  -1088.9611 412.2096 589.3759
v  -1068.3990 441.2851 589.3759
v  -1043.2850 466.3991 589.3759
v  -1014.2100 486.9607 589.3759
v  -981.7639 502.3792 589.3759
v  -946.5380 512.0635 589.3759
v  -909.1230 515.4229 589.3759
v  -871.7082 512.0635 589.3759
v  -836.4822 502.3792 589.3759
v  -804.0361 486.9608 589.3759
v  -774.9606 466.3991 589.3759
v  -749.8466 441.2851 589.3759
v  -729.2849 412.2096 589.3759
v  -713.8665 379.7634 589.3759
v  -714.0350 307.1226 589.9910
v  -717.1814 342.1643 589.9910
v  -717.1814 272.0809 589.9910
v  -726.2515 239.0893 589.9910
v  -740.6919 208.7012 589.9910
v  -759.9493 181.4699 589.9910
v  -783.4703 157.9489 589.9910
v  -810.7017 138.6915 589.9909
v  -841.0898 124.2510 589.9909
v  -874.0814 115.1809 589.9909
v  -909.1230 112.0346 589.9909
v  -944.1647 115.1810 589.9909
v  -977.1563 124.2510 589.9909
v  -1007.5440 138.6915 589.9909
v  -1034.7760 157.9489 589.9910
v  -1058.2970 181.4699 589.9910
v  -1077.5540 208.7012 589.9910
v  -1091.9950 239.0893 589.9910
v  -1101.0649 272.0809 589.9910
v  -1104.2111 307.1226 589.9910
v  -1101.0649 342.1642 589.9910
v  -1091.9950 375.1559 589.9910
v  -1077.5540 405.5440 589.9910
v  -1058.2970 432.7753 589.9910
v  -1034.7760 456.2963 589.9910
v  -1007.5440 475.5537 589.9910
v  -977.1564 489.9942 589.9910
v  -944.1647 499.0643 589.9910
v  -909.1230 502.2106 589.9910
v  -874.0814 499.0643 589.9910
v  -841.0898 489.9942 589.9910
v  -810.7017 475.5538 589.9910
v  -783.4704 456.2963 589.9910
v  -759.9493 432.7753 589.9910
v  -740.6919 405.5440 589.9910
v  -726.2515 375.1559 589.9910
v  -717.7383 307.1226 604.1822
v  -720.8250 341.4991 604.1822
v  -720.8250 272.7461 604.1822
v  -729.7229 240.3808 604.1822
v  -743.8892 210.5695 604.1822
v  -762.7811 183.8552 604.1822
v  -785.8556 160.7806 604.1822
v  -812.5699 141.8888 604.1822
v  -842.3812 127.7224 604.1822
v  -874.7465 118.8245 604.1822
v  -909.1230 115.7379 604.1822
v  -943.4996 118.8245 604.1822
v  -975.8649 127.7224 604.1822
v  -1005.6760 141.8887 604.1822
v  -1032.3900 160.7806 604.1822
v  -1055.4650 183.8551 604.1822
v  -1074.3571 210.5695 604.1822
v  -1088.5229 240.3807 604.1822
v  -1097.4210 272.7461 604.1822
v  -1100.5081 307.1226 604.1822
v  -1097.4210 341.4991 604.1822
v  -1088.5229 373.8644 604.1823
v  -1074.3571 403.6757 604.1823
v  -1055.4650 430.3900 604.1823
v  -1032.3900 453.4646 604.1823
v  -1005.6760 472.3564 604.1823
v  -975.8649 486.5228 604.1823
v  -943.4996 495.4207 604.1823
v  -909.1230 498.5073 604.1823
v  -874.7465 495.4207 604.1823
v  -842.3812 486.5228 604.1823
v  -812.5699 472.3565 604.1823
v  -785.8557 453.4646 604.1823
v  -762.7811 430.3901 604.1823
v  -743.8892 403.6757 604.1823
v  -729.7229 373.8644 604.1823
v  -734.6213 307.1226 610.8055
v  -737.4357 338.4666 610.8055
v  -737.4357 275.7786 610.8055
v  -745.5487 246.2684 610.8055
v  -758.4653 219.0869 610.8055
v  -775.6907 194.7292 610.8055
v  -796.7296 173.6902 610.8055
v  -821.0874 156.4649 610.8055
v  -848.2689 143.5482 610.8055
v  -877.7791 135.4352 610.8055
v  -909.1230 132.6209 610.8055
v  -940.4670 135.4353 610.8055
v  -969.9772 143.5482 610.8055
v  -997.1587 156.4649 610.8055
v  -1021.5160 173.6902 610.8055
v  -1042.5551 194.7292 610.8055
v  -1059.7810 219.0869 610.8055
v  -1072.6970 246.2684 610.8055
v  -1080.8101 275.7786 610.8055
v  -1083.6250 307.1226 610.8055
v  -1080.8101 338.4666 610.8055
v  -1072.6970 367.9768 610.8055
v  -1059.7810 395.1582 610.8055
v  -1042.5551 419.5160 610.8055
v  -1021.5160 440.5550 610.8055
v  -997.1587 457.7803 610.8055
v  -969.9772 470.6970 610.8055
v  -940.4670 478.8100 610.8056
v  -909.1230 481.6243 610.8056
v  -877.7791 478.8099 610.8056
v  -848.2689 470.6970 610.8055
v  -821.0874 457.7803 610.8055
v  -796.7297 440.5550 610.8055
v  -775.6907 419.5160 610.8055
v  -758.4653 395.1583 610.8055
v  -745.5487 367.9768 610.8055
v  -739.3650 307.1226 630.9140
v  -742.1028 337.6145 630.9140
v  -742.1028 276.6307 630.9140
v  -749.9952 247.9227 630.9140
v  -762.5608 221.4801 630.9140
v  -779.3179 197.7845 630.9140
v  -799.7849 177.3174 630.9140
v  -823.4805 160.5603 630.9140
v  -849.9231 147.9948 630.9140
v  -878.6311 140.1024 630.9140
v  -909.1230 137.3646 630.9140
v  -939.6150 140.1024 630.9140
v  -968.3230 147.9948 630.9140
v  -994.7656 160.5603 630.9140
v  -1018.4610 177.3174 630.9140
v  -1038.9280 197.7845 630.9140
v  -1055.6851 221.4801 630.9140
v  -1068.2510 247.9226 630.9140
v  -1076.1429 276.6306 630.9140
v  -1078.8810 307.1226 630.9140
v  -1076.1429 337.6145 630.9140
v  -1068.2510 366.3225 630.9140
v  -1055.6851 392.7651 630.9140
v  -1038.9280 416.4607 630.9140
v  -1018.4610 436.9278 630.9141
v  -994.7656 453.6849 630.9141
v  -968.3230 466.2504 630.9140
v  -939.6150 474.1428 630.9141
v  -909.1230 476.8806 630.9141
v  -878.6311 474.1428 630.9141
v  -849.9231 466.2504 630.9140
v  -823.4805 453.6849 630.9141
v  -799.7850 436.9278 630.9141
v  -779.3179 416.4607 630.9140
v  -762.5608 392.7651 630.9140
v  -749.9952 366.3225 630.9140
v  -739.3650 307.1226 684.0009
v  -742.1028 337.6145 684.0009
v  -742.1028 276.6307 684.0009
v  -749.9952 247.9227 684.0009
v  -762.5608 221.4801 684.0009
v  -779.3179 197.7845 684.0009
v  -799.7849 177.3174 684.0009
v  -823.4805 160.5603 684.0009
v  -849.9231 147.9948 684.0009
v  -878.6311 140.1024 684.0009
v  -909.1230 137.3645 684.0009
v  -939.6150 140.1024 684.0009
v  -968.3230 147.9948 684.0009
v  -994.7656 160.5603 684.0009
v  -1018.4610 177.3174 684.0009
v  -1038.9280 197.7845 684.0009
v  -1055.6851 221.4801 684.0009
v  -1068.2510 247.9226 684.0009
v  -1076.1429 276.6306 684.0009
v  -1078.8810 307.1226 684.0009
v  -1076.1429 337.6145 684.0009
v  -1068.2510 366.3225 684.0009
v  -1055.6851 392.7651 684.0009
v  -1038.9280 416.4607 684.0009
v  -1018.4610 436.9278 684.0009
v  -994.7656 453.6848 684.0009
v  -968.3230 466.2504 684.0009
v  -939.6150 474.1428 684.0009
v  -909.1230 476.8806 684.0009
v  -878.6311 474.1428 684.0009
v  -849.9231 466.2504 684.0009
v  -823.4805 453.6849 684.0009
v  -799.7850 436.9278 684.0009
v  -779.3179 416.4607 684.0009
v  -762.5608 392.7651 684.0009
v  -749.9952 366.3225 684.0009
v  -754.3402 307.1226 685.1583
v  -756.8365 334.9247 685.1583
v  -756.8365 279.3205 685.1583
v  -764.0328 253.1450 685.1583
v  -775.4898 229.0350 685.1583
v  -790.7687 207.4298 685.1583
v  -809.4302 188.7682 685.1583
v  -831.0355 173.4893 685.1583
v  -855.1454 162.0323 685.1583
v  -881.3210 154.8361 685.1583
v  -909.1230 152.3398 685.1583
v  -936.9251 154.8361 685.1583
v  -963.1006 162.0323 685.1583
v  -987.2106 173.4893 685.1583
v  -1008.8160 188.7682 685.1583
v  -1027.4771 207.4297 685.1583
v  -1042.7560 229.0350 685.1583
v  -1054.2130 253.1450 685.1583
v  -1061.4091 279.3205 685.1583
v  -1063.9060 307.1226 685.1583
v  -1061.4091 334.9247 685.1583
v  -1054.2130 361.1002 685.1583
v  -1042.7560 385.2101 685.1583
v  -1027.4771 406.8154 685.1583
v  -1008.8160 425.4770 685.1583
v  -987.2106 440.7558 685.1583
v  -963.1006 452.2129 685.1583
v  -936.9251 459.4091 685.1583
v  -909.1230 461.9054 685.1583
v  -881.3210 459.4091 685.1583
v  -855.1454 452.2129 685.1583
v  -831.0355 440.7559 685.1583
v  -809.4302 425.4770 685.1583
v  -790.7687 406.8154 685.1583
v  -775.4898 385.2101 685.1583
v  -764.0328 361.1002 685.1583
v  -909.1230 307.1226 685.1583
v  -614.0322 360.9956 -645.9167
v  -609.1951 307.1226 -645.9167
v  -609.1951 307.1226 -834.6290
v  -614.0322 360.9956 -834.6290
v  -627.9766 411.7169 -645.9167
v  -627.9766 411.7169 -834.6290
v  -650.1773 458.4355 -645.9167
v  -650.1773 458.4355 -834.6290
v  -679.7836 500.3008 -645.9167
v  -679.7836 500.3008 -834.6291
v  -715.9448 536.4620 -645.9167
v  -715.9448 536.4620 -834.6291
v  -757.8101 566.0684 -645.9167
v  -757.8101 566.0684 -834.6291
v  -804.5288 588.2690 -645.9167
v  -804.5288 588.2690 -834.6291
v  -855.2500 602.2134 -645.9167
v  -855.2500 602.2134 -834.6291
v  -909.1230 607.0505 -645.9167
v  -909.1230 607.0505 -834.6291
v  -962.9961 602.2134 -645.9167
v  -962.9961 602.2134 -834.6291
v  -1013.7170 588.2691 -645.9167
v  -1013.7170 588.2690 -834.6291
v  -1060.4360 566.0684 -645.9167
v  -1060.4360 566.0683 -834.6291
v  -1102.3010 536.4620 -645.9167
v  -1102.3010 536.4620 -834.6291
v  -1138.4630 500.3008 -645.9167
v  -1138.4630 500.3008 -834.6291
v  -1168.0690 458.4355 -645.9167
v  -1168.0690 458.4355 -834.6290
v  -1190.2700 411.7168 -645.9167
v  -1190.2700 411.7168 -834.6290
v  -1204.2140 360.9956 -645.9167
v  -1204.2140 360.9956 -834.6290
v  -1209.0510 307.1226 -645.9167
v  -1209.0510 307.1226 -834.6290
v  -1204.2140 253.2495 -645.9167
v  -1204.2140 253.2495 -834.6290
v  -1190.2700 202.5283 -645.9167
v  -1190.2700 202.5283 -834.6290
v  -1168.0690 155.8096 -645.9166
v  -1168.0690 155.8096 -834.6290
v  -1138.4630 113.9443 -645.9166
v  -1138.4630 113.9443 -834.6288
v  -1102.3010 77.7831 -645.9166
v  -1102.3010 77.7831 -834.6288
v  -1060.4360 48.1768 -645.9166
v  -1060.4360 48.1768 -834.6288
v  -1013.7170 25.9761 -645.9166
v  -1013.7170 25.9761 -834.6288
v  -962.9961 12.0318 -645.9166
v  -962.9961 12.0317 -834.6288
v  -909.1230 7.1946 -645.9166
v  -909.1230 7.1946 -834.6288
v  -855.2500 12.0317 -645.9166
v  -855.2500 12.0317 -834.6288
v  -804.5287 25.9761 -645.9166
v  -804.5287 25.9760 -834.6288
v  -757.8101 48.1768 -645.9166
v  -757.8101 48.1768 -834.6288
v  -715.9448 77.7831 -645.9166
v  -715.9448 77.7831 -834.6288
v  -679.7836 113.9444 -645.9166
v  -679.7836 113.9444 -834.6288
v  -650.1772 155.8097 -645.9166
v  -650.1772 155.8096 -834.6290
v  -627.9766 202.5283 -645.9167
v  -627.9766 202.5283 -834.6290
v  -614.0322 253.2495 -645.9167
v  -614.0322 253.2495 -834.6290
v  -625.6506 307.1226 -851.9493
v  -630.2224 358.0399 -851.9493
v  -643.4017 405.9783 -851.9493
v  -664.3844 450.1337 -851.9493
v  -692.3663 489.7021 -851.9493
v  -726.5436 523.8793 -851.9493
v  -766.1119 551.8613 -851.9493
v  -810.2674 572.8439 -851.9493
v  -858.2057 586.0232 -851.9493
v  -909.1230 590.5950 -851.9493
v  -960.0403 586.0232 -851.9493
v  -1007.9790 572.8439 -851.9493
v  -1052.1340 551.8612 -851.9493
v  -1091.7030 523.8793 -851.9493
v  -1125.8800 489.7020 -851.9493
v  -1153.8621 450.1337 -851.9493
v  -1174.8440 405.9782 -851.9493
v  -1188.0240 358.0399 -851.9493
v  -1192.5950 307.1226 -851.9493
v  -1188.0240 256.2053 -851.9493
v  -1174.8440 208.2668 -851.9493
v  -1153.8621 164.1114 -851.9493
v  -1125.8800 124.5431 -851.9493
v  -1091.7030 90.3659 -851.9493
v  -1052.1340 62.3839 -851.9493
v  -1007.9790 41.4012 -851.9493
v  -960.0403 28.2219 -851.9493
v  -909.1230 23.6502 -851.9493
v  -858.2057 28.2219 -851.9493
v  -810.2673 41.4012 -851.9493
v  -766.1119 62.3839 -851.9493
v  -726.5435 90.3658 -851.9493
v  -692.3663 124.5431 -851.9493
v  -664.3843 164.1115 -851.9493
v  -643.4017 208.2669 -851.9493
v  -630.2224 256.2053 -851.9493
v  -646.0152 307.1226 -854.6403
v  -650.2585 354.3820 -854.6403
v  -662.4910 398.8765 -854.6403
v  -681.9663 439.8598 -854.6403
v  -707.9380 476.5856 -854.6403
v  -739.6600 508.3076 -854.6403
v  -776.3858 534.2794 -854.6404
v  -817.3691 553.7546 -854.6404
v  -861.8636 565.9871 -854.6404
v  -909.1230 570.2304 -854.6404
v  -956.3824 565.9871 -854.6404
v  -1000.8770 553.7546 -854.6404
v  -1041.8600 534.2793 -854.6404
v  -1078.5861 508.3076 -854.6403
v  -1110.3080 476.5856 -854.6403
v  -1136.2800 439.8598 -854.6403
v  -1155.7550 398.8765 -854.6403
v  -1167.9871 354.3820 -854.6403
v  -1172.2310 307.1226 -854.6403
v  -1167.9871 259.8631 -854.6403
v  -1155.7550 215.3686 -854.6403
v  -1136.2800 174.3853 -854.6403
v  -1110.3080 137.6595 -854.6403
v  -1078.5861 105.9376 -854.6403
v  -1041.8600 79.9658 -854.6402
v  -1000.8770 60.4905 -854.6402
v  -956.3824 48.2580 -854.6402
v  -909.1230 44.0147 -854.6402
v  -861.8636 48.2580 -854.6402
v  -817.3691 60.4905 -854.6402
v  -776.3858 79.9659 -854.6402
v  -739.6600 105.9375 -854.6403
v  -707.9380 137.6595 -854.6403
v  -681.9662 174.3853 -854.6403
v  -662.4910 215.3686 -854.6403
v  -650.2585 259.8632 -854.6403
v  -690.0804 307.1226 -854.6176
v  -693.6130 346.4670 -854.6176
v  -703.7969 383.5096 -854.6176
v  -720.0105 417.6290 -854.6176
v  -741.6324 448.2040 -854.6176
v  -768.0416 474.6132 -854.6176
v  -798.6166 496.2352 -854.6176
v  -832.7360 512.4487 -854.6176
v  -869.7786 522.6326 -854.6176
v  -909.1230 526.1652 -854.6176
v  -948.4675 522.6326 -854.6176
v  -985.5101 512.4487 -854.6176
v  -1019.6300 496.2352 -854.6176
v  -1050.2050 474.6132 -854.6176
v  -1076.6140 448.2040 -854.6176
v  -1098.2360 417.6290 -854.6176
v  -1114.4490 383.5096 -854.6176
v  -1124.6331 346.4670 -854.6176
v  -1128.1660 307.1226 -854.6176
v  -1124.6331 267.7781 -854.6176
v  -1114.4490 230.7355 -854.6176
v  -1098.2360 196.6161 -854.6176
v  -1076.6140 166.0411 -854.6176
v  -1050.2050 139.6320 -854.6176
v  -1019.6300 118.0099 -854.6176
v  -985.5101 101.7964 -854.6176
v  -948.4675 91.6126 -854.6176
v  -909.1230 88.0800 -854.6176
v  -869.7786 91.6126 -854.6176
v  -832.7360 101.7964 -854.6176
v  -798.6166 118.0100 -854.6176
v  -768.0416 139.6320 -854.6176
v  -741.6324 166.0411 -854.6176
v  -720.0104 196.6161 -854.6176
v  -703.7969 230.7356 -854.6176
v  -693.6131 267.7781 -854.6176
v  -699.9154 307.1226 -846.1037
v  -703.2894 344.7004 -846.1037
v  -713.0160 380.0799 -846.1037
v  -728.5016 412.6673 -846.1037
v  -749.1527 441.8695 -846.1037
v  -774.3762 467.0929 -846.1037
v  -803.5783 487.7441 -846.1037
v  -836.1658 503.2296 -846.1037
v  -871.5452 512.9562 -846.1037
v  -909.1230 516.3302 -846.1037
v  -946.7009 512.9562 -846.1037
v  -982.0803 503.2297 -846.1037
v  -1014.6680 487.7440 -846.1037
v  -1043.8700 467.0929 -846.1037
v  -1069.0930 441.8695 -846.1037
v  -1089.7450 412.6673 -846.1037
v  -1105.2300 380.0798 -846.1037
v  -1114.9570 344.7004 -846.1037
v  -1118.3311 307.1226 -846.1037
v  -1114.9570 269.5447 -846.1037
v  -1105.2300 234.1653 -846.1037
v  -1089.7450 201.5778 -846.1037
v  -1069.0930 172.3757 -846.1037
v  -1043.8700 147.1523 -846.1037
v  -1014.6680 126.5011 -846.1037
v  -982.0803 111.0155 -846.1037
v  -946.7009 101.2890 -846.1037
v  -909.1230 97.9149 -846.1037
v  -871.5452 101.2889 -846.1037
v  -836.1658 111.0155 -846.1037
v  -803.5783 126.5011 -846.1037
v  -774.3761 147.1523 -846.1037
v  -749.1528 172.3757 -846.1037
v  -728.5015 201.5778 -846.1037
v  -713.0160 234.1653 -846.1037
v  -703.2894 269.5447 -846.1037
v  -714.9448 307.1226 -846.0807
v  -718.0764 342.0009 -846.0807
v  -727.1042 374.8386 -846.0807
v  -741.4774 405.0851 -846.0807
v  -760.6449 432.1893 -846.0807
v  -784.0563 455.6006 -846.0807
v  -811.1606 474.7683 -846.0807
v  -841.4070 489.1414 -846.0807
v  -874.2448 498.1692 -846.0807
v  -909.1230 501.3008 -846.0807
v  -944.0013 498.1692 -846.0807
v  -976.8391 489.1414 -846.0807
v  -1007.0860 474.7683 -846.0807
v  -1034.1899 455.6007 -846.0807
v  -1057.6010 432.1893 -846.0807
v  -1076.7690 405.0850 -846.0807
v  -1091.1420 374.8386 -846.0807
v  -1100.1700 342.0008 -846.0807
v  -1103.3010 307.1226 -846.0807
v  -1100.1700 272.2443 -846.0807
v  -1091.1420 239.4065 -846.0807
v  -1076.7690 209.1601 -846.0807
v  -1057.6010 182.0558 -846.0807
v  -1034.1899 158.6445 -846.0807
v  -1007.0860 139.4768 -846.0807
v  -976.8391 125.1037 -846.0807
v  -944.0013 116.0760 -846.0807
v  -909.1230 112.9443 -846.0807
v  -874.2448 116.0759 -846.0807
v  -841.4070 125.1037 -846.0807
v  -811.1606 139.4769 -846.0807
v  -784.0563 158.6445 -846.0807
v  -760.6450 182.0558 -846.0807
v  -741.4773 209.1601 -846.0807
v  -727.1042 239.4066 -846.0807
v  -718.0764 272.2443 -846.0807
v  -716.8055 307.1226 -834.4974
v  -719.9071 341.6666 -834.4974
v  -728.8484 374.1898 -834.4974
v  -743.0838 404.1463 -834.4974
v  -762.0677 430.9909 -834.4974
v  -785.2548 454.1779 -834.4974
v  -812.0993 473.1619 -834.4974
v  -842.0559 487.3972 -834.4974
v  -874.5790 496.3385 -834.4974
v  -909.1230 499.4402 -834.4974
v  -943.6671 496.3386 -834.4974
v  -976.1902 487.3972 -834.4974
v  -1006.1470 473.1618 -834.4974
v  -1032.9910 454.1779 -834.4974
v  -1056.1780 430.9909 -834.4974
v  -1075.1620 404.1463 -834.4974
v  -1089.3979 374.1897 -834.4974
v  -1098.3390 341.6666 -834.4974
v  -1101.4410 307.1226 -834.4974
v  -1098.3390 272.5785 -834.4973
v  -1089.3979 240.0554 -834.4973
v  -1075.1620 210.0988 -834.4973
v  -1056.1780 183.2542 -834.4973
v  -1032.9910 160.0672 -834.4973
v  -1006.1470 141.0833 -834.4973
v  -976.1902 126.8479 -834.4973
v  -943.6671 117.9066 -834.4973
v  -909.1230 114.8050 -834.4973
v  -874.5790 117.9066 -834.4973
v  -842.0559 126.8479 -834.4973
v  -812.0993 141.0833 -834.4973
v  -785.2547 160.0672 -834.4973
v  -762.0677 183.2542 -834.4973
v  -743.0837 210.0988 -834.4973
v  -728.8484 240.0554 -834.4973
v  -719.9071 272.5785 -834.4973
v  -849.2360 307.1226 -834.4974
v  -850.2018 317.8795 -834.4974
v  -852.9861 328.0071 -834.4974
v  -857.4189 337.3354 -834.4974
v  -863.3305 345.6948 -834.4974
v  -870.5508 352.9151 -834.4974
v  -878.9102 358.8267 -834.4974
v  -888.2385 363.2595 -834.4974
v  -898.3661 366.0438 -834.4974
v  -909.1230 367.0096 -834.4974
v  -919.8799 366.0438 -834.4974
v  -930.0076 363.2595 -834.4974
v  -939.3359 358.8267 -834.4974
v  -947.6953 352.9151 -834.4974
v  -954.9156 345.6948 -834.4974
v  -960.8271 337.3354 -834.4974
v  -965.2600 328.0070 -834.4974
v  -968.0443 317.8795 -834.4974
v  -969.0101 307.1226 -834.4974
v  -968.0443 296.3656 -834.4974
v  -965.2600 286.2381 -834.4974
v  -960.8271 276.9097 -834.4974
v  -954.9156 268.5504 -834.4974
v  -947.6953 261.3300 -834.4974
v  -939.3359 255.4185 -834.4974
v  -930.0076 250.9856 -834.4974
v  -919.8799 248.2013 -834.4974
v  -909.1230 247.2355 -834.4974
v  -898.3661 248.2013 -834.4974
v  -888.2385 250.9856 -834.4974
v  -878.9102 255.4185 -834.4974
v  -870.5508 261.3300 -834.4974
v  -863.3305 268.5504 -834.4974
v  -857.4189 276.9097 -834.4974
v  -852.9861 286.2381 -834.4974
v  -850.2018 296.3657 -834.4974
v  -865.9456 307.1226 -836.7449
v  -866.6420 314.8781 -836.7449
v  -868.6494 322.1799 -836.7449
v  -871.8454 328.9055 -836.7449
v  -876.1075 334.9324 -836.7449
v  -881.3132 340.1381 -836.7449
v  -887.3401 344.4002 -836.7449
v  -894.0657 347.5962 -836.7449
v  -901.3675 349.6036 -836.7449
v  -909.1230 350.3000 -836.7449
v  -916.8786 349.6036 -836.7449
v  -924.1804 347.5962 -836.7449
v  -930.9059 344.4002 -836.7449
v  -936.9329 340.1381 -836.7449
v  -942.1386 334.9324 -836.7449
v  -946.4007 328.9055 -836.7449
v  -949.5967 322.1799 -836.7449
v  -951.6041 314.8781 -836.7449
v  -952.3005 307.1226 -836.7449
v  -951.6041 299.3670 -836.7449
v  -949.5967 292.0652 -836.7449
v  -946.4007 285.3397 -836.7449
v  -942.1386 279.3127 -836.7449
v  -936.9329 274.1070 -836.7449
v  -930.9059 269.8449 -836.7449
v  -924.1804 266.6489 -836.7449
v  -916.8786 264.6415 -836.7449
v  -909.1230 263.9452 -836.7449
v  -901.3675 264.6415 -836.7449
v  -894.0657 266.6489 -836.7449
v  -887.3401 269.8449 -836.7449
v  -881.3132 274.1070 -836.7449
v  -876.1075 279.3127 -836.7449
v  -871.8454 285.3397 -836.7449
v  -868.6494 292.0652 -836.7449
v  -866.6420 299.3670 -836.7449
v  -909.1230 307.1226 -836.7450
v  -616.8599 360.4794 -633.9784
v  -612.0691 307.1226 -633.9784
v  -616.8599 253.7658 -633.9784
v  -630.6706 203.5306 -633.9784
v  -652.6586 157.2596 -633.9784
v  -681.9812 115.7955 -633.9783
v  -717.7959 79.9807 -633.9783
v  -759.2601 50.6582 -633.9783
v  -805.5310 28.6701 -633.9783
v  -855.7662 14.8594 -633.9783
v  -909.1230 10.0687 -633.9783
v  -962.4799 14.8595 -633.9783
v  -1012.7150 28.6702 -633.9783
v  -1058.9860 50.6581 -633.9783
v  -1100.4500 79.9807 -633.9783
v  -1136.2650 115.7954 -633.9783
v  -1165.5880 157.2596 -633.9784
v  -1187.5760 203.5305 -633.9784
v  -1201.3860 253.7657 -633.9784
v  -1206.1770 307.1226 -633.9784
v  -1201.3860 360.4794 -633.9784
v  -1187.5750 410.7146 -633.9784
v  -1165.5880 456.9855 -633.9784
v  -1136.2650 498.4497 -633.9784
v  -1100.4500 534.2645 -633.9784
v  -1058.9860 563.5870 -633.9784
v  -1012.7150 585.5751 -633.9784
v  -962.4799 599.3858 -633.9784
v  -909.1230 604.1766 -633.9784
v  -855.7662 599.3857 -633.9784
v  -805.5311 585.5751 -633.9784
v  -759.2601 563.5872 -633.9784
v  -717.7960 534.2644 -633.9784
v  -681.9812 498.4498 -633.9784
v  -652.6586 456.9856 -633.9784
v  -630.6705 410.7146 -633.9784
v  -622.4078 359.4666 -627.9348
v  -617.7080 307.1226 -627.9348
v  -622.4078 254.7786 -627.9348
v  -635.9564 205.4970 -627.9348
v  -657.5269 160.1044 -627.9348
v  -686.2930 119.4274 -627.9348
v  -721.4278 84.2925 -627.9348
v  -762.1049 55.5266 -627.9348
v  -807.4975 33.9559 -627.9348
v  -856.7791 20.4074 -627.9348
v  -909.1230 15.7076 -627.9348
v  -961.4670 20.4074 -627.9348
v  -1010.7490 33.9559 -627.9348
v  -1056.1410 55.5265 -627.9348
v  -1096.8180 84.2925 -627.9348
v  -1131.9530 119.4273 -627.9348
v  -1160.7190 160.1044 -627.9348
v  -1182.2900 205.4970 -627.9348
v  -1195.8380 254.7786 -627.9348
v  -1200.5380 307.1226 -627.9348
v  -1195.8380 359.4665 -627.9348
v  -1182.2900 408.7481 -627.9348
v  -1160.7190 454.1407 -627.9348
v  -1131.9530 494.8178 -627.9348
v  -1096.8180 529.9527 -627.9348
v  -1056.1410 558.7186 -627.9348
v  -1010.7490 580.2893 -627.9348
v  -961.4670 593.8379 -627.9348
v  -909.1230 598.5377 -627.9348
v  -856.7791 593.8378 -627.9348
v  -807.4975 580.2893 -627.9348
v  -762.1049 558.7188 -627.9348
v  -721.4279 529.9526 -627.9348
v  -686.2930 494.8178 -627.9348
v  -657.5270 454.1408 -627.9348
v  -635.9564 408.7482 -627.9348
v  -635.6377 357.0512 -624.7452
v  -631.1547 307.1226 -624.7452
v  -635.6377 257.1939 -624.7452
v  -648.5610 210.1863 -624.7452
v  -669.1363 166.8882 -624.7451
v  -696.5750 128.0882 -624.7451
v  -730.0886 94.5745 -624.7451
v  -768.8887 67.1359 -624.7451
v  -812.1868 46.5606 -624.7451
v  -859.1944 33.6372 -624.7451
v  -909.1230 29.1543 -624.7451
v  -959.0517 33.6373 -624.7451
v  -1006.0590 46.5606 -624.7451
v  -1049.3571 67.1359 -624.7451
v  -1088.1580 94.5745 -624.7451
v  -1121.6710 128.0881 -624.7451
v  -1149.1100 166.8882 -624.7451
v  -1169.6851 210.1863 -624.7452
v  -1182.6080 257.1939 -624.7452
v  -1187.0909 307.1226 -624.7452
v  -1182.6080 357.0512 -624.7452
v  -1169.6851 404.0588 -624.7452
v  -1149.1100 447.3569 -624.7452
v  -1121.6710 486.1570 -624.7452
v  -1088.1580 519.6707 -624.7452
v  -1049.3571 547.1093 -624.7452
v  -1006.0590 567.6846 -624.7452
v  -959.0517 580.6080 -624.7452
v  -909.1230 585.0909 -624.7452
v  -859.1944 580.6080 -624.7452
v  -812.1868 567.6846 -624.7452
v  -768.8887 547.1094 -624.7452
v  -730.0886 519.6707 -624.7452
v  -696.5750 486.1570 -624.7452
v  -669.1364 447.3569 -624.7452
v  -648.5610 404.0589 -624.7452
v  -700.2918 345.2477 -624.7452
v  -696.8687 307.1226 -624.7452
v  -700.2919 268.9975 -624.7452
v  -710.1600 233.1028 -624.7452
v  -725.8711 200.0408 -624.7452
v  -746.8231 170.4134 -624.7451
v  -772.4138 144.8226 -624.7451
v  -802.0413 123.8707 -624.7451
v  -835.1033 108.1596 -624.7451
v  -870.9979 98.2914 -624.7451
v  -909.1230 94.8682 -624.7451
v  -947.2482 98.2914 -624.7451
v  -983.1428 108.1596 -624.7451
v  -1016.2050 123.8707 -624.7451
v  -1045.8320 144.8226 -624.7451
v  -1071.4230 170.4133 -624.7451
v  -1092.3750 200.0408 -624.7452
v  -1108.0861 233.1028 -624.7452
v  -1117.9540 268.9974 -624.7452
v  -1121.3770 307.1226 -624.7452
v  -1117.9540 345.2477 -624.7452
v  -1108.0861 381.1423 -624.7452
v  -1092.3750 414.2044 -624.7452
v  -1071.4230 443.8318 -624.7452
v  -1045.8320 469.4226 -624.7452
v  -1016.2050 490.3745 -624.7452
v  -983.1428 506.0856 -624.7452
v  -947.2482 515.9539 -624.7452
v  -909.1230 519.3770 -624.7452
v  -870.9979 515.9538 -624.7452
v  -835.1033 506.0856 -624.7452
v  -802.0413 490.3745 -624.7452
v  -772.4138 469.4226 -624.7452
v  -746.8231 443.8318 -624.7452
v  -725.8712 414.2044 -624.7452
v  -710.1600 381.1423 -624.7452
v  -704.1821 344.5375 -631.5439
v  -700.8228 307.1226 -631.5438
v  -704.1821 269.7077 -631.5438
v  -713.8665 234.4818 -631.5438
v  -729.2849 202.0356 -631.5438
v  -749.8466 172.9601 -631.5438
v  -774.9605 147.8461 -631.5438
v  -804.0361 127.2845 -631.5438
v  -836.4822 111.8661 -631.5438
v  -871.7081 102.1817 -631.5438
v  -909.1230 98.8223 -631.5438
v  -946.5379 102.1817 -631.5438
v  -981.7639 111.8661 -631.5438
v  -1014.2100 127.2845 -631.5438
v  -1043.2850 147.8461 -631.5438
v  -1068.3990 172.9601 -631.5438
v  -1088.9611 202.0356 -631.5438
v  -1104.3800 234.4817 -631.5438
v  -1114.0640 269.7077 -631.5438
v  -1117.4230 307.1226 -631.5438
v  -1114.0640 344.5374 -631.5439
v  -1104.3800 379.7634 -631.5439
v  -1088.9611 412.2096 -631.5439
v  -1068.3990 441.2851 -631.5439
v  -1043.2850 466.3991 -631.5439
v  -1014.2100 486.9607 -631.5439
v  -981.7639 502.3792 -631.5439
v  -946.5380 512.0635 -631.5439
v  -909.1230 515.4229 -631.5439
v  -871.7082 512.0635 -631.5439
v  -836.4822 502.3792 -631.5439
v  -804.0361 486.9608 -631.5439
v  -774.9606 466.3991 -631.5439
v  -749.8466 441.2851 -631.5439
v  -729.2849 412.2096 -631.5439
v  -713.8665 379.7634 -631.5439
v  -717.1814 342.1643 -632.1590
v  -714.0350 307.1226 -632.1590
v  -717.1814 272.0809 -632.1590
v  -726.2515 239.0893 -632.1590
v  -740.6919 208.7012 -632.1590
v  -759.9493 181.4699 -632.1590
v  -783.4703 157.9489 -632.1590
v  -810.7017 138.6915 -632.1589
v  -841.0898 124.2510 -632.1589
v  -874.0814 115.1809 -632.1589
v  -909.1230 112.0346 -632.1589
v  -944.1647 115.1810 -632.1589
v  -977.1563 124.2510 -632.1589
v  -1007.5440 138.6915 -632.1589
v  -1034.7760 157.9489 -632.1590
v  -1058.2970 181.4699 -632.1590
v  -1077.5540 208.7012 -632.1590
v  -1091.9950 239.0893 -632.1590
v  -1101.0649 272.0809 -632.1590
v  -1104.2111 307.1226 -632.1590
v  -1101.0649 342.1642 -632.1590
v  -1091.9950 375.1559 -632.1590
v  -1077.5540 405.5440 -632.1590
v  -1058.2970 432.7753 -632.1590
v  -1034.7760 456.2963 -632.1590
v  -1007.5440 475.5537 -632.1590
v  -977.1564 489.9942 -632.1590
v  -944.1647 499.0643 -632.1590
v  -909.1230 502.2106 -632.1590
v  -874.0814 499.0643 -632.1590
v  -841.0898 489.9942 -632.1590
v  -810.7017 475.5538 -632.1590
v  -783.4704 456.2963 -632.1590
v  -759.9493 432.7753 -632.1590
v  -740.6919 405.5440 -632.1590
v  -726.2515 375.1559 -632.1590
v  -720.8250 341.4991 -646.3502
v  -717.7383 307.1226 -646.3502
v  -720.8250 272.7461 -646.3502
v  -729.7229 240.3808 -646.3502
v  -743.8892 210.5695 -646.3502
v  -762.7811 183.8552 -646.3502
v  -785.8556 160.7806 -646.3502
v  -812.5699 141.8888 -646.3502
v  -842.3812 127.7224 -646.3502
v  -874.7465 118.8245 -646.3502
v  -909.1230 115.7379 -646.3502
v  -943.4996 118.8245 -646.3502
v  -975.8649 127.7224 -646.3502
v  -1005.6760 141.8887 -646.3502
v  -1032.3900 160.7806 -646.3502
v  -1055.4650 183.8551 -646.3502
v  -1074.3571 210.5695 -646.3502
v  -1088.5229 240.3807 -646.3502
v  -1097.4210 272.7461 -646.3502
v  -1100.5081 307.1226 -646.3502
v  -1097.4210 341.4991 -646.3502
v  -1088.5229 373.8644 -646.3503
v  -1074.3571 403.6757 -646.3503
v  -1055.4650 430.3900 -646.3503
v  -1032.3900 453.4646 -646.3503
v  -1005.6760 472.3564 -646.3503
v  -975.8649 486.5228 -646.3503
v  -943.4996 495.4207 -646.3503
v  -909.1230 498.5073 -646.3503
v  -874.7465 495.4207 -646.3503
v  -842.3812 486.5228 -646.3503
v  -812.5699 472.3565 -646.3503
v  -785.8557 453.4646 -646.3503
v  -762.7811 430.3901 -646.3503
v  -743.8892 403.6757 -646.3503
v  -729.7229 373.8644 -646.3503
v  -737.4357 338.4666 -652.9734
v  -734.6213 307.1226 -652.9734
v  -737.4357 275.7786 -652.9734
v  -745.5487 246.2684 -652.9734
v  -758.4653 219.0869 -652.9734
v  -775.6907 194.7292 -652.9734
v  -796.7296 173.6902 -652.9734
v  -821.0874 156.4649 -652.9734
v  -848.2689 143.5482 -652.9734
v  -877.7791 135.4352 -652.9734
v  -909.1230 132.6209 -652.9734
v  -940.4670 135.4353 -652.9734
v  -969.9772 143.5482 -652.9734
v  -997.1587 156.4649 -652.9734
v  -1021.5160 173.6902 -652.9734
v  -1042.5551 194.7292 -652.9734
v  -1059.7810 219.0869 -652.9734
v  -1072.6970 246.2684 -652.9734
v  -1080.8101 275.7786 -652.9734
v  -1083.6250 307.1226 -652.9734
v  -1080.8101 338.4666 -652.9734
v  -1072.6970 367.9768 -652.9734
v  -1059.7810 395.1582 -652.9734
v  -1042.5551 419.5160 -652.9734
v  -1021.5160 440.5550 -652.9734
v  -997.1587 457.7803 -652.9734
v  -969.9772 470.6970 -652.9734
v  -940.4670 478.8100 -652.9736
v  -909.1230 481.6243 -652.9736
v  -877.7791 478.8099 -652.9736
v  -848.2689 470.6970 -652.9734
v  -821.0874 457.7803 -652.9734
v  -796.7297 440.5550 -652.9734
v  -775.6907 419.5160 -652.9734
v  -758.4653 395.1583 -652.9734
v  -745.5487 367.9768 -652.9734
v  -742.1028 337.6145 -673.0820
v  -739.3650 307.1226 -673.0820
v  -742.1028 276.6307 -673.0820
v  -749.9952 247.9227 -673.0820
v  -762.5608 221.4801 -673.0820
v  -779.3179 197.7845 -673.0820
v  -799.7849 177.3174 -673.0820
v  -823.4805 160.5603 -673.0820
v  -849.9231 147.9948 -673.0820
v  -878.6311 140.1024 -673.0820
v  -909.1230 137.3646 -673.0820
v  -939.6150 140.1024 -673.0820
v  -968.3230 147.9948 -673.0820
v  -994.7656 160.5603 -673.0820
v  -1018.4610 177.3174 -673.0820
v  -1038.9280 197.7845 -673.0820
v  -1055.6851 221.4801 -673.0820
v  -1068.2510 247.9226 -673.0820
v  -1076.1429 276.6306 -673.0820
v  -1078.8810 307.1226 -673.0820
v  -1076.1429 337.6145 -673.0820
v  -1068.2510 366.3225 -673.0820
v  -1055.6851 392.7651 -673.0820
v  -1038.9280 416.4607 -673.0820
v  -1018.4610 436.9278 -673.0821
v  -994.7656 453.6849 -673.0821
v  -968.3230 466.2504 -673.0820
v  -939.6150 474.1428 -673.0821
v  -909.1230 476.8806 -673.0821
v  -878.6311 474.1428 -673.0821
v  -849.9231 466.2504 -673.0820
v  -823.4805 453.6849 -673.0821
v  -799.7850 436.9278 -673.0821
v  -779.3179 416.4607 -673.0820
v  -762.5608 392.7651 -673.0820
v  -749.9952 366.3225 -673.0820
v  -742.1028 337.6145 -726.1689
v  -739.3650 307.1226 -726.1689
v  -742.1028 276.6307 -726.1689
v  -749.9952 247.9227 -726.1689
v  -762.5608 221.4801 -726.1689
v  -779.3179 197.7845 -726.1689
v  -799.7849 177.3174 -726.1689
v  -823.4805 160.5603 -726.1689
v  -849.9231 147.9948 -726.1689
v  -878.6311 140.1024 -726.1689
v  -909.1230 137.3645 -726.1689
v  -939.6150 140.1024 -726.1689
v  -968.3230 147.9948 -726.1689
v  -994.7656 160.5603 -726.1689
v  -1018.4610 177.3174 -726.1689
v  -1038.9280 197.7845 -726.1689
v  -1055.6851 221.4801 -726.1689
v  -1068.2510 247.9226 -726.1689
v  -1076.1429 276.6306 -726.1689
v  -1078.8810 307.1226 -726.1689
v  -1076.1429 337.6145 -726.1689
v  -1068.2510 366.3225 -726.1689
v  -1055.6851 392.7651 -726.1689
v  -1038.9280 416.4607 -726.1689
v  -1018.4610 436.9278 -726.1689
v  -994.7656 453.6848 -726.1689
v  -968.3230 466.2504 -726.1689
v  -939.6150 474.1428 -726.1689
v  -909.1230 476.8806 -726.1689
v  -878.6311 474.1428 -726.1689
v  -849.9231 466.2504 -726.1689
v  -823.4805 453.6849 -726.1689
v  -799.7850 436.9278 -726.1689
v  -779.3179 416.4607 -726.1689
v  -762.5608 392.7651 -726.1689
v  -749.9952 366.3225 -726.1689
v  -756.8365 334.9247 -727.3263
v  -754.3402 307.1226 -727.3263
v  -756.8365 279.3205 -727.3263
v  -764.0328 253.1450 -727.3263
v  -775.4898 229.0350 -727.3263
v  -790.7687 207.4298 -727.3263
v  -809.4302 188.7682 -727.3263
v  -831.0355 173.4893 -727.3263
v  -855.1454 162.0323 -727.3263
v  -881.3210 154.8361 -727.3263
v  -909.1230 152.3398 -727.3263
v  -936.9251 154.8361 -727.3263
v  -963.1006 162.0323 -727.3263
v  -987.2106 173.4893 -727.3263
v  -1008.8160 188.7682 -727.3263
v  -1027.4771 207.4297 -727.3263
v  -1042.7560 229.0350 -727.3263
v  -1054.2130 253.1450 -727.3263
v  -1061.4091 279.3205 -727.3263
v  -1063.9060 307.1226 -727.3263
v  -1061.4091 334.9247 -727.3263
v  -1054.2130 361.1002 -727.3263
v  -1042.7560 385.2101 -727.3263
v  -1027.4771 406.8154 -727.3263
v  -1008.8160 425.4770 -727.3263
v  -987.2106 440.7558 -727.3263
v  -963.1006 452.2129 -727.3263
v  -936.9251 459.4091 -727.3263
v  -909.1230 461.9054 -727.3263
v  -881.3210 459.4091 -727.3263
v  -855.1454 452.2129 -727.3263
v  -831.0355 440.7559 -727.3263
v  -809.4302 425.4770 -727.3263
v  -790.7687 406.8154 -727.3263
v  -775.4898 385.2101 -727.3263
v  -764.0328 361.1002 -727.3263
v  -909.1230 307.1226 -727.3263
# 1516 vertices

vn 0.9773 0.1768 -0.1171
vn 0.9166 0.1658 0.3638
vn 0.9315 0.0000 0.3637
vn 0.9931 0.0000 -0.1171
vn 0.9309 0.3461 -0.1171
vn 0.8730 0.3246 0.3639
vn 0.8571 0.5017 -0.1171
vn 0.8038 0.4705 0.3640
vn 0.7593 0.6401 -0.1171
vn 0.7121 0.6003 0.3641
vn 0.6401 0.7593 -0.1171
vn 0.6003 0.7121 0.3641
vn 0.5017 0.8571 -0.1171
vn 0.4705 0.8038 0.3640
vn 0.3461 0.9309 -0.1171
vn 0.3246 0.8730 0.3639
vn 0.1768 0.9773 -0.1171
vn 0.1658 0.9166 0.3638
vn 0.0000 0.9931 -0.1171
vn 0.0000 0.9315 0.3637
vn -0.1768 0.9773 -0.1171
vn -0.1658 0.9166 0.3638
vn -0.3461 0.9309 -0.1171
vn -0.3246 0.8730 0.3639
vn -0.5017 0.8571 -0.1171
vn -0.4705 0.8038 0.3640
vn -0.6401 0.7593 -0.1171
vn -0.6003 0.7121 0.3640
vn -0.7593 0.6401 -0.1171
vn -0.7121 0.6003 0.3641
vn -0.8571 0.5017 -0.1171
vn -0.8038 0.4705 0.3640
vn -0.9309 0.3461 -0.1171
vn -0.8730 0.3246 0.3640
vn -0.9773 0.1767 -0.1171
vn -0.9166 0.1658 0.3638
vn -0.9931 -0.0000 -0.1171
vn -0.9315 -0.0000 0.3638
vn -0.9773 -0.1767 -0.1171
vn -0.9166 -0.1658 0.3638
vn -0.9309 -0.3461 -0.1171
vn -0.8730 -0.3246 0.3640
vn -0.8571 -0.5017 -0.1171
vn -0.8038 -0.4705 0.3640
vn -0.7593 -0.6401 -0.1171
vn -0.7121 -0.6003 0.3641
vn -0.6401 -0.7593 -0.1171
vn -0.6003 -0.7121 0.3640
vn -0.5017 -0.8571 -0.1171
vn -0.4705 -0.8038 0.3640
vn -0.3461 -0.9309 -0.1171
vn -0.3246 -0.8730 0.3639
vn -0.1768 -0.9773 -0.1171
vn -0.1658 -0.9166 0.3638
vn -0.0000 -0.9931 -0.1171
vn 0.0000 -0.9315 0.3637
vn 0.1768 -0.9773 -0.1171
vn 0.1658 -0.9166 0.3638
vn 0.3461 -0.9309 -0.1171
vn 0.3246 -0.8730 0.3639
vn 0.5017 -0.8571 -0.1171
vn 0.4705 -0.8038 0.3640
vn 0.6401 -0.7593 -0.1171
vn 0.6003 -0.7121 0.3640
vn 0.7593 -0.6401 -0.1171
vn 0.7121 -0.6003 0.3640
vn 0.8571 -0.5017 -0.1171
vn 0.8038 -0.4705 0.3640
vn 0.9309 -0.3461 -0.1171
vn 0.8730 -0.3246 0.3639
vn 0.9773 -0.1768 -0.1171
vn 0.9166 -0.1658 0.3638
vn 0.4612 0.0834 0.8834
vn 0.4688 -0.0000 0.8833
vn 0.4391 0.1632 0.8835
vn 0.4041 0.2365 0.8836
vn 0.3579 0.3017 0.8837
vn 0.3017 0.3579 0.8837
vn 0.2365 0.4041 0.8836
vn 0.1632 0.4391 0.8835
vn 0.0834 0.4612 0.8834
vn 0.0000 0.4688 0.8833
vn -0.0834 0.4612 0.8834
vn -0.1632 0.4391 0.8835
vn -0.2365 0.4041 0.8836
vn -0.3017 0.3579 0.8837
vn -0.3579 0.3017 0.8837
vn -0.4041 0.2365 0.8836
vn -0.4390 0.1632 0.8835
vn -0.4612 0.0834 0.8834
vn -0.4688 -0.0000 0.8833
vn -0.4612 -0.0834 0.8834
vn -0.4390 -0.1632 0.8835
vn -0.4041 -0.2365 0.8836
vn -0.3579 -0.3017 0.8837
vn -0.3017 -0.3579 0.8837
vn -0.2365 -0.4041 0.8836
vn -0.1632 -0.4391 0.8835
vn -0.0834 -0.4612 0.8834
vn 0.0000 -0.4688 0.8833
vn 0.0834 -0.4612 0.8834
vn 0.1632 -0.4391 0.8835
vn 0.2365 -0.4041 0.8836
vn 0.3017 -0.3579 0.8837
vn 0.3579 -0.3017 0.8837
vn 0.4041 -0.2365 0.8836
vn 0.4391 -0.1632 0.8835
vn 0.4612 -0.0834 0.8834
vn 0.0680 0.0123 0.9976
vn 0.0691 0.0000 0.9976
vn 0.0647 0.0241 0.9976
vn 0.0595 0.0348 0.9976
vn 0.0527 0.0444 0.9976
vn 0.0444 0.0527 0.9976
vn 0.0348 0.0595 0.9976
vn 0.0241 0.0647 0.9976
vn 0.0123 0.0680 0.9976
vn 0.0000 0.0691 0.9976
vn -0.0123 0.0680 0.9976
vn -0.0241 0.0647 0.9976
vn -0.0348 0.0595 0.9976
vn -0.0444 0.0527 0.9976
vn -0.0527 0.0444 0.9976
vn -0.0595 0.0348 0.9976
vn -0.0647 0.0241 0.9976
vn -0.0680 0.0123 0.9976
vn -0.0691 0.0000 0.9976
vn -0.0680 -0.0123 0.9976
vn -0.0647 -0.0241 0.9976
vn -0.0595 -0.0348 0.9976
vn -0.0527 -0.0444 0.9976
vn -0.0444 -0.0527 0.9976
vn -0.0348 -0.0595 0.9976
vn -0.0241 -0.0647 0.9976
vn -0.0123 -0.0680 0.9976
vn 0.0000 -0.0691 0.9976
vn 0.0123 -0.0680 0.9976
vn 0.0241 -0.0647 0.9976
vn 0.0348 -0.0595 0.9976
vn 0.0444 -0.0527 0.9976
vn 0.0527 -0.0444 0.9976
vn 0.0595 -0.0348 0.9976
vn 0.0647 -0.0241 0.9976
vn 0.0680 -0.0123 0.9976
vn -0.3265 -0.0591 0.9434
vn -0.3318 0.0000 0.9434
vn -0.3113 -0.1157 0.9432
vn -0.2870 -0.1680 0.9431
vn -0.2544 -0.2145 0.9430
vn -0.2145 -0.2544 0.9430
vn -0.1680 -0.2870 0.9431
vn -0.1157 -0.3113 0.9432
vn -0.0591 -0.3265 0.9434
vn -0.0000 -0.3318 0.9434
vn 0.0591 -0.3265 0.9434
vn 0.1157 -0.3113 0.9432
vn 0.1680 -0.2870 0.9431
vn 0.2145 -0.2544 0.9430
vn 0.2544 -0.2145 0.9430
vn 0.2870 -0.1680 0.9431
vn 0.3113 -0.1157 0.9432
vn 0.3265 -0.0591 0.9434
vn 0.3318 -0.0000 0.9434
vn 0.3265 0.0591 0.9434
vn 0.3113 0.1157 0.9432
vn 0.2870 0.1680 0.9431
vn 0.2544 0.2145 0.9430
vn 0.2145 0.2544 0.9430
vn 0.1680 0.2870 0.9431
vn 0.1157 0.3113 0.9432
vn 0.0591 0.3265 0.9434
vn -0.0000 0.3318 0.9434
vn -0.0591 0.3265 0.9434
vn -0.1157 0.3113 0.9432
vn -0.1680 0.2870 0.9431
vn -0.2145 0.2544 0.9430
vn -0.2544 0.2145 0.9430
vn -0.2870 0.1680 0.9431
vn -0.3113 0.1157 0.9432
vn -0.3265 0.0591 0.9434
vn -0.3612 -0.0653 0.9302
vn -0.3671 -0.0000 0.9302
vn -0.3438 -0.1278 0.9303
vn -0.3163 -0.1851 0.9304
vn -0.2801 -0.2361 0.9305
vn -0.2361 -0.2801 0.9305
vn -0.1851 -0.3163 0.9304
vn -0.1278 -0.3438 0.9303
vn -0.0653 -0.3612 0.9302
vn -0.0000 -0.3671 0.9302
vn 0.0653 -0.3612 0.9302
vn 0.1278 -0.3438 0.9303
vn 0.1851 -0.3163 0.9304
vn 0.2361 -0.2801 0.9305
vn 0.2801 -0.2361 0.9305
vn 0.3163 -0.1851 0.9304
vn 0.3438 -0.1278 0.9303
vn 0.3612 -0.0653 0.9302
vn 0.3671 -0.0000 0.9302
vn 0.3612 0.0653 0.9302
vn 0.3438 0.1278 0.9303
vn 0.3163 0.1851 0.9304
vn 0.2801 0.2361 0.9305
vn 0.2361 0.2801 0.9305
vn 0.1851 0.3163 0.9304
vn 0.1278 0.3438 0.9303
vn 0.0653 0.3612 0.9302
vn 0.0000 0.3672 0.9302
vn -0.0653 0.3612 0.9302
vn -0.1278 0.3438 0.9303
vn -0.1851 0.3163 0.9304
vn -0.2361 0.2801 0.9305
vn -0.2801 0.2361 0.9305
vn -0.3163 0.1851 0.9304
vn -0.3438 0.1278 0.9303
vn -0.3612 0.0653 0.9302
vn -0.6168 -0.1116 0.7792
vn -0.6268 -0.0000 0.7792
vn -0.5880 -0.2186 0.7788
vn -0.5418 -0.3171 0.7784
vn -0.4801 -0.4048 0.7782
vn -0.4048 -0.4801 0.7782
vn -0.3171 -0.5418 0.7784
vn -0.2186 -0.5880 0.7788
vn -0.1116 -0.6168 0.7792
vn -0.0000 -0.6268 0.7792
vn 0.1116 -0.6168 0.7792
vn 0.2186 -0.5880 0.7788
vn 0.3171 -0.5417 0.7784
vn 0.4048 -0.4801 0.7782
vn 0.4801 -0.4048 0.7782
vn 0.5417 -0.3171 0.7784
vn 0.5880 -0.2186 0.7788
vn 0.6168 -0.1116 0.7792
vn 0.6268 -0.0000 0.7792
vn 0.6168 0.1116 0.7792
vn 0.5880 0.2186 0.7788
vn 0.5417 0.3171 0.7784
vn 0.4801 0.4048 0.7782
vn 0.4048 0.4801 0.7782
vn 0.3171 0.5417 0.7784
vn 0.2186 0.5880 0.7788
vn 0.1116 0.6168 0.7792
vn 0.0000 0.6268 0.7792
vn -0.1116 0.6168 0.7792
vn -0.2186 0.5880 0.7788
vn -0.3171 0.5418 0.7784
vn -0.4048 0.4801 0.7782
vn -0.4801 0.4048 0.7782
vn -0.5418 0.3171 0.7784
vn -0.5880 0.2186 0.7788
vn -0.6168 0.1116 0.7792
vn -0.6583 -0.1190 0.7433
vn -0.6690 -0.0000 0.7432
vn -0.6267 -0.2330 0.7436
vn -0.5767 -0.3376 0.7439
vn -0.5108 -0.4306 0.7441
vn -0.4306 -0.5108 0.7441
vn -0.3376 -0.5767 0.7439
vn -0.2330 -0.6267 0.7436
vn -0.1191 -0.6583 0.7433
vn -0.0000 -0.6690 0.7432
vn 0.1191 -0.6583 0.7433
vn 0.2330 -0.6267 0.7436
vn 0.3376 -0.5767 0.7439
vn 0.4306 -0.5107 0.7441
vn 0.5107 -0.4306 0.7441
vn 0.5767 -0.3376 0.7439
vn 0.6267 -0.2330 0.7436
vn 0.6583 -0.1190 0.7433
vn 0.6691 -0.0000 0.7432
vn 0.6583 0.1190 0.7433
vn 0.6267 0.2330 0.7436
vn 0.5767 0.3376 0.7439
vn 0.5107 0.4306 0.7441
vn 0.4306 0.5107 0.7441
vn 0.3376 0.5767 0.7439
vn 0.2330 0.6267 0.7436
vn 0.1190 0.6583 0.7433
vn -0.0000 0.6690 0.7432
vn -0.1190 0.6583 0.7433
vn -0.2330 0.6267 0.7436
vn -0.3376 0.5767 0.7439
vn -0.4306 0.5108 0.7441
vn -0.5108 0.4306 0.7441
vn -0.5767 0.3376 0.7439
vn -0.6267 0.2330 0.7436
vn -0.6583 0.1190 0.7433
vn 0.0620 0.0112 0.9980
vn 0.0630 0.0000 0.9980
vn 0.0591 0.0220 0.9980
vn 0.0545 0.0319 0.9980
vn 0.0483 0.0407 0.9980
vn 0.0407 0.0483 0.9980
vn 0.0319 0.0545 0.9980
vn 0.0220 0.0591 0.9980
vn 0.0112 0.0620 0.9980
vn 0.0000 0.0630 0.9980
vn -0.0112 0.0620 0.9980
vn -0.0220 0.0591 0.9980
vn -0.0319 0.0545 0.9980
vn -0.0407 0.0483 0.9980
vn -0.0483 0.0407 0.9980
vn -0.0545 0.0319 0.9980
vn -0.0591 0.0220 0.9980
vn -0.0620 0.0112 0.9980
vn -0.0630 0.0000 0.9980
vn -0.0620 -0.0112 0.9980
vn -0.0591 -0.0220 0.9980
vn -0.0545 -0.0319 0.9980
vn -0.0483 -0.0407 0.9980
vn -0.0407 -0.0483 0.9980
vn -0.0319 -0.0545 0.9980
vn -0.0220 -0.0591 0.9980
vn -0.0112 -0.0620 0.9980
vn 0.0000 -0.0630 0.9980
vn 0.0112 -0.0620 0.9980
vn 0.0220 -0.0591 0.9980
vn 0.0319 -0.0545 0.9980
vn 0.0407 -0.0483 0.9980
vn 0.0483 -0.0407 0.9980
vn 0.0545 -0.0319 0.9980
vn 0.0591 -0.0220 0.9980
vn 0.0620 -0.0112 0.9980
vn 0.0694 0.0126 0.9975
vn 0.0706 0.0000 0.9975
vn 0.0661 0.0246 0.9975
vn 0.0608 0.0356 0.9975
vn 0.0538 0.0454 0.9975
vn 0.0454 0.0538 0.9975
vn 0.0356 0.0608 0.9975
vn 0.0246 0.0661 0.9975
vn 0.0126 0.0694 0.9975
vn 0.0000 0.0706 0.9975
vn -0.0126 0.0694 0.9975
vn -0.0246 0.0661 0.9975
vn -0.0356 0.0608 0.9975
vn -0.0454 0.0538 0.9975
vn -0.0538 0.0454 0.9975
vn -0.0608 0.0356 0.9975
vn -0.0661 0.0246 0.9975
vn -0.0694 0.0126 0.9975
vn -0.0706 0.0000 0.9975
vn -0.0694 -0.0126 0.9975
vn -0.0661 -0.0246 0.9975
vn -0.0608 -0.0356 0.9975
vn -0.0538 -0.0454 0.9975
vn -0.0454 -0.0538 0.9975
vn -0.0356 -0.0608 0.9975
vn -0.0246 -0.0661 0.9975
vn -0.0126 -0.0694 0.9975
vn 0.0000 -0.0706 0.9975
vn 0.0126 -0.0694 0.9975
vn 0.0246 -0.0661 0.9975
vn 0.0356 -0.0608 0.9975
vn 0.0454 -0.0538 0.9975
vn 0.0538 -0.0454 0.9975
vn 0.0608 -0.0356 0.9975
vn 0.0661 -0.0246 0.9975
vn 0.0694 -0.0126 0.9975
vn 0.0000 0.0000 1.0000
vn 0.8839 -0.0000 -0.4678
vn 0.8697 0.1573 -0.4678
vn 0.8697 -0.1573 -0.4678
vn 0.8284 -0.3080 -0.4679
vn 0.7627 -0.4464 -0.4680
vn 0.6757 -0.5696 -0.4680
vn 0.5696 -0.6757 -0.4680
vn 0.4464 -0.7627 -0.4680
vn 0.3080 -0.8284 -0.4679
vn 0.1573 -0.8697 -0.4678
vn -0.0000 -0.8838 -0.4678
vn -0.1573 -0.8697 -0.4678
vn -0.3080 -0.8284 -0.4679
vn -0.4464 -0.7627 -0.4680
vn -0.5696 -0.6757 -0.4680
vn -0.6756 -0.5696 -0.4680
vn -0.7627 -0.4464 -0.4680
vn -0.8284 -0.3080 -0.4679
vn -0.8697 -0.1573 -0.4678
vn -0.8838 0.0000 -0.4678
vn -0.8697 0.1573 -0.4678
vn -0.8284 0.3080 -0.4679
vn -0.7627 0.4464 -0.4680
vn -0.6756 0.5696 -0.4680
vn -0.5696 0.6757 -0.4680
vn -0.4464 0.7627 -0.4680
vn -0.3080 0.8284 -0.4679
vn -0.1573 0.8697 -0.4678
vn 0.0000 0.8839 -0.4678
vn 0.1573 0.8697 -0.4678
vn 0.3080 0.8284 -0.4679
vn 0.4464 0.7627 -0.4680
vn 0.5696 0.6757 -0.4680
vn 0.6757 0.5696 -0.4680
vn 0.7627 0.4464 -0.4680
vn 0.8284 0.3080 -0.4679
vn 0.5146 -0.0000 -0.8574
vn 0.5063 0.0916 -0.8575
vn 0.5063 -0.0916 -0.8575
vn 0.4821 -0.1792 -0.8576
vn 0.4437 -0.2597 -0.8577
vn 0.3930 -0.3314 -0.8578
vn 0.3314 -0.3930 -0.8578
vn 0.2597 -0.4437 -0.8577
vn 0.1792 -0.4821 -0.8576
vn 0.0916 -0.5063 -0.8575
vn 0.0000 -0.5146 -0.8574
vn -0.0916 -0.5063 -0.8575
vn -0.1792 -0.4821 -0.8576
vn -0.2597 -0.4437 -0.8577
vn -0.3314 -0.3930 -0.8578
vn -0.3930 -0.3314 -0.8578
vn -0.4437 -0.2597 -0.8577
vn -0.4821 -0.1792 -0.8576
vn -0.5063 -0.0916 -0.8575
vn -0.5146 0.0000 -0.8574
vn -0.5063 0.0916 -0.8575
vn -0.4821 0.1792 -0.8576
vn -0.4437 0.2597 -0.8577
vn -0.3930 0.3314 -0.8578
vn -0.3314 0.3930 -0.8578
vn -0.2597 0.4437 -0.8577
vn -0.1792 0.4821 -0.8576
vn -0.0916 0.5063 -0.8575
vn 0.0000 0.5146 -0.8574
vn 0.0916 0.5063 -0.8575
vn 0.1792 0.4821 -0.8576
vn 0.2597 0.4437 -0.8577
vn 0.3314 0.3930 -0.8578
vn 0.3930 0.3314 -0.8578
vn 0.4437 0.2597 -0.8577
vn 0.4821 0.1792 -0.8576
vn 0.1227 0.0000 -0.9924
vn 0.1207 0.0218 -0.9924
vn 0.1207 -0.0218 -0.9924
vn 0.1149 -0.0427 -0.9925
vn 0.1057 -0.0619 -0.9925
vn 0.0936 -0.0789 -0.9925
vn 0.0789 -0.0936 -0.9925
vn 0.0619 -0.1057 -0.9925
vn 0.0427 -0.1149 -0.9925
vn 0.0218 -0.1207 -0.9924
vn -0.0000 -0.1227 -0.9924
vn -0.0218 -0.1207 -0.9924
vn -0.0427 -0.1149 -0.9925
vn -0.0619 -0.1057 -0.9925
vn -0.0789 -0.0936 -0.9925
vn -0.0936 -0.0789 -0.9925
vn -0.1057 -0.0619 -0.9925
vn -0.1149 -0.0427 -0.9925
vn -0.1207 -0.0218 -0.9924
vn -0.1227 0.0000 -0.9924
vn -0.1207 0.0218 -0.9924
vn -0.1149 0.0427 -0.9925
vn -0.1057 0.0619 -0.9925
vn -0.0936 0.0789 -0.9925
vn -0.0789 0.0936 -0.9925
vn -0.0619 0.1057 -0.9925
vn -0.0427 0.1149 -0.9925
vn -0.0218 0.1207 -0.9924
vn 0.0000 0.1227 -0.9924
vn 0.0218 0.1207 -0.9924
vn 0.0427 0.1149 -0.9925
vn 0.0619 0.1057 -0.9925
vn 0.0789 0.0936 -0.9925
vn 0.0936 0.0789 -0.9925
vn 0.1057 0.0619 -0.9925
vn 0.1149 0.0427 -0.9925
vn -0.4767 0.0000 -0.8791
vn -0.4691 -0.0849 -0.8791
vn -0.4691 0.0849 -0.8791
vn -0.4472 0.1663 -0.8788
vn -0.4122 0.2413 -0.8786
vn -0.3654 0.3080 -0.8784
vn -0.3080 0.3654 -0.8784
vn -0.2413 0.4122 -0.8786
vn -0.1663 0.4472 -0.8788
vn -0.0849 0.4691 -0.8791
vn -0.0000 0.4767 -0.8791
vn 0.0849 0.4691 -0.8791
vn 0.1663 0.4472 -0.8788
vn 0.2412 0.4122 -0.8786
vn 0.3080 0.3654 -0.8784
vn 0.3653 0.3080 -0.8784
vn 0.4122 0.2412 -0.8786
vn 0.4472 0.1663 -0.8788
vn 0.4691 0.0849 -0.8791
vn 0.4767 -0.0000 -0.8791
vn 0.4691 -0.0849 -0.8791
vn 0.4472 -0.1663 -0.8788
vn 0.4122 -0.2412 -0.8786
vn 0.3654 -0.3080 -0.8784
vn 0.3080 -0.3654 -0.8784
vn 0.2412 -0.4122 -0.8786
vn 0.1663 -0.4472 -0.8788
vn 0.0849 -0.4691 -0.8791
vn -0.0000 -0.4767 -0.8791
vn -0.0849 -0.4691 -0.8791
vn -0.1663 -0.4472 -0.8788
vn -0.2413 -0.4122 -0.8786
vn -0.3080 -0.3654 -0.8784
vn -0.3654 -0.3080 -0.8784
vn -0.4122 -0.2413 -0.8786
vn -0.4472 -0.1663 -0.8788
vn -0.5380 0.0000 -0.8429
vn -0.5294 -0.0957 -0.8430
vn -0.5294 0.0957 -0.8430
vn -0.5039 0.1873 -0.8432
vn -0.4637 0.2714 -0.8434
vn -0.4106 0.3462 -0.8435
vn -0.3462 0.4106 -0.8435
vn -0.2714 0.4637 -0.8434
vn -0.1873 0.5039 -0.8432
vn -0.0957 0.5294 -0.8430
vn -0.0000 0.5380 -0.8429
vn 0.0957 0.5294 -0.8430
vn 0.1873 0.5039 -0.8432
vn 0.2714 0.4637 -0.8434
vn 0.3462 0.4106 -0.8435
vn 0.4106 0.3462 -0.8435
vn 0.4637 0.2714 -0.8434
vn 0.5039 0.1873 -0.8432
vn 0.5294 0.0957 -0.8430
vn 0.5380 0.0000 -0.8429
vn 0.5294 -0.0957 -0.8430
vn 0.5039 -0.1873 -0.8432
vn 0.4637 -0.2714 -0.8434
vn 0.4106 -0.3462 -0.8435
vn 0.3462 -0.4106 -0.8435
vn 0.2714 -0.4637 -0.8434
vn 0.1873 -0.5039 -0.8432
vn 0.0957 -0.5294 -0.8430
vn -0.0000 -0.5380 -0.8429
vn -0.0957 -0.5294 -0.8430
vn -0.1873 -0.5039 -0.8432
vn -0.2714 -0.4637 -0.8434
vn -0.3462 -0.4106 -0.8435
vn -0.4106 -0.3462 -0.8435
vn -0.4637 -0.2714 -0.8434
vn -0.5039 -0.1873 -0.8432
vn -0.6083 0.0000 -0.7937
vn -0.5986 -0.1083 -0.7937
vn -0.5986 0.1083 -0.7937
vn -0.5706 0.2122 -0.7933
vn -0.5258 0.3078 -0.7930
vn -0.4660 0.3929 -0.7928
vn -0.3929 0.4660 -0.7928
vn -0.3078 0.5258 -0.7930
vn -0.2122 0.5706 -0.7933
vn -0.1083 0.5986 -0.7937
vn 0.0000 0.6083 -0.7937
vn 0.1083 0.5986 -0.7937
vn 0.2122 0.5706 -0.7933
vn 0.3078 0.5258 -0.7930
vn 0.3929 0.4660 -0.7928
vn 0.4660 0.3929 -0.7928
vn 0.5258 0.3078 -0.7930
vn 0.5706 0.2121 -0.7934
vn 0.5986 0.1083 -0.7937
vn 0.6083 -0.0000 -0.7937
vn 0.5986 -0.1083 -0.7937
vn 0.5706 -0.2121 -0.7934
vn 0.5258 -0.3078 -0.7930
vn 0.4660 -0.3929 -0.7928
vn 0.3929 -0.4660 -0.7928
vn 0.3078 -0.5258 -0.7930
vn 0.2122 -0.5706 -0.7933
vn 0.1083 -0.5986 -0.7937
vn -0.0000 -0.6083 -0.7937
vn -0.1083 -0.5986 -0.7937
vn -0.2122 -0.5706 -0.7933
vn -0.3078 -0.5258 -0.7930
vn -0.3929 -0.4660 -0.7928
vn -0.4660 -0.3929 -0.7928
vn -0.5258 -0.3078 -0.7930
vn -0.5706 -0.2122 -0.7933
vn -0.7587 0.0000 -0.6514
vn -0.7466 -0.1350 -0.6514
vn -0.7466 0.1350 -0.6514
vn -0.7109 0.2643 -0.6517
vn -0.6545 0.3831 -0.6519
vn -0.5797 0.4887 -0.6520
vn -0.4887 0.5797 -0.6520
vn -0.3831 0.6545 -0.6519
vn -0.2643 0.7109 -0.6517
vn -0.1350 0.7466 -0.6514
vn -0.0000 0.7587 -0.6514
vn 0.1350 0.7466 -0.6514
vn 0.2643 0.7109 -0.6517
vn 0.3831 0.6545 -0.6519
vn 0.4887 0.5797 -0.6520
vn 0.5797 0.4887 -0.6520
vn 0.6545 0.3831 -0.6519
vn 0.7109 0.2643 -0.6517
vn 0.7466 0.1350 -0.6515
vn 0.7587 0.0000 -0.6514
vn 0.7466 -0.1350 -0.6515
vn 0.7109 -0.2643 -0.6517
vn 0.6545 -0.3831 -0.6519
vn 0.5797 -0.4887 -0.6520
vn 0.4887 -0.5797 -0.6520
vn 0.3831 -0.6545 -0.6519
vn 0.2643 -0.7109 -0.6517
vn 0.1350 -0.7466 -0.6514
vn -0.0000 -0.7587 -0.6514
vn -0.1350 -0.7466 -0.6514
vn -0.2643 -0.7109 -0.6517
vn -0.3831 -0.6545 -0.6519
vn -0.4887 -0.5797 -0.6520
vn -0.5797 -0.4887 -0.6520
vn -0.6545 -0.3831 -0.6519
vn -0.7109 -0.2643 -0.6517
vn -0.7437 0.0000 -0.6685
vn -0.7319 -0.1324 -0.6685
vn -0.7319 0.1324 -0.6685
vn -0.6973 0.2593 -0.6682
vn -0.6423 0.3760 -0.6679
vn -0.5691 0.4798 -0.6677
vn -0.4798 0.5691 -0.6677
vn -0.3760 0.6423 -0.6679
vn -0.2593 0.6973 -0.6682
vn -0.1324 0.7319 -0.6685
vn 0.0000 0.7437 -0.6685
vn 0.1324 0.7319 -0.6685
vn 0.2593 0.6973 -0.6682
vn 0.3760 0.6423 -0.6679
vn 0.4798 0.5691 -0.6677
vn 0.5691 0.4798 -0.6677
vn 0.6423 0.3760 -0.6679
vn 0.6973 0.2593 -0.6682
vn 0.7319 0.1324 -0.6685
vn 0.7437 -0.0000 -0.6685
vn 0.7319 -0.1324 -0.6685
vn 0.6973 -0.2593 -0.6682
vn 0.6423 -0.3760 -0.6679
vn 0.5691 -0.4798 -0.6677
vn 0.4798 -0.5691 -0.6677
vn 0.3760 -0.6423 -0.6679
vn 0.2593 -0.6973 -0.6682
vn 0.1324 -0.7319 -0.6685
vn -0.0000 -0.7437 -0.6685
vn -0.1324 -0.7319 -0.6685
vn -0.2593 -0.6973 -0.6682
vn -0.3760 -0.6423 -0.6679
vn -0.4798 -0.5691 -0.6677
vn -0.5691 -0.4798 -0.6677
vn -0.6423 -0.3760 -0.6679
vn -0.6973 -0.2593 -0.6682
vn -0.9932 0.0000 -0.1163
vn -0.9774 -0.1767 -0.1164
vn -0.9774 0.1767 -0.1164
vn -0.9309 0.3461 -0.1163
vn -0.8572 0.5017 -0.1163
vn -0.7594 0.6402 -0.1163
vn -0.6402 0.7594 -0.1163
vn -0.5017 0.8572 -0.1163
vn -0.3461 0.9309 -0.1163
vn -0.1767 0.9774 -0.1164
vn -0.0000 0.9932 -0.1163
vn 0.1767 0.9774 -0.1164
vn 0.3461 0.9309 -0.1163
vn 0.5017 0.8572 -0.1163
vn 0.6402 0.7594 -0.1163
vn 0.7594 0.6402 -0.1163
vn 0.8572 0.5017 -0.1163
vn 0.9310 0.3461 -0.1163
vn 0.9774 0.1767 -0.1164
vn 0.9932 -0.0000 -0.1164
vn 0.9774 -0.1767 -0.1164
vn 0.9310 -0.3461 -0.1163
vn 0.8572 -0.5017 -0.1163
vn 0.7594 -0.6402 -0.1163
vn 0.6402 -0.7594 -0.1163
vn 0.5017 -0.8572 -0.1163
vn 0.3461 -0.9310 -0.1163
vn 0.1768 -0.9774 -0.1163
vn 0.0000 -0.9932 -0.1163
vn -0.1768 -0.9774 -0.1163
vn -0.3461 -0.9309 -0.1163
vn -0.5017 -0.8572 -0.1163
vn -0.6402 -0.7594 -0.1163
vn -0.7594 -0.6402 -0.1163
vn -0.8572 -0.5017 -0.1163
vn -0.9309 -0.3461 -0.1163
vn -0.7507 0.0000 -0.6606
vn -0.7387 -0.1336 -0.6607
vn -0.7387 0.1336 -0.6607
vn -0.7033 0.2615 -0.6610
vn -0.6474 0.3789 -0.6613
vn -0.5734 0.4834 -0.6615
vn -0.4834 0.5734 -0.6615
vn -0.3789 0.6473 -0.6614
vn -0.2615 0.7033 -0.6611
vn -0.1336 0.7387 -0.6607
vn -0.0000 0.7507 -0.6606
vn 0.1336 0.7387 -0.6607
vn 0.2615 0.7033 -0.6610
vn 0.3789 0.6474 -0.6613
vn 0.4834 0.5734 -0.6615
vn 0.5734 0.4834 -0.6615
vn 0.6473 0.3789 -0.6614
vn 0.7033 0.2615 -0.6610
vn 0.7387 0.1336 -0.6607
vn 0.7507 -0.0000 -0.6606
vn 0.7387 -0.1336 -0.6606
vn 0.7034 -0.2615 -0.6610
vn 0.6474 -0.3789 -0.6613
vn 0.5734 -0.4834 -0.6615
vn 0.4834 -0.5734 -0.6615
vn 0.3789 -0.6474 -0.6613
vn 0.2615 -0.7033 -0.6610
vn 0.1336 -0.7387 -0.6607
vn 0.0000 -0.7507 -0.6606
vn -0.1336 -0.7387 -0.6607
vn -0.2615 -0.7033 -0.6610
vn -0.3789 -0.6474 -0.6613
vn -0.4834 -0.5733 -0.6616
vn -0.5733 -0.4834 -0.6616
vn -0.6474 -0.3789 -0.6613
vn -0.7033 -0.2615 -0.6610
vn -0.0408 0.0000 -0.9992
vn -0.0401 -0.0072 -0.9992
vn -0.0401 0.0072 -0.9992
vn -0.0381 0.0142 -0.9992
vn -0.0351 0.0205 -0.9992
vn -0.0311 0.0262 -0.9992
vn -0.0262 0.0311 -0.9992
vn -0.0205 0.0351 -0.9992
vn -0.0142 0.0381 -0.9992
vn -0.0072 0.0401 -0.9992
vn -0.0000 0.0408 -0.9992
vn 0.0072 0.0401 -0.9992
vn 0.0142 0.0381 -0.9992
vn 0.0205 0.0351 -0.9992
vn 0.0262 0.0311 -0.9992
vn 0.0311 0.0262 -0.9992
vn 0.0351 0.0205 -0.9992
vn 0.0381 0.0142 -0.9992
vn 0.0401 0.0072 -0.9992
vn 0.0408 0.0000 -0.9992
vn 0.0401 -0.0072 -0.9992
vn 0.0381 -0.0142 -0.9992
vn 0.0351 -0.0205 -0.9992
vn 0.0311 -0.0262 -0.9992
vn 0.0262 -0.0311 -0.9992
vn 0.0205 -0.0351 -0.9992
vn 0.0142 -0.0381 -0.9992
vn 0.0072 -0.0401 -0.9992
vn -0.0000 -0.0408 -0.9992
vn -0.0072 -0.0401 -0.9992
vn -0.0142 -0.0381 -0.9992
vn -0.0205 -0.0351 -0.9992
vn -0.0262 -0.0311 -0.9992
vn -0.0311 -0.0262 -0.9992
vn -0.0351 -0.0205 -0.9992
vn -0.0381 -0.0142 -0.9992
vn 0.0000 0.0000 -1.0000
vn 0.9773 0.1768 0.1171
vn 0.9931 0.0000 0.1171
vn 0.9315 0.0000 -0.3637
vn 0.9166 0.1658 -0.3638
vn 0.9309 0.3461 0.1171
vn 0.8730 0.3246 -0.3639
vn 0.8571 0.5017 0.1171
vn 0.8038 0.4705 -0.3640
vn 0.7593 0.6401 0.1171
vn 0.7121 0.6003 -0.3641
vn 0.6401 0.7593 0.1171
vn 0.6003 0.7121 -0.3641
vn 0.5017 0.8571 0.1171
vn 0.4705 0.8038 -0.3640
vn 0.3461 0.9309 0.1171
vn 0.3246 0.8730 -0.3639
vn 0.1768 0.9773 0.1171
vn 0.1658 0.9166 -0.3638
vn 0.0000 0.9931 0.1171
vn 0.0000 0.9315 -0.3637
vn -0.1768 0.9773 0.1171
vn -0.1658 0.9166 -0.3638
vn -0.3461 0.9309 0.1171
vn -0.3246 0.8730 -0.3639
vn -0.5017 0.8571 0.1171
vn -0.4705 0.8038 -0.3640
vn -0.6401 0.7593 0.1171
vn -0.6003 0.7121 -0.3640
vn -0.7593 0.6401 0.1171
vn -0.7121 0.6003 -0.3641
vn -0.8571 0.5017 0.1171
vn -0.8038 0.4705 -0.3640
vn -0.9309 0.3461 0.1171
vn -0.8730 0.3246 -0.3640
vn -0.9773 0.1767 0.1171
vn -0.9166 0.1658 -0.3638
vn -0.9931 -0.0000 0.1171
vn -0.9315 -0.0000 -0.3638
vn -0.9773 -0.1767 0.1171
vn -0.9166 -0.1658 -0.3638
vn -0.9309 -0.3461 0.1171
vn -0.8730 -0.3246 -0.3640
vn -0.8571 -0.5017 0.1171
vn -0.8038 -0.4705 -0.3640
vn -0.7593 -0.6401 0.1171
vn -0.7121 -0.6003 -0.3641
vn -0.6401 -0.7593 0.1171
vn -0.6003 -0.7121 -0.3640
vn -0.5017 -0.8571 0.1171
vn -0.4705 -0.8038 -0.3640
vn -0.3461 -0.9309 0.1171
vn -0.3246 -0.8730 -0.3639
vn -0.1768 -0.9773 0.1171
vn -0.1658 -0.9166 -0.3638
vn -0.0000 -0.9931 0.1171
vn 0.0000 -0.9315 -0.3637
vn 0.1768 -0.9773 0.1171
vn 0.1658 -0.9166 -0.3638
vn 0.3461 -0.9309 0.1171
vn 0.3246 -0.8730 -0.3639
vn 0.5017 -0.8571 0.1171
vn 0.4705 -0.8038 -0.3640
vn 0.6401 -0.7593 0.1171
vn 0.6003 -0.7121 -0.3640
vn 0.7593 -0.6401 0.1171
vn 0.7121 -0.6003 -0.3640
vn 0.8571 -0.5017 0.1171
vn 0.8038 -0.4705 -0.3640
vn 0.9309 -0.3461 0.1171
vn 0.8730 -0.3246 -0.3639
vn 0.9773 -0.1768 0.1171
vn 0.9166 -0.1658 -0.3638
vn 0.4688 -0.0000 -0.8833
vn 0.4612 0.0834 -0.8834
vn 0.4391 0.1632 -0.8835
vn 0.4041 0.2365 -0.8836
vn 0.3579 0.3017 -0.8837
vn 0.3017 0.3579 -0.8837
vn 0.2365 0.4041 -0.8836
vn 0.1632 0.4391 -0.8835
vn 0.0834 0.4612 -0.8834
vn 0.0000 0.4688 -0.8833
vn -0.0834 0.4612 -0.8834
vn -0.1632 0.4391 -0.8835
vn -0.2365 0.4041 -0.8836
vn -0.3017 0.3579 -0.8837
vn -0.3579 0.3017 -0.8837
vn -0.4041 0.2365 -0.8836
vn -0.4390 0.1632 -0.8835
vn -0.4612 0.0834 -0.8834
vn -0.4688 -0.0000 -0.8833
vn -0.4612 -0.0834 -0.8834
vn -0.4390 -0.1632 -0.8835
vn -0.4041 -0.2365 -0.8836
vn -0.3579 -0.3017 -0.8837
vn -0.3017 -0.3579 -0.8837
vn -0.2365 -0.4041 -0.8836
vn -0.1632 -0.4391 -0.8835
vn -0.0834 -0.4612 -0.8834
vn 0.0000 -0.4688 -0.8833
vn 0.0834 -0.4612 -0.8834
vn 0.1632 -0.4391 -0.8835
vn 0.2365 -0.4041 -0.8836
vn 0.3017 -0.3579 -0.8837
vn 0.3579 -0.3017 -0.8837
vn 0.4041 -0.2365 -0.8836
vn 0.4391 -0.1632 -0.8835
vn 0.4612 -0.0834 -0.8834
vn 0.0691 0.0000 -0.9976
vn 0.0680 0.0123 -0.9976
vn 0.0647 0.0241 -0.9976
vn 0.0595 0.0348 -0.9976
vn 0.0527 0.0444 -0.9976
vn 0.0444 0.0527 -0.9976
vn 0.0348 0.0595 -0.9976
vn 0.0241 0.0647 -0.9976
vn 0.0123 0.0680 -0.9976
vn 0.0000 0.0691 -0.9976
vn -0.0123 0.0680 -0.9976
vn -0.0241 0.0647 -0.9976
vn -0.0348 0.0595 -0.9976
vn -0.0444 0.0527 -0.9976
vn -0.0527 0.0444 -0.9976
vn -0.0595 0.0348 -0.9976
vn -0.0647 0.0241 -0.9976
vn -0.0680 0.0123 -0.9976
vn -0.0691 0.0000 -0.9976
vn -0.0680 -0.0123 -0.9976
vn -0.0647 -0.0241 -0.9976
vn -0.0595 -0.0348 -0.9976
vn -0.0527 -0.0444 -0.9976
vn -0.0444 -0.0527 -0.9976
vn -0.0348 -0.0595 -0.9976
vn -0.0241 -0.0647 -0.9976
vn -0.0123 -0.0680 -0.9976
vn 0.0000 -0.0691 -0.9976
vn 0.0123 -0.0680 -0.9976
vn 0.0241 -0.0647 -0.9976
vn 0.0348 -0.0595 -0.9976
vn 0.0444 -0.0527 -0.9976
vn 0.0527 -0.0444 -0.9976
vn 0.0595 -0.0348 -0.9976
vn 0.0647 -0.0241 -0.9976
vn 0.0680 -0.0123 -0.9976
vn -0.3318 0.0000 -0.9434
vn -0.3265 -0.0591 -0.9434
vn -0.3113 -0.1157 -0.9432
vn -0.2870 -0.1680 -0.9431
vn -0.2544 -0.2145 -0.9430
vn -0.2145 -0.2544 -0.9430
vn -0.1680 -0.2870 -0.9431
vn -0.1157 -0.3113 -0.9432
vn -0.0591 -0.3265 -0.9434
vn -0.0000 -0.3318 -0.9434
vn 0.0591 -0.3265 -0.9434
vn 0.1157 -0.3113 -0.9432
vn 0.1680 -0.2870 -0.9431
vn 0.2145 -0.2544 -0.9430
vn 0.2544 -0.2145 -0.9430
vn 0.2870 -0.1680 -0.9431
vn 0.3113 -0.1157 -0.9432
vn 0.3265 -0.0591 -0.9434
vn 0.3318 -0.0000 -0.9434
vn 0.3265 0.0591 -0.9434
vn 0.3113 0.1157 -0.9432
vn 0.2870 0.1680 -0.9431
vn 0.2544 0.2145 -0.9430
vn 0.2145 0.2544 -0.9430
vn 0.1680 0.2870 -0.9431
vn 0.1157 0.3113 -0.9432
vn 0.0591 0.3265 -0.9434
vn -0.0000 0.3318 -0.9434
vn -0.0591 0.3265 -0.9434
vn -0.1157 0.3113 -0.9432
vn -0.1680 0.2870 -0.9431
vn -0.2145 0.2544 -0.9430
vn -0.2544 0.2145 -0.9430
vn -0.2870 0.1680 -0.9431
vn -0.3113 0.1157 -0.9432
vn -0.3265 0.0591 -0.9434
vn -0.3671 -0.0000 -0.9302
vn -0.3612 -0.0653 -0.9302
vn -0.3438 -0.1278 -0.9303
vn -0.3163 -0.1851 -0.9304
vn -0.2801 -0.2361 -0.9305
vn -0.2361 -0.2801 -0.9305
vn -0.1851 -0.3163 -0.9304
vn -0.1278 -0.3438 -0.9303
vn -0.0653 -0.3612 -0.9302
vn -0.0000 -0.3671 -0.9302
vn 0.0653 -0.3612 -0.9302
vn 0.1278 -0.3438 -0.9303
vn 0.1851 -0.3163 -0.9304
vn 0.2361 -0.2801 -0.9305
vn 0.2801 -0.2361 -0.9305
vn 0.3163 -0.1851 -0.9304
vn 0.3438 -0.1278 -0.9303
vn 0.3612 -0.0653 -0.9302
vn 0.3671 -0.0000 -0.9302
vn 0.3612 0.0653 -0.9302
vn 0.3438 0.1278 -0.9303
vn 0.3163 0.1851 -0.9304
vn 0.2801 0.2361 -0.9305
vn 0.2361 0.2801 -0.9305
vn 0.1851 0.3163 -0.9304
vn 0.1278 0.3438 -0.9303
vn 0.0653 0.3612 -0.9302
vn 0.0000 0.3672 -0.9302
vn -0.0653 0.3612 -0.9302
vn -0.1278 0.3438 -0.9303
vn -0.1851 0.3163 -0.9304
vn -0.2361 0.2801 -0.9305
vn -0.2801 0.2361 -0.9305
vn -0.3163 0.1851 -0.9304
vn -0.3438 0.1278 -0.9303
vn -0.3612 0.0653 -0.9302
vn -0.6268 -0.0000 -0.7792
vn -0.6168 -0.1116 -0.7792
vn -0.5880 -0.2186 -0.7788
vn -0.5418 -0.3171 -0.7784
vn -0.4801 -0.4048 -0.7782
vn -0.4048 -0.4801 -0.7782
vn -0.3171 -0.5418 -0.7784
vn -0.2186 -0.5880 -0.7788
vn -0.1116 -0.6168 -0.7792
vn -0.0000 -0.6268 -0.7792
vn 0.1116 -0.6168 -0.7792
vn 0.2186 -0.5880 -0.7788
vn 0.3171 -0.5417 -0.7784
vn 0.4048 -0.4801 -0.7782
vn 0.4801 -0.4048 -0.7782
vn 0.5417 -0.3171 -0.7784
vn 0.5880 -0.2186 -0.7788
vn 0.6168 -0.1116 -0.7792
vn 0.6268 -0.0000 -0.7792
vn 0.6168 0.1116 -0.7792
vn 0.5880 0.2186 -0.7788
vn 0.5417 0.3171 -0.7784
vn 0.4801 0.4048 -0.7782
vn 0.4048 0.4801 -0.7782
vn 0.3171 0.5417 -0.7784
vn 0.2186 0.5880 -0.7788
vn 0.1116 0.6168 -0.7792
vn 0.0000 0.6268 -0.7792
vn -0.1116 0.6168 -0.7792
vn -0.2186 0.5880 -0.7788
vn -0.3171 0.5418 -0.7784
vn -0.4048 0.4801 -0.7782
vn -0.4801 0.4048 -0.7782
vn -0.5418 0.3171 -0.7784
vn -0.5880 0.2186 -0.7788
vn -0.6168 0.1116 -0.7792
vn -0.6690 -0.0000 -0.7432
vn -0.6583 -0.1190 -0.7433
vn -0.6267 -0.2330 -0.7436
vn -0.5767 -0.3376 -0.7439
vn -0.5108 -0.4306 -0.7441
vn -0.4306 -0.5108 -0.7441
vn -0.3376 -0.5767 -0.7439
vn -0.2330 -0.6267 -0.7436
vn -0.1191 -0.6583 -0.7433
vn -0.0000 -0.6690 -0.7432
vn 0.1191 -0.6583 -0.7433
vn 0.2330 -0.6267 -0.7436
vn 0.3376 -0.5767 -0.7439
vn 0.4306 -0.5107 -0.7441
vn 0.5107 -0.4306 -0.7441
vn 0.5767 -0.3376 -0.7439
vn 0.6267 -0.2330 -0.7436
vn 0.6583 -0.1190 -0.7433
vn 0.6691 -0.0000 -0.7432
vn 0.6583 0.1190 -0.7433
vn 0.6267 0.2330 -0.7436
vn 0.5767 0.3376 -0.7439
vn 0.5107 0.4306 -0.7441
vn 0.4306 0.5107 -0.7441
vn 0.3376 0.5767 -0.7439
vn 0.2330 0.6267 -0.7436
vn 0.1190 0.6583 -0.7433
vn -0.0000 0.6690 -0.7432
vn -0.1190 0.6583 -0.7433
vn -0.2330 0.6267 -0.7436
vn -0.3376 0.5767 -0.7439
vn -0.4306 0.5108 -0.7441
vn -0.5108 0.4306 -0.7441
vn -0.5767 0.3376 -0.7439
vn -0.6267 0.2330 -0.7436
vn -0.6583 0.1190 -0.7433
vn 0.0630 0.0000 -0.9980
vn 0.0620 0.0112 -0.9980
vn 0.0591 0.0220 -0.9980
vn 0.0545 0.0319 -0.9980
vn 0.0483 0.0407 -0.9980
vn 0.0407 0.0483 -0.9980
vn 0.0319 0.0545 -0.9980
vn 0.0220 0.0591 -0.9980
vn 0.0112 0.0620 -0.9980
vn 0.0000 0.0630 -0.9980
vn -0.0112 0.0620 -0.9980
vn -0.0220 0.0591 -0.9980
vn -0.0319 0.0545 -0.9980
vn -0.0407 0.0483 -0.9980
vn -0.0483 0.0407 -0.9980
vn -0.0545 0.0319 -0.9980
vn -0.0591 0.0220 -0.9980
vn -0.0620 0.0112 -0.9980
vn -0.0630 0.0000 -0.9980
vn -0.0620 -0.0112 -0.9980
vn -0.0591 -0.0220 -0.9980
vn -0.0545 -0.0319 -0.9980
vn -0.0483 -0.0407 -0.9980
vn -0.0407 -0.0483 -0.9980
vn -0.0319 -0.0545 -0.9980
vn -0.0220 -0.0591 -0.9980
vn -0.0112 -0.0620 -0.9980
vn 0.0000 -0.0630 -0.9980
vn 0.0112 -0.0620 -0.9980
vn 0.0220 -0.0591 -0.9980
vn 0.0319 -0.0545 -0.9980
vn 0.0407 -0.0483 -0.9980
vn 0.0483 -0.0407 -0.9980
vn 0.0545 -0.0319 -0.9980
vn 0.0591 -0.0220 -0.9980
vn 0.0620 -0.0112 -0.9980
vn 0.0706 0.0000 -0.9975
vn 0.0694 0.0126 -0.9975
vn 0.0661 0.0246 -0.9975
vn 0.0608 0.0356 -0.9975
vn 0.0538 0.0454 -0.9975
vn 0.0454 0.0538 -0.9975
vn 0.0356 0.0608 -0.9975
vn 0.0246 0.0661 -0.9975
vn 0.0126 0.0694 -0.9975
vn 0.0000 0.0706 -0.9975
vn -0.0126 0.0694 -0.9975
vn -0.0246 0.0661 -0.9975
vn -0.0356 0.0608 -0.9975
vn -0.0454 0.0538 -0.9975
vn -0.0538 0.0454 -0.9975
vn -0.0608 0.0356 -0.9975
vn -0.0661 0.0246 -0.9975
vn -0.0694 0.0126 -0.9975
vn -0.0706 0.0000 -0.9975
vn -0.0694 -0.0126 -0.9975
vn -0.0661 -0.0246 -0.9975
vn -0.0608 -0.0356 -0.9975
vn -0.0538 -0.0454 -0.9975
vn -0.0454 -0.0538 -0.9975
vn -0.0356 -0.0608 -0.9975
vn -0.0246 -0.0661 -0.9975
vn -0.0126 -0.0694 -0.9975
vn 0.0000 -0.0706 -0.9975
vn 0.0126 -0.0694 -0.9975
vn 0.0246 -0.0661 -0.9975
vn 0.0356 -0.0608 -0.9975
vn 0.0454 -0.0538 -0.9975
vn 0.0538 -0.0454 -0.9975
vn 0.0608 -0.0356 -0.9975
vn 0.0661 -0.0246 -0.9975
vn 0.0694 -0.0126 -0.9975
vn 0.8697 0.1573 0.4678
vn 0.8839 -0.0000 0.4678
vn 0.8697 -0.1573 0.4678
vn 0.8284 -0.3080 0.4679
vn 0.7627 -0.4464 0.4680
vn 0.6757 -0.5696 0.4680
vn 0.5696 -0.6757 0.4680
vn 0.4464 -0.7627 0.4680
vn 0.3080 -0.8284 0.4679
vn 0.1573 -0.8697 0.4678
vn -0.0000 -0.8838 0.4678
vn -0.1573 -0.8697 0.4678
vn -0.3080 -0.8284 0.4679
vn -0.4464 -0.7627 0.4680
vn -0.5696 -0.6757 0.4680
vn -0.6756 -0.5696 0.4680
vn -0.7627 -0.4464 0.4680
vn -0.8284 -0.3080 0.4679
vn -0.8697 -0.1573 0.4678
vn -0.8838 0.0000 0.4678
vn -0.8697 0.1573 0.4678
vn -0.8284 0.3080 0.4679
vn -0.7627 0.4464 0.4680
vn -0.6756 0.5696 0.4680
vn -0.5696 0.6757 0.4680
vn -0.4464 0.7627 0.4680
vn -0.3080 0.8284 0.4679
vn -0.1573 0.8697 0.4678
vn 0.0000 0.8839 0.4678
vn 0.1573 0.8697 0.4678
vn 0.3080 0.8284 0.4679
vn 0.4464 0.7627 0.4680
vn 0.5696 0.6757 0.4680
vn 0.6757 0.5696 0.4680
vn 0.7627 0.4464 0.4680
vn 0.8284 0.3080 0.4679
vn 0.5063 0.0916 0.8575
vn 0.5146 -0.0000 0.8574
vn 0.5063 -0.0916 0.8575
vn 0.4821 -0.1792 0.8576
vn 0.4437 -0.2597 0.8577
vn 0.3930 -0.3314 0.8578
vn 0.3314 -0.3930 0.8578
vn 0.2597 -0.4437 0.8577
vn 0.1792 -0.4821 0.8576
vn 0.0916 -0.5063 0.8575
vn 0.0000 -0.5146 0.8574
vn -0.0916 -0.5063 0.8575
vn -0.1792 -0.4821 0.8576
vn -0.2597 -0.4437 0.8577
vn -0.3314 -0.3930 0.8578
vn -0.3930 -0.3314 0.8578
vn -0.4437 -0.2597 0.8577
vn -0.4821 -0.1792 0.8576
vn -0.5063 -0.0916 0.8575
vn -0.5146 0.0000 0.8574
vn -0.5063 0.0916 0.8575
vn -0.4821 0.1792 0.8576
vn -0.4437 0.2597 0.8577
vn -0.3930 0.3314 0.8578
vn -0.3314 0.3930 0.8578
vn -0.2597 0.4437 0.8577
vn -0.1792 0.4821 0.8576
vn -0.0916 0.5063 0.8575
vn 0.0000 0.5146 0.8574
vn 0.0916 0.5063 0.8575
vn 0.1792 0.4821 0.8576
vn 0.2597 0.4437 0.8577
vn 0.3314 0.3930 0.8578
vn 0.3930 0.3314 0.8578
vn 0.4437 0.2597 0.8577
vn 0.4821 0.1792 0.8576
vn 0.1207 0.0218 0.9924
vn 0.1227 0.0000 0.9924
vn 0.1207 -0.0218 0.9924
vn 0.1149 -0.0427 0.9925
vn 0.1057 -0.0619 0.9925
vn 0.0936 -0.0789 0.9925
vn 0.0789 -0.0936 0.9925
vn 0.0619 -0.1057 0.9925
vn 0.0427 -0.1149 0.9925
vn 0.0218 -0.1207 0.9924
vn -0.0000 -0.1227 0.9924
vn -0.0218 -0.1207 0.9924
vn -0.0427 -0.1149 0.9925
vn -0.0619 -0.1057 0.9925
vn -0.0789 -0.0936 0.9925
vn -0.0936 -0.0789 0.9925
vn -0.1057 -0.0619 0.9925
vn -0.1149 -0.0427 0.9925
vn -0.1207 -0.0218 0.9924
vn -0.1227 0.0000 0.9924
vn -0.1207 0.0218 0.9924
vn -0.1149 0.0427 0.9925
vn -0.1057 0.0619 0.9925
vn -0.0936 0.0789 0.9925
vn -0.0789 0.0936 0.9925
vn -0.0619 0.1057 0.9925
vn -0.0427 0.1149 0.9925
vn -0.0218 0.1207 0.9924
vn 0.0000 0.1227 0.9924
vn 0.0218 0.1207 0.9924
vn 0.0427 0.1149 0.9925
vn 0.0619 0.1057 0.9925
vn 0.0789 0.0936 0.9925
vn 0.0936 0.0789 0.9925
vn 0.1057 0.0619 0.9925
vn 0.1149 0.0427 0.9925
vn -0.4691 -0.0849 0.8791
vn -0.4767 0.0000 0.8791
vn -0.4691 0.0849 0.8791
vn -0.4472 0.1663 0.8788
vn -0.4122 0.2413 0.8786
vn -0.3654 0.3080 0.8784
vn -0.3080 0.3654 0.8784
vn -0.2413 0.4122 0.8786
vn -0.1663 0.4472 0.8788
vn -0.0849 0.4691 0.8791
vn -0.0000 0.4767 0.8791
vn 0.0849 0.4691 0.8791
vn 0.1663 0.4472 0.8788
vn 0.2412 0.4122 0.8786
vn 0.3080 0.3654 0.8784
vn 0.3653 0.3080 0.8784
vn 0.4122 0.2412 0.8786
vn 0.4472 0.1663 0.8788
vn 0.4691 0.0849 0.8791
vn 0.4767 -0.0000 0.8791
vn 0.4691 -0.0849 0.8791
vn 0.4472 -0.1663 0.8788
vn 0.4122 -0.2412 0.8786
vn 0.3654 -0.3080 0.8784
vn 0.3080 -0.3654 0.8784
vn 0.2412 -0.4122 0.8786
vn 0.1663 -0.4472 0.8788
vn 0.0849 -0.4691 0.8791
vn -0.0000 -0.4767 0.8791
vn -0.0849 -0.4691 0.8791
vn -0.1663 -0.4472 0.8788
vn -0.2413 -0.4122 0.8786
vn -0.3080 -0.3654 0.8784
vn -0.3654 -0.3080 0.8784
vn -0.4122 -0.2413 0.8786
vn -0.4472 -0.1663 0.8788
vn -0.5294 -0.0957 0.8430
vn -0.5380 0.0000 0.8429
vn -0.5294 0.0957 0.8430
vn -0.5039 0.1873 0.8432
vn -0.4637 0.2714 0.8434
vn -0.4106 0.3462 0.8435
vn -0.3462 0.4106 0.8435
vn -0.2714 0.4637 0.8434
vn -0.1873 0.5039 0.8432
vn -0.0957 0.5294 0.8430
vn -0.0000 0.5380 0.8429
vn 0.0957 0.5294 0.8430
vn 0.1873 0.5039 0.8432
vn 0.2714 0.4637 0.8434
vn 0.3462 0.4106 0.8435
vn 0.4106 0.3462 0.8435
vn 0.4637 0.2714 0.8434
vn 0.5039 0.1873 0.8432
vn 0.5294 0.0957 0.8430
vn 0.5380 0.0000 0.8429
vn 0.5294 -0.0957 0.8430
vn 0.5039 -0.1873 0.8432
vn 0.4637 -0.2714 0.8434
vn 0.4106 -0.3462 0.8435
vn 0.3462 -0.4106 0.8435
vn 0.2714 -0.4637 0.8434
vn 0.1873 -0.5039 0.8432
vn 0.0957 -0.5294 0.8430
vn -0.0000 -0.5380 0.8429
vn -0.0957 -0.5294 0.8430
vn -0.1873 -0.5039 0.8432
vn -0.2714 -0.4637 0.8434
vn -0.3462 -0.4106 0.8435
vn -0.4106 -0.3462 0.8435
vn -0.4637 -0.2714 0.8434
vn -0.5039 -0.1873 0.8432
vn -0.5986 -0.1083 0.7937
vn -0.6083 0.0000 0.7937
vn -0.5986 0.1083 0.7937
vn -0.5706 0.2122 0.7933
vn -0.5258 0.3078 0.7930
vn -0.4660 0.3929 0.7928
vn -0.3929 0.4660 0.7928
vn -0.3078 0.5258 0.7930
vn -0.2122 0.5706 0.7933
vn -0.1083 0.5986 0.7937
vn 0.0000 0.6083 0.7937
vn 0.1083 0.5986 0.7937
vn 0.2122 0.5706 0.7933
vn 0.3078 0.5258 0.7930
vn 0.3929 0.4660 0.7928
vn 0.4660 0.3929 0.7928
vn 0.5258 0.3078 0.7930
vn 0.5706 0.2121 0.7934
vn 0.5986 0.1083 0.7937
vn 0.6083 -0.0000 0.7937
vn 0.5986 -0.1083 0.7937
vn 0.5706 -0.2121 0.7934
vn 0.5258 -0.3078 0.7930
vn 0.4660 -0.3929 0.7928
vn 0.3929 -0.4660 0.7928
vn 0.3078 -0.5258 0.7930
vn 0.2122 -0.5706 0.7933
vn 0.1083 -0.5986 0.7937
vn -0.0000 -0.6083 0.7937
vn -0.1083 -0.5986 0.7937
vn -0.2122 -0.5706 0.7933
vn -0.3078 -0.5258 0.7930
vn -0.3929 -0.4660 0.7928
vn -0.4660 -0.3929 0.7928
vn -0.5258 -0.3078 0.7930
vn -0.5706 -0.2122 0.7933
vn -0.7466 -0.1350 0.6514
vn -0.7587 0.0000 0.6514
vn -0.7466 0.1350 0.6514
vn -0.7109 0.2643 0.6517
vn -0.6545 0.3831 0.6519
vn -0.5797 0.4887 0.6520
vn -0.4887 0.5797 0.6520
vn -0.3831 0.6545 0.6519
vn -0.2643 0.7109 0.6517
vn -0.1350 0.7466 0.6514
vn -0.0000 0.7587 0.6514
vn 0.1350 0.7466 0.6514
vn 0.2643 0.7109 0.6517
vn 0.3831 0.6545 0.6519
vn 0.4887 0.5797 0.6520
vn 0.5797 0.4887 0.6520
vn 0.6545 0.3831 0.6519
vn 0.7109 0.2643 0.6517
vn 0.7466 0.1350 0.6515
vn 0.7587 0.0000 0.6514
vn 0.7466 -0.1350 0.6515
vn 0.7109 -0.2643 0.6517
vn 0.6545 -0.3831 0.6519
vn 0.5797 -0.4887 0.6520
vn 0.4887 -0.5797 0.6520
vn 0.3831 -0.6545 0.6519
vn 0.2643 -0.7109 0.6517
vn 0.1350 -0.7466 0.6514
vn -0.0000 -0.7587 0.6514
vn -0.1350 -0.7466 0.6514
vn -0.2643 -0.7109 0.6517
vn -0.3831 -0.6545 0.6519
vn -0.4887 -0.5797 0.6520
vn -0.5797 -0.4887 0.6520
vn -0.6545 -0.3831 0.6519
vn -0.7109 -0.2643 0.6517
vn -0.7319 -0.1324 0.6685
vn -0.7437 0.0000 0.6685
vn -0.7319 0.1324 0.6685
vn -0.6973 0.2593 0.6682
vn -0.6423 0.3760 0.6679
vn -0.5691 0.4798 0.6677
vn -0.4798 0.5691 0.6677
vn -0.3760 0.6423 0.6679
vn -0.2593 0.6973 0.6682
vn -0.1324 0.7319 0.6685
vn 0.0000 0.7437 0.6685
vn 0.1324 0.7319 0.6685
vn 0.2593 0.6973 0.6682
vn 0.3760 0.6423 0.6679
vn 0.4798 0.5691 0.6677
vn 0.5691 0.4798 0.6677
vn 0.6423 0.3760 0.6679
vn 0.6973 0.2593 0.6682
vn 0.7319 0.1324 0.6685
vn 0.7437 -0.0000 0.6685
vn 0.7319 -0.1324 0.6685
vn 0.6973 -0.2593 0.6682
vn 0.6423 -0.3760 0.6679
vn 0.5691 -0.4798 0.6677
vn 0.4798 -0.5691 0.6677
vn 0.3760 -0.6423 0.6679
vn 0.2593 -0.6973 0.6682
vn 0.1324 -0.7319 0.6685
vn -0.0000 -0.7437 0.6685
vn -0.1324 -0.7319 0.6685
vn -0.2593 -0.6973 0.6682
vn -0.3760 -0.6423 0.6679
vn -0.4798 -0.5691 0.6677
vn -0.5691 -0.4798 0.6677
vn -0.6423 -0.3760 0.6679
vn -0.6973 -0.2593 0.6682
vn -0.9774 -0.1767 0.1164
vn -0.9932 0.0000 0.1163
vn -0.9774 0.1767 0.1164
vn -0.9309 0.3461 0.1163
vn -0.8572 0.5017 0.1163
vn -0.7594 0.6402 0.1163
vn -0.6402 0.7594 0.1163
vn -0.5017 0.8572 0.1163
vn -0.3461 0.9309 0.1163
vn -0.1767 0.9774 0.1164
vn -0.0000 0.9932 0.1163
vn 0.1767 0.9774 0.1164
vn 0.3461 0.9309 0.1163
vn 0.5017 0.8572 0.1163
vn 0.6402 0.7594 0.1163
vn 0.7594 0.6402 0.1163
vn 0.8572 0.5017 0.1163
vn 0.9310 0.3461 0.1163
vn 0.9774 0.1767 0.1164
vn 0.9932 -0.0000 0.1164
vn 0.9774 -0.1767 0.1164
vn 0.9310 -0.3461 0.1163
vn 0.8572 -0.5017 0.1163
vn 0.7594 -0.6402 0.1163
vn 0.6402 -0.7594 0.1163
vn 0.5017 -0.8572 0.1163
vn 0.3461 -0.9310 0.1163
vn 0.1768 -0.9774 0.1163
vn 0.0000 -0.9932 0.1163
vn -0.1768 -0.9774 0.1163
vn -0.3461 -0.9309 0.1163
vn -0.5017 -0.8572 0.1163
vn -0.6402 -0.7594 0.1163
vn -0.7594 -0.6402 0.1163
vn -0.8572 -0.5017 0.1163
vn -0.9309 -0.3461 0.1163
vn -0.7387 -0.1336 0.6607
vn -0.7507 0.0000 0.6606
vn -0.7387 0.1336 0.6607
vn -0.7033 0.2615 0.6610
vn -0.6474 0.3789 0.6613
vn -0.5734 0.4834 0.6615
vn -0.4834 0.5734 0.6615
vn -0.3789 0.6473 0.6614
vn -0.2615 0.7033 0.6611
vn -0.1336 0.7387 0.6607
vn -0.0000 0.7507 0.6606
vn 0.1336 0.7387 0.6607
vn 0.2615 0.7033 0.6610
vn 0.3789 0.6474 0.6613
vn 0.4834 0.5734 0.6615
vn 0.5734 0.4834 0.6615
vn 0.6473 0.3789 0.6614
vn 0.7033 0.2615 0.6610
vn 0.7387 0.1336 0.6607
vn 0.7507 -0.0000 0.6606
vn 0.7387 -0.1336 0.6606
vn 0.7034 -0.2615 0.6610
vn 0.6474 -0.3789 0.6613
vn 0.5734 -0.4834 0.6615
vn 0.4834 -0.5734 0.6615
vn 0.3789 -0.6474 0.6613
vn 0.2615 -0.7033 0.6610
vn 0.1336 -0.7387 0.6607
vn 0.0000 -0.7507 0.6606
vn -0.1336 -0.7387 0.6607
vn -0.2615 -0.7033 0.6610
vn -0.3789 -0.6474 0.6613
vn -0.4834 -0.5733 0.6616
vn -0.5733 -0.4834 0.6616
vn -0.6474 -0.3789 0.6613
vn -0.7033 -0.2615 0.6610
vn -0.0401 -0.0072 0.9992
vn -0.0408 0.0000 0.9992
vn -0.0401 0.0072 0.9992
vn -0.0381 0.0142 0.9992
vn -0.0351 0.0205 0.9992
vn -0.0311 0.0262 0.9992
vn -0.0262 0.0311 0.9992
vn -0.0205 0.0351 0.9992
vn -0.0142 0.0381 0.9992
vn -0.0072 0.0401 0.9992
vn -0.0000 0.0408 0.9992
vn 0.0072 0.0401 0.9992
vn 0.0142 0.0381 0.9992
vn 0.0205 0.0351 0.9992
vn 0.0262 0.0311 0.9992
vn 0.0311 0.0262 0.9992
vn 0.0351 0.0205 0.9992
vn 0.0381 0.0142 0.9992
vn 0.0401 0.0072 0.9992
vn 0.0408 0.0000 0.9992
vn 0.0401 -0.0072 0.9992
vn 0.0381 -0.0142 0.9992
vn 0.0351 -0.0205 0.9992
vn 0.0311 -0.0262 0.9992
vn 0.0262 -0.0311 0.9992
vn 0.0205 -0.0351 0.9992
vn 0.0142 -0.0381 0.9992
vn 0.0072 -0.0401 0.9992
vn -0.0000 -0.0408 0.9992
vn -0.0072 -0.0401 0.9992
vn -0.0142 -0.0381 0.9992
vn -0.0205 -0.0351 0.9992
vn -0.0262 -0.0311 0.9992
vn -0.0311 -0.0262 0.9992
vn -0.0351 -0.0205 0.9992
vn -0.0381 -0.0142 0.9992
# 1514 vertex normals

vt 0.1655 0.5000 0.0000
vt 0.0554 0.5000 0.0000
vt 0.0554 0.4715 0.0000
vt 0.1655 0.4715 0.0000
vt 0.1655 0.5277 0.0000
vt 0.0554 0.5277 0.0000
vt 0.1655 0.5550 0.0000
vt 0.0554 0.5550 0.0000
vt 0.1655 0.5820 0.0000
vt 0.0554 0.5820 0.0000
vt 0.1655 0.6090 0.0000
vt 0.0554 0.6090 0.0000
vt 0.1655 0.6360 0.0000
vt 0.0554 0.6360 0.0000
vt 0.1655 0.6633 0.0000
vt 0.0554 0.6633 0.0000
vt 0.1655 0.6910 0.0000
vt 0.0554 0.6910 0.0000
vt 0.1655 0.7195 0.0000
vt 0.0554 0.7195 0.0000
vt 0.1655 0.7480 0.0000
vt 0.0554 0.7480 0.0000
vt 0.1655 0.7758 0.0000
vt 0.0554 0.7758 0.0000
vt 0.1655 0.8030 0.0000
vt 0.0554 0.8030 0.0000
vt 0.1655 0.8301 0.0000
vt 0.0554 0.8301 0.0000
vt 0.1655 0.8570 0.0000
vt 0.0554 0.8570 0.0000
vt 0.1655 0.8841 0.0000
vt 0.0554 0.8841 0.0000
vt 0.1655 0.9113 0.0000
vt 0.0554 0.9113 0.0000
vt 0.1655 0.9391 0.0000
vt 0.0554 0.9391 0.0000
vt 0.1655 0.9676 0.0000
vt 0.0554 0.9676 0.0000
vt 0.1655 0.9961 0.0000
vt 0.0554 0.9961 0.0000
vt 0.1655 0.0316 0.0000
vt 0.0554 0.0316 0.0000
vt 0.0554 0.0039 0.0000
vt 0.1655 0.0039 0.0000
vt 0.1655 0.0589 0.0000
vt 0.0554 0.0589 0.0000
vt 0.1655 0.0859 0.0000
vt 0.0554 0.0859 0.0000
vt 0.1655 0.1129 0.0000
vt 0.0554 0.1129 0.0000
vt 0.1655 0.1399 0.0000
vt 0.0554 0.1399 0.0000
vt 0.1655 0.1672 0.0000
vt 0.0554 0.1672 0.0000
vt 0.1655 0.1949 0.0000
vt 0.0554 0.1949 0.0000
vt 0.1655 0.2234 0.0000
vt 0.0554 0.2234 0.0000
vt 0.1655 0.2520 0.0000
vt 0.0554 0.2520 0.0000
vt 0.1655 0.2797 0.0000
vt 0.0554 0.2797 0.0000
vt 0.1655 0.3070 0.0000
vt 0.0554 0.3070 0.0000
vt 0.1655 0.3340 0.0000
vt 0.0554 0.3340 0.0000
vt 0.1655 0.3609 0.0000
vt 0.0554 0.3609 0.0000
vt 0.1655 0.3880 0.0000
vt 0.0554 0.3880 0.0000
vt 0.1655 0.4152 0.0000
vt 0.0554 0.4152 0.0000
vt 0.1655 0.4430 0.0000
vt 0.0554 0.4430 0.0000
vt 0.0415 0.5000 0.0000
vt 0.0415 0.4715 0.0000
vt 0.0415 0.5277 0.0000
vt 0.0415 0.5550 0.0000
vt 0.0415 0.5820 0.0000
vt 0.0415 0.6090 0.0000
vt 0.0415 0.6360 0.0000
vt 0.0415 0.6633 0.0000
vt 0.0415 0.6910 0.0000
vt 0.0415 0.7195 0.0000
vt 0.0415 0.7480 0.0000
vt 0.0415 0.7758 0.0000
vt 0.0415 0.8030 0.0000
vt 0.0415 0.8301 0.0000
vt 0.0415 0.8570 0.0000
vt 0.0415 0.8841 0.0000
vt 0.0415 0.9113 0.0000
vt 0.0415 0.9391 0.0000
vt 0.0415 0.9676 0.0000
vt 0.0415 0.9961 0.0000
vt 0.0415 0.0316 0.0000
vt 0.0415 0.0039 0.0000
vt 0.0415 0.0589 0.0000
vt 0.0415 0.0859 0.0000
vt 0.0415 0.1129 0.0000
vt 0.0415 0.1399 0.0000
vt 0.0415 0.1672 0.0000
vt 0.0415 0.1949 0.0000
vt 0.0415 0.2234 0.0000
vt 0.0415 0.2520 0.0000
vt 0.0415 0.2797 0.0000
vt 0.0415 0.3070 0.0000
vt 0.0415 0.3340 0.0000
vt 0.0415 0.3609 0.0000
vt 0.0415 0.3880 0.0000
vt 0.0415 0.4152 0.0000
vt 0.0415 0.4430 0.0000
vt 0.0295 0.5000 0.0000
vt 0.0295 0.4715 0.0000
vt 0.0295 0.5277 0.0000
vt 0.0295 0.5550 0.0000
vt 0.0295 0.5820 0.0000
vt 0.0295 0.6090 0.0000
vt 0.0295 0.6360 0.0000
vt 0.0295 0.6633 0.0000
vt 0.0295 0.6910 0.0000
vt 0.0295 0.7195 0.0000
vt 0.0295 0.7480 0.0000
vt 0.0295 0.7758 0.0000
vt 0.0295 0.8030 0.0000
vt 0.0295 0.8301 0.0000
vt 0.0295 0.8570 0.0000
vt 0.0295 0.8841 0.0000
vt 0.0295 0.9113 0.0000
vt 0.0295 0.9391 0.0000
vt 0.0295 0.9676 0.0000
vt 0.0295 0.9961 0.0000
vt 0.0295 0.0316 0.0000
vt 0.0295 0.0039 0.0000
vt 0.0295 0.0589 0.0000
vt 0.0295 0.0859 0.0000
vt 0.0295 0.1129 0.0000
vt 0.0295 0.1399 0.0000
vt 0.0295 0.1672 0.0000
vt 0.0295 0.1949 0.0000
vt 0.0295 0.2234 0.0000
vt 0.0295 0.2520 0.0000
vt 0.0295 0.2797 0.0000
vt 0.0295 0.3070 0.0000
vt 0.0295 0.3340 0.0000
vt 0.0295 0.3609 0.0000
vt 0.0295 0.3880 0.0000
vt 0.0295 0.4152 0.0000
vt 0.0295 0.4430 0.0000
vt 0.0039 0.5000 0.0000
vt 0.0039 0.4715 0.0000
vt 0.0039 0.5277 0.0000
vt 0.0039 0.5550 0.0000
vt 0.0039 0.5820 0.0000
vt 0.0039 0.6090 0.0000
vt 0.0039 0.6360 0.0000
vt 0.0039 0.6633 0.0000
vt 0.0039 0.6910 0.0000
vt 0.0039 0.7195 0.0000
vt 0.0039 0.7480 0.0000
vt 0.0039 0.7758 0.0000
vt 0.0039 0.8030 0.0000
vt 0.0039 0.8301 0.0000
vt 0.0039 0.8570 0.0000
vt 0.0039 0.8841 0.0000
vt 0.0039 0.9113 0.0000
vt 0.0039 0.9391 0.0000
vt 0.0039 0.9676 0.0000
vt 0.0039 0.9961 0.0000
vt 0.0039 0.0316 0.0000
vt 0.0039 0.0039 0.0000
vt 0.0039 0.0589 0.0000
vt 0.0039 0.0859 0.0000
vt 0.0039 0.1129 0.0000
vt 0.0039 0.1399 0.0000
vt 0.0039 0.1672 0.0000
vt 0.0039 0.1949 0.0000
vt 0.0039 0.2234 0.0000
vt 0.0039 0.2520 0.0000
vt 0.0039 0.2797 0.0000
vt 0.0039 0.3070 0.0000
vt 0.0039 0.3340 0.0000
vt 0.0039 0.3609 0.0000
vt 0.0039 0.3880 0.0000
vt 0.0039 0.4152 0.0000
vt 0.0039 0.4430 0.0000
vt 0.7030 0.9389 0.0000
vt 0.7064 0.9262 0.0000
vt 0.7453 0.9333 0.0000
vt 0.7441 0.9463 0.0000
vt 0.6649 0.9246 0.0000
vt 0.6705 0.9128 0.0000
vt 0.6304 0.9043 0.0000
vt 0.6380 0.8936 0.0000
vt 0.6002 0.8786 0.0000
vt 0.6094 0.8694 0.0000
vt 0.5748 0.8482 0.0000
vt 0.5855 0.8407 0.0000
vt 0.5549 0.8139 0.0000
vt 0.5667 0.8084 0.0000
vt 0.5411 0.7764 0.0000
vt 0.5537 0.7729 0.0000
vt 0.5338 0.7364 0.0000
vt 0.5469 0.7352 0.0000
vt 0.5338 0.6946 0.0000
vt 0.5469 0.6957 0.0000
vt 0.5413 0.6534 0.0000
vt 0.5539 0.6569 0.0000
vt 0.5555 0.6153 0.0000
vt 0.5673 0.6209 0.0000
vt 0.5758 0.5808 0.0000
vt 0.5865 0.5884 0.0000
vt 0.6015 0.5506 0.0000
vt 0.6107 0.5599 0.0000
vt 0.6319 0.5253 0.0000
vt 0.6394 0.5360 0.0000
vt 0.6662 0.5054 0.0000
vt 0.6718 0.5172 0.0000
vt 0.7037 0.4915 0.0000
vt 0.7072 0.5041 0.0000
vt 0.7438 0.4843 0.0000
vt 0.7450 0.4973 0.0000
vt 0.7856 0.4843 0.0000
vt 0.7844 0.4973 0.0000
vt 0.8267 0.4917 0.0000
vt 0.8232 0.5044 0.0000
vt 0.8648 0.5060 0.0000
vt 0.8592 0.5178 0.0000
vt 0.8993 0.5263 0.0000
vt 0.8917 0.5370 0.0000
vt 0.9295 0.5520 0.0000
vt 0.9202 0.5612 0.0000
vt 0.9549 0.5824 0.0000
vt 0.9442 0.5899 0.0000
vt 0.9748 0.6167 0.0000
vt 0.9629 0.6222 0.0000
vt 0.9886 0.6542 0.0000
vt 0.9760 0.6577 0.0000
vt 0.9958 0.6942 0.0000
vt 0.9828 0.6954 0.0000
vt 0.9958 0.7360 0.0000
vt 0.9828 0.7349 0.0000
vt 0.9884 0.7772 0.0000
vt 0.9758 0.7737 0.0000
vt 0.9742 0.8153 0.0000
vt 0.9623 0.8097 0.0000
vt 0.9538 0.8498 0.0000
vt 0.9432 0.8422 0.0000
vt 0.9281 0.8800 0.0000
vt 0.9189 0.8707 0.0000
vt 0.8978 0.9053 0.0000
vt 0.8903 0.8946 0.0000
vt 0.8635 0.9252 0.0000
vt 0.8579 0.9134 0.0000
vt 0.8259 0.9391 0.0000
vt 0.8225 0.9265 0.0000
vt 0.7859 0.9463 0.0000
vt 0.7847 0.9333 0.0000
vt 0.7105 0.9117 0.0000
vt 0.7466 0.9183 0.0000
vt 0.6770 0.8992 0.0000
vt 0.6467 0.8814 0.0000
vt 0.6201 0.8588 0.0000
vt 0.5979 0.8321 0.0000
vt 0.5804 0.8020 0.0000
vt 0.5682 0.7690 0.0000
vt 0.5619 0.7338 0.0000
vt 0.5619 0.6971 0.0000
vt 0.5684 0.6609 0.0000
vt 0.5809 0.6274 0.0000
vt 0.5988 0.5971 0.0000
vt 0.6213 0.5706 0.0000
vt 0.6480 0.5483 0.0000
vt 0.6782 0.5308 0.0000
vt 0.7111 0.5187 0.0000
vt 0.7463 0.5123 0.0000
vt 0.7831 0.5123 0.0000
vt 0.8192 0.5189 0.0000
vt 0.8527 0.5314 0.0000
vt 0.8830 0.5492 0.0000
vt 0.9095 0.5718 0.0000
vt 0.9318 0.5985 0.0000
vt 0.9493 0.6286 0.0000
vt 0.9615 0.6616 0.0000
vt 0.9678 0.6968 0.0000
vt 0.9678 0.7335 0.0000
vt 0.9613 0.7697 0.0000
vt 0.9488 0.8032 0.0000
vt 0.9309 0.8335 0.0000
vt 0.9083 0.8600 0.0000
vt 0.8817 0.8823 0.0000
vt 0.8515 0.8998 0.0000
vt 0.8185 0.9119 0.0000
vt 0.7833 0.9183 0.0000
vt 0.7136 0.9004 0.0000
vt 0.7476 0.9066 0.0000
vt 0.6820 0.8886 0.0000
vt 0.6535 0.8718 0.0000
vt 0.6284 0.8505 0.0000
vt 0.6074 0.8254 0.0000
vt 0.5910 0.7970 0.0000
vt 0.5795 0.7659 0.0000
vt 0.5735 0.7328 0.0000
vt 0.5735 0.6981 0.0000
vt 0.5797 0.6640 0.0000
vt 0.5915 0.6325 0.0000
vt 0.6083 0.6039 0.0000
vt 0.6296 0.5789 0.0000
vt 0.6547 0.5579 0.0000
vt 0.6832 0.5414 0.0000
vt 0.7142 0.5300 0.0000
vt 0.7474 0.5240 0.0000
vt 0.7820 0.5240 0.0000
vt 0.8161 0.5302 0.0000
vt 0.8477 0.5420 0.0000
vt 0.8762 0.5588 0.0000
vt 0.9012 0.5801 0.0000
vt 0.9222 0.6052 0.0000
vt 0.9387 0.6336 0.0000
vt 0.9502 0.6647 0.0000
vt 0.9561 0.6978 0.0000
vt 0.9561 0.7325 0.0000
vt 0.9500 0.7666 0.0000
vt 0.9382 0.7981 0.0000
vt 0.9214 0.8267 0.0000
vt 0.9001 0.8517 0.0000
vt 0.8749 0.8727 0.0000
vt 0.8465 0.8892 0.0000
vt 0.8154 0.9006 0.0000
vt 0.7823 0.9066 0.0000
vt 0.7489 0.7730 0.0000
vt 0.7595 0.7749 0.0000
vt 0.7390 0.7693 0.0000
vt 0.7301 0.7641 0.0000
vt 0.7223 0.7574 0.0000
vt 0.7158 0.7496 0.0000
vt 0.7107 0.7408 0.0000
vt 0.7071 0.7311 0.0000
vt 0.7052 0.7207 0.0000
vt 0.7052 0.7099 0.0000
vt 0.7071 0.6993 0.0000
vt 0.7108 0.6895 0.0000
vt 0.7161 0.6806 0.0000
vt 0.7227 0.6728 0.0000
vt 0.7305 0.6663 0.0000
vt 0.7394 0.6611 0.0000
vt 0.7491 0.6575 0.0000
vt 0.7594 0.6557 0.0000
vt 0.7702 0.6557 0.0000
vt 0.7808 0.6576 0.0000
vt 0.7907 0.6613 0.0000
vt 0.7995 0.6665 0.0000
vt 0.8073 0.6732 0.0000
vt 0.8139 0.6810 0.0000
vt 0.8190 0.6898 0.0000
vt 0.8226 0.6995 0.0000
vt 0.8245 0.7099 0.0000
vt 0.8245 0.7207 0.0000
vt 0.8225 0.7313 0.0000
vt 0.8189 0.7411 0.0000
vt 0.8136 0.7500 0.0000
vt 0.8070 0.7578 0.0000
vt 0.7991 0.7643 0.0000
vt 0.7903 0.7695 0.0000
vt 0.7806 0.7731 0.0000
vt 0.7703 0.7749 0.0000
vt 0.7533 0.7568 0.0000
vt 0.7610 0.7582 0.0000
vt 0.7463 0.7541 0.0000
vt 0.7399 0.7504 0.0000
vt 0.7343 0.7456 0.0000
vt 0.7296 0.7400 0.0000
vt 0.7259 0.7336 0.0000
vt 0.7233 0.7266 0.0000
vt 0.7220 0.7192 0.0000
vt 0.7220 0.7114 0.0000
vt 0.7233 0.7038 0.0000
vt 0.7260 0.6967 0.0000
vt 0.7298 0.6903 0.0000
vt 0.7345 0.6847 0.0000
vt 0.7402 0.6800 0.0000
vt 0.7465 0.6763 0.0000
vt 0.7535 0.6738 0.0000
vt 0.7609 0.6724 0.0000
vt 0.7687 0.6724 0.0000
vt 0.7763 0.6738 0.0000
vt 0.7834 0.6765 0.0000
vt 0.7898 0.6802 0.0000
vt 0.7954 0.6850 0.0000
vt 0.8001 0.6906 0.0000
vt 0.8038 0.6970 0.0000
vt 0.8064 0.7040 0.0000
vt 0.8077 0.7114 0.0000
vt 0.8077 0.7192 0.0000
vt 0.8063 0.7268 0.0000
vt 0.8037 0.7339 0.0000
vt 0.7999 0.7403 0.0000
vt 0.7951 0.7459 0.0000
vt 0.7895 0.7506 0.0000
vt 0.7831 0.7543 0.0000
vt 0.7762 0.7568 0.0000
vt 0.7687 0.7582 0.0000
vt 0.7648 0.7153 0.0000
vt 0.1727 0.4715 0.0000
vt 0.1727 0.5000 0.0000
vt 0.1727 0.4430 0.0000
vt 0.1727 0.4152 0.0000
vt 0.1727 0.3880 0.0000
vt 0.1727 0.3609 0.0000
vt 0.1727 0.3340 0.0000
vt 0.1727 0.3070 0.0000
vt 0.1727 0.2797 0.0000
vt 0.1727 0.2520 0.0000
vt 0.1727 0.2234 0.0000
vt 0.1727 0.1949 0.0000
vt 0.1727 0.1672 0.0000
vt 0.1727 0.1399 0.0000
vt 0.1727 0.1129 0.0000
vt 0.1727 0.0859 0.0000
vt 0.1727 0.0589 0.0000
vt 0.1727 0.0316 0.0000
vt 0.1727 0.0039 0.0000
vt 0.1727 0.9676 0.0000
vt 0.1727 0.9961 0.0000
vt 0.1727 0.9391 0.0000
vt 0.1727 0.9113 0.0000
vt 0.1727 0.8841 0.0000
vt 0.1727 0.8570 0.0000
vt 0.1727 0.8301 0.0000
vt 0.1727 0.8030 0.0000
vt 0.1727 0.7758 0.0000
vt 0.1727 0.7480 0.0000
vt 0.1727 0.7195 0.0000
vt 0.1727 0.6910 0.0000
vt 0.1727 0.6633 0.0000
vt 0.1727 0.6360 0.0000
vt 0.1727 0.6090 0.0000
vt 0.1727 0.5820 0.0000
vt 0.1727 0.5550 0.0000
vt 0.1727 0.5277 0.0000
vt 0.1775 0.4715 0.0000
vt 0.1775 0.5000 0.0000
vt 0.1775 0.4430 0.0000
vt 0.1775 0.4152 0.0000
vt 0.1775 0.3880 0.0000
vt 0.1775 0.3609 0.0000
vt 0.1775 0.3340 0.0000
vt 0.1775 0.3070 0.0000
vt 0.1775 0.2797 0.0000
vt 0.1775 0.2520 0.0000
vt 0.1775 0.2234 0.0000
vt 0.1775 0.1949 0.0000
vt 0.1775 0.1672 0.0000
vt 0.1775 0.1399 0.0000
vt 0.1775 0.1129 0.0000
vt 0.1775 0.0859 0.0000
vt 0.1775 0.0589 0.0000
vt 0.1775 0.0316 0.0000
vt 0.1775 0.0039 0.0000
vt 0.1775 0.9676 0.0000
vt 0.1775 0.9961 0.0000
vt 0.1775 0.9391 0.0000
vt 0.1775 0.9113 0.0000
vt 0.1775 0.8841 0.0000
vt 0.1775 0.8570 0.0000
vt 0.1775 0.8301 0.0000
vt 0.1775 0.8030 0.0000
vt 0.1775 0.7758 0.0000
vt 0.1775 0.7480 0.0000
vt 0.1775 0.7195 0.0000
vt 0.1775 0.6910 0.0000
vt 0.1775 0.6633 0.0000
vt 0.1775 0.6360 0.0000
vt 0.1775 0.6090 0.0000
vt 0.1775 0.5820 0.0000
vt 0.1775 0.5550 0.0000
vt 0.1775 0.5277 0.0000
vt 0.1855 0.4715 0.0000
vt 0.1855 0.5000 0.0000
vt 0.1855 0.4430 0.0000
vt 0.1855 0.4152 0.0000
vt 0.1855 0.3880 0.0000
vt 0.1855 0.3609 0.0000
vt 0.1855 0.3340 0.0000
vt 0.1855 0.3070 0.0000
vt 0.1855 0.2797 0.0000
vt 0.1855 0.2520 0.0000
vt 0.1855 0.2234 0.0000
vt 0.1855 0.1949 0.0000
vt 0.1855 0.1672 0.0000
vt 0.1855 0.1399 0.0000
vt 0.1855 0.1129 0.0000
vt 0.1855 0.0859 0.0000
vt 0.1855 0.0589 0.0000
vt 0.1855 0.0316 0.0000
vt 0.1855 0.0039 0.0000
vt 0.1855 0.9676 0.0000
vt 0.1855 0.9961 0.0000
vt 0.1855 0.9391 0.0000
vt 0.1855 0.9113 0.0000
vt 0.1855 0.8841 0.0000
vt 0.1855 0.8570 0.0000
vt 0.1855 0.8301 0.0000
vt 0.1855 0.8030 0.0000
vt 0.1855 0.7758 0.0000
vt 0.1855 0.7480 0.0000
vt 0.1855 0.7195 0.0000
vt 0.1855 0.6910 0.0000
vt 0.1855 0.6633 0.0000
vt 0.1855 0.6360 0.0000
vt 0.1855 0.6090 0.0000
vt 0.1855 0.5820 0.0000
vt 0.1855 0.5550 0.0000
vt 0.1855 0.5277 0.0000
vt 0.2237 0.4715 0.0000
vt 0.2237 0.5000 0.0000
vt 0.2237 0.4430 0.0000
vt 0.2237 0.4152 0.0000
vt 0.2237 0.3880 0.0000
vt 0.2237 0.3609 0.0000
vt 0.2237 0.3340 0.0000
vt 0.2237 0.3070 0.0000
vt 0.2237 0.2797 0.0000
vt 0.2237 0.2520 0.0000
vt 0.2237 0.2234 0.0000
vt 0.2237 0.1949 0.0000
vt 0.2237 0.1672 0.0000
vt 0.2237 0.1399 0.0000
vt 0.2237 0.1129 0.0000
vt 0.2237 0.0859 0.0000
vt 0.2237 0.0589 0.0000
vt 0.2237 0.0316 0.0000
vt 0.2237 0.0039 0.0000
vt 0.2237 0.9676 0.0000
vt 0.2237 0.9961 0.0000
vt 0.2237 0.9391 0.0000
vt 0.2237 0.9113 0.0000
vt 0.2237 0.8841 0.0000
vt 0.2237 0.8570 0.0000
vt 0.2237 0.8301 0.0000
vt 0.2237 0.8030 0.0000
vt 0.2237 0.7758 0.0000
vt 0.2237 0.7480 0.0000
vt 0.2237 0.7195 0.0000
vt 0.2237 0.6910 0.0000
vt 0.2237 0.6633 0.0000
vt 0.2237 0.6360 0.0000
vt 0.2237 0.6090 0.0000
vt 0.2237 0.5820 0.0000
vt 0.2237 0.5550 0.0000
vt 0.2237 0.5277 0.0000
vt 0.2283 0.4715 0.0000
vt 0.2283 0.5000 0.0000
vt 0.2283 0.4430 0.0000
vt 0.2283 0.4152 0.0000
vt 0.2283 0.3880 0.0000
vt 0.2283 0.3609 0.0000
vt 0.2283 0.3340 0.0000
vt 0.2283 0.3070 0.0000
vt 0.2283 0.2797 0.0000
vt 0.2283 0.2520 0.0000
vt 0.2283 0.2234 0.0000
vt 0.2283 0.1949 0.0000
vt 0.2283 0.1672 0.0000
vt 0.2283 0.1399 0.0000
vt 0.2283 0.1129 0.0000
vt 0.2283 0.0859 0.0000
vt 0.2283 0.0589 0.0000
vt 0.2283 0.0316 0.0000
vt 0.2283 0.0039 0.0000
vt 0.2283 0.9676 0.0000
vt 0.2283 0.9961 0.0000
vt 0.2283 0.9391 0.0000
vt 0.2283 0.9113 0.0000
vt 0.2283 0.8841 0.0000
vt 0.2283 0.8570 0.0000
vt 0.2283 0.8301 0.0000
vt 0.2283 0.8030 0.0000
vt 0.2283 0.7758 0.0000
vt 0.2283 0.7480 0.0000
vt 0.2283 0.7195 0.0000
vt 0.2283 0.6910 0.0000
vt 0.2283 0.6633 0.0000
vt 0.2283 0.6360 0.0000
vt 0.2283 0.6090 0.0000
vt 0.2283 0.5820 0.0000
vt 0.2283 0.5550 0.0000
vt 0.2283 0.5277 0.0000
vt 0.4840 0.5404 0.0000
vt 0.4852 0.5269 0.0000
vt 0.5313 0.5269 0.0000
vt 0.5325 0.5404 0.0000
vt 0.4362 0.5317 0.0000
vt 0.4398 0.5187 0.0000
vt 0.3920 0.5152 0.0000
vt 0.3978 0.5030 0.0000
vt 0.3520 0.4916 0.0000
vt 0.3598 0.4806 0.0000
vt 0.3169 0.4617 0.0000
vt 0.3265 0.4522 0.0000
vt 0.2874 0.4264 0.0000
vt 0.2985 0.4187 0.0000
vt 0.2644 0.3866 0.0000
vt 0.2766 0.3809 0.0000
vt 0.2483 0.3430 0.0000
vt 0.2613 0.3394 0.0000
vt 0.2399 0.2965 0.0000
vt 0.2534 0.2953 0.0000
vt 0.2399 0.2479 0.0000
vt 0.2534 0.2492 0.0000
vt 0.2486 0.2002 0.0000
vt 0.2616 0.2038 0.0000
vt 0.2652 0.1559 0.0000
vt 0.2773 0.1618 0.0000
vt 0.2888 0.1159 0.0000
vt 0.2998 0.1238 0.0000
vt 0.3186 0.0809 0.0000
vt 0.3281 0.0904 0.0000
vt 0.3539 0.0514 0.0000
vt 0.3616 0.0625 0.0000
vt 0.3937 0.0283 0.0000
vt 0.3995 0.0406 0.0000
vt 0.4373 0.0123 0.0000
vt 0.4409 0.0253 0.0000
vt 0.4838 0.0039 0.0000
vt 0.4850 0.0173 0.0000
vt 0.5324 0.0039 0.0000
vt 0.5311 0.0173 0.0000
vt 0.5801 0.0126 0.0000
vt 0.5765 0.0256 0.0000
vt 0.6244 0.0291 0.0000
vt 0.6185 0.0413 0.0000
vt 0.6644 0.0527 0.0000
vt 0.6566 0.0637 0.0000
vt 0.6995 0.0826 0.0000
vt 0.6899 0.0921 0.0000
vt 0.7289 0.1179 0.0000
vt 0.7178 0.1256 0.0000
vt 0.7520 0.1577 0.0000
vt 0.7398 0.1634 0.0000
vt 0.7680 0.2013 0.0000
vt 0.7550 0.2048 0.0000
vt 0.7764 0.2478 0.0000
vt 0.7630 0.2490 0.0000
vt 0.7764 0.2963 0.0000
vt 0.7630 0.2951 0.0000
vt 0.7677 0.3441 0.0000
vt 0.7547 0.3405 0.0000
vt 0.7512 0.3884 0.0000
vt 0.7390 0.3825 0.0000
vt 0.7276 0.4284 0.0000
vt 0.7166 0.4205 0.0000
vt 0.6977 0.4634 0.0000
vt 0.6882 0.4539 0.0000
vt 0.6625 0.4929 0.0000
vt 0.6547 0.4818 0.0000
vt 0.6226 0.5160 0.0000
vt 0.6169 0.5037 0.0000
vt 0.5790 0.5320 0.0000
vt 0.5755 0.5190 0.0000
vt 0.4865 0.5124 0.0000
vt 0.5300 0.5124 0.0000
vt 0.4437 0.5046 0.0000
vt 0.4041 0.4898 0.0000
vt 0.3682 0.4686 0.0000
vt 0.3368 0.4419 0.0000
vt 0.3105 0.4103 0.0000
vt 0.2898 0.3746 0.0000
vt 0.2754 0.3356 0.0000
vt 0.2679 0.2940 0.0000
vt 0.2679 0.2505 0.0000
vt 0.2757 0.2077 0.0000
vt 0.2906 0.1681 0.0000
vt 0.3117 0.1322 0.0000
vt 0.3384 0.1008 0.0000
vt 0.3700 0.0745 0.0000
vt 0.4057 0.0538 0.0000
vt 0.4447 0.0394 0.0000
vt 0.4864 0.0319 0.0000
vt 0.5299 0.0319 0.0000
vt 0.5727 0.0397 0.0000
vt 0.6123 0.0545 0.0000
vt 0.6481 0.0757 0.0000
vt 0.6795 0.1024 0.0000
vt 0.7059 0.1340 0.0000
vt 0.7265 0.1697 0.0000
vt 0.7409 0.2087 0.0000
vt 0.7484 0.2503 0.0000
vt 0.7484 0.2938 0.0000
vt 0.7406 0.3366 0.0000
vt 0.7258 0.3762 0.0000
vt 0.7046 0.4121 0.0000
vt 0.6779 0.4435 0.0000
vt 0.6463 0.4698 0.0000
vt 0.6106 0.4905 0.0000
vt 0.5716 0.5049 0.0000
vt 0.4881 0.4947 0.0000
vt 0.5284 0.4947 0.0000
vt 0.4484 0.4875 0.0000
vt 0.4117 0.4738 0.0000
vt 0.3785 0.4542 0.0000
vt 0.3494 0.4294 0.0000
vt 0.3250 0.4002 0.0000
vt 0.3058 0.3671 0.0000
vt 0.2925 0.3309 0.0000
vt 0.2856 0.2923 0.0000
vt 0.2856 0.2520 0.0000
vt 0.2928 0.2124 0.0000
vt 0.3065 0.1757 0.0000
vt 0.3261 0.1425 0.0000
vt 0.3509 0.1134 0.0000
vt 0.3801 0.0890 0.0000
vt 0.4132 0.0698 0.0000
vt 0.4494 0.0565 0.0000
vt 0.4880 0.0496 0.0000
vt 0.5283 0.0496 0.0000
vt 0.5679 0.0568 0.0000
vt 0.6046 0.0705 0.0000
vt 0.6378 0.0901 0.0000
vt 0.6669 0.1149 0.0000
vt 0.6913 0.1441 0.0000
vt 0.7105 0.1772 0.0000
vt 0.7238 0.2134 0.0000
vt 0.7307 0.2520 0.0000
vt 0.7308 0.2922 0.0000
vt 0.7235 0.3319 0.0000
vt 0.7098 0.3686 0.0000
vt 0.6902 0.4018 0.0000
vt 0.6654 0.4309 0.0000
vt 0.6362 0.4553 0.0000
vt 0.6031 0.4745 0.0000
vt 0.5669 0.4878 0.0000
vt 0.4898 0.4753 0.0000
vt 0.5266 0.4753 0.0000
vt 0.4536 0.4687 0.0000
vt 0.4201 0.4562 0.0000
vt 0.3898 0.4383 0.0000
vt 0.3632 0.4157 0.0000
vt 0.3409 0.3890 0.0000
vt 0.3235 0.3588 0.0000
vt 0.3113 0.3258 0.0000
vt 0.3050 0.2905 0.0000
vt 0.3050 0.2538 0.0000
vt 0.3116 0.2176 0.0000
vt 0.3241 0.1841 0.0000
vt 0.3420 0.1538 0.0000
vt 0.3646 0.1272 0.0000
vt 0.3913 0.1049 0.0000
vt 0.4215 0.0875 0.0000
vt 0.4545 0.0753 0.0000
vt 0.4898 0.0690 0.0000
vt 0.5266 0.0690 0.0000
vt 0.5627 0.0756 0.0000
vt 0.5963 0.0881 0.0000
vt 0.6266 0.1060 0.0000
vt 0.6531 0.1286 0.0000
vt 0.6754 0.1553 0.0000
vt 0.6929 0.1855 0.0000
vt 0.7050 0.2185 0.0000
vt 0.7113 0.2537 0.0000
vt 0.7113 0.2905 0.0000
vt 0.7048 0.3267 0.0000
vt 0.6922 0.3602 0.0000
vt 0.6743 0.3905 0.0000
vt 0.6517 0.4171 0.0000
vt 0.6250 0.4394 0.0000
vt 0.5948 0.4568 0.0000
vt 0.5618 0.4690 0.0000
vt 0.4939 0.4276 0.0000
vt 0.5221 0.4277 0.0000
vt 0.4662 0.4225 0.0000
vt 0.4406 0.4129 0.0000
vt 0.4174 0.3992 0.0000
vt 0.3971 0.3818 0.0000
vt 0.3801 0.3614 0.0000
vt 0.3667 0.3383 0.0000
vt 0.3575 0.3130 0.0000
vt 0.3526 0.2860 0.0000
vt 0.3527 0.2579 0.0000
vt 0.3578 0.2302 0.0000
vt 0.3674 0.2046 0.0000
vt 0.3811 0.1814 0.0000
vt 0.3985 0.1611 0.0000
vt 0.4189 0.1441 0.0000
vt 0.4420 0.1307 0.0000
vt 0.4673 0.1214 0.0000
vt 0.4943 0.1166 0.0000
vt 0.5224 0.1167 0.0000
vt 0.5501 0.1218 0.0000
vt 0.5757 0.1314 0.0000
vt 0.5989 0.1451 0.0000
vt 0.6192 0.1624 0.0000
vt 0.6362 0.1829 0.0000
vt 0.6496 0.2060 0.0000
vt 0.6589 0.2313 0.0000
vt 0.6637 0.2582 0.0000
vt 0.6636 0.2864 0.0000
vt 0.6585 0.3141 0.0000
vt 0.6489 0.3397 0.0000
vt 0.6352 0.3629 0.0000
vt 0.6179 0.3832 0.0000
vt 0.5974 0.4002 0.0000
vt 0.5743 0.4136 0.0000
vt 0.5490 0.4228 0.0000
vt 0.4952 0.4139 0.0000
vt 0.5208 0.4139 0.0000
vt 0.4699 0.4092 0.0000
vt 0.4466 0.4004 0.0000
vt 0.4254 0.3879 0.0000
vt 0.4069 0.3721 0.0000
vt 0.3914 0.3535 0.0000
vt 0.3793 0.3324 0.0000
vt 0.3708 0.3094 0.0000
vt 0.3664 0.2848 0.0000
vt 0.3665 0.2591 0.0000
vt 0.3711 0.2339 0.0000
vt 0.3799 0.2105 0.0000
vt 0.3924 0.1894 0.0000
vt 0.4082 0.1709 0.0000
vt 0.4268 0.1554 0.0000
vt 0.4479 0.1432 0.0000
vt 0.4709 0.1348 0.0000
vt 0.4955 0.1304 0.0000
vt 0.5212 0.1304 0.0000
vt 0.5464 0.1351 0.0000
vt 0.5698 0.1439 0.0000
vt 0.5909 0.1564 0.0000
vt 0.6094 0.1722 0.0000
vt 0.6249 0.1908 0.0000
vt 0.6371 0.2119 0.0000
vt 0.6455 0.2349 0.0000
vt 0.6499 0.2595 0.0000
vt 0.6499 0.2852 0.0000
vt 0.6452 0.3104 0.0000
vt 0.6365 0.3338 0.0000
vt 0.6239 0.3549 0.0000
vt 0.6082 0.3734 0.0000
vt 0.5895 0.3889 0.0000
vt 0.5684 0.4011 0.0000
vt 0.5454 0.4095 0.0000
vt 0.5082 0.2721 0.0000
# 840 texture coords

o LowTire
g LowTire
usemtl Tire
s 1
f 3962/4103/3679 3963/4104/3680 3964/4105/3681 3965/4106/3682 
f 3966/4107/3683 3967/4108/3684 3963/4104/3680 3962/4103/3679 
f 3968/4109/3685 3969/4110/3686 3967/4108/3684 3966/4107/3683 
f 3970/4111/3687 3971/4112/3688 3969/4110/3686 3968/4109/3685 
f 3972/4113/3689 3973/4114/3690 3971/4112/3688 3970/4111/3687 
f 3974/4115/3691 3975/4116/3692 3973/4114/3690 3972/4113/3689 
f 3976/4117/3693 3977/4118/3694 3975/4116/3692 3974/4115/3691 
f 3978/4119/3695 3979/4120/3696 3977/4118/3694 3976/4117/3693 
f 3980/4121/3697 3981/4122/3698 3979/4120/3696 3978/4119/3695 
f 3982/4123/3699 3983/4124/3700 3981/4122/3698 3980/4121/3697 
f 3984/4125/3701 3985/4126/3702 3983/4124/3700 3982/4123/3699 
f 3986/4127/3703 3987/4128/3704 3985/4126/3702 3984/4125/3701 
f 3988/4129/3705 3989/4130/3706 3987/4128/3704 3986/4127/3703 
f 3990/4131/3707 3991/4132/3708 3989/4130/3706 3988/4129/3705 
f 3992/4133/3709 3993/4134/3710 3991/4132/3708 3990/4131/3707 
f 3994/4135/3711 3995/4136/3712 3993/4134/3710 3992/4133/3709 
f 3996/4137/3713 3997/4138/3714 3995/4136/3712 3994/4135/3711 
f 3998/4139/3715 3999/4140/3716 3997/4138/3714 3996/4137/3713 
f 4000/4141/3717 4001/4142/3718 3999/4140/3716 3998/4139/3715 
f 4002/4143/3719 4003/4144/3720 4001/4145/3718 4000/4146/3717 
f 4004/4147/3721 4005/4148/3722 4003/4144/3720 4002/4143/3719 
f 4006/4149/3723 4007/4150/3724 4005/4148/3722 4004/4147/3721 
f 4008/4151/3725 4009/4152/3726 4007/4150/3724 4006/4149/3723 
f 4010/4153/3727 4011/4154/3728 4009/4152/3726 4008/4151/3725 
f 4012/4155/3729 4013/4156/3730 4011/4154/3728 4010/4153/3727 
f 4014/4157/3731 4015/4158/3732 4013/4156/3730 4012/4155/3729 
f 4016/4159/3733 4017/4160/3734 4015/4158/3732 4014/4157/3731 
f 4018/4161/3735 4019/4162/3736 4017/4160/3734 4016/4159/3733 
f 4020/4163/3737 4021/4164/3738 4019/4162/3736 4018/4161/3735 
f 4022/4165/3739 4023/4166/3740 4021/4164/3738 4020/4163/3737 
f 4024/4167/3741 4025/4168/3742 4023/4166/3740 4022/4165/3739 
f 4026/4169/3743 4027/4170/3744 4025/4168/3742 4024/4167/3741 
f 4028/4171/3745 4029/4172/3746 4027/4170/3744 4026/4169/3743 
f 4030/4173/3747 4031/4174/3748 4029/4172/3746 4028/4171/3745 
f 4032/4175/3749 4033/4176/3750 4031/4174/3748 4030/4173/3747 
f 3965/4106/3682 3964/4105/3681 4033/4176/3750 4032/4175/3749 
s 2
f 3963/4104/3680 4034/4177/3751 4035/4178/3752 3964/4105/3681 
f 3967/4108/3684 4036/4179/3753 4034/4177/3751 3963/4104/3680 
f 3969/4110/3686 4037/4180/3754 4036/4179/3753 3967/4108/3684 
f 3971/4112/3688 4038/4181/3755 4037/4180/3754 3969/4110/3686 
f 3973/4114/3690 4039/4182/3756 4038/4181/3755 3971/4112/3688 
f 3975/4116/3692 4040/4183/3757 4039/4182/3756 3973/4114/3690 
f 3977/4118/3694 4041/4184/3758 4040/4183/3757 3975/4116/3692 
f 3979/4120/3696 4042/4185/3759 4041/4184/3758 3977/4118/3694 
f 3981/4122/3698 4043/4186/3760 4042/4185/3759 3979/4120/3696 
f 3983/4124/3700 4044/4187/3761 4043/4186/3760 3981/4122/3698 
f 3985/4126/3702 4045/4188/3762 4044/4187/3761 3983/4124/3700 
f 3987/4128/3704 4046/4189/3763 4045/4188/3762 3985/4126/3702 
f 3989/4130/3706 4047/4190/3764 4046/4189/3763 3987/4128/3704 
f 3991/4132/3708 4048/4191/3765 4047/4190/3764 3989/4130/3706 
f 3993/4134/3710 4049/4192/3766 4048/4191/3765 3991/4132/3708 
f 3995/4136/3712 4050/4193/3767 4049/4192/3766 3993/4134/3710 
f 3997/4138/3714 4051/4194/3768 4050/4193/3767 3995/4136/3712 
f 3999/4140/3716 4052/4195/3769 4051/4194/3768 3997/4138/3714 
f 4001/4142/3718 4053/4196/3770 4052/4195/3769 3999/4140/3716 
f 4003/4144/3720 4054/4197/3771 4053/4198/3770 4001/4145/3718 
f 4005/4148/3722 4055/4199/3772 4054/4197/3771 4003/4144/3720 
f 4007/4150/3724 4056/4200/3773 4055/4199/3772 4005/4148/3722 
f 4009/4152/3726 4057/4201/3774 4056/4200/3773 4007/4150/3724 
f 4011/4154/3728 4058/4202/3775 4057/4201/3774 4009/4152/3726 
f 4013/4156/3730 4059/4203/3776 4058/4202/3775 4011/4154/3728 
f 4015/4158/3732 4060/4204/3777 4059/4203/3776 4013/4156/3730 
f 4017/4160/3734 4061/4205/3778 4060/4204/3777 4015/4158/3732 
f 4019/4162/3736 4062/4206/3779 4061/4205/3778 4017/4160/3734 
f 4021/4164/3738 4063/4207/3780 4062/4206/3779 4019/4162/3736 
f 4023/4166/3740 4064/4208/3781 4063/4207/3780 4021/4164/3738 
f 4025/4168/3742 4065/4209/3782 4064/4208/3781 4023/4166/3740 
f 4027/4170/3744 4066/4210/3783 4065/4209/3782 4025/4168/3742 
f 4029/4172/3746 4067/4211/3784 4066/4210/3783 4027/4170/3744 
f 4031/4174/3748 4068/4212/3785 4067/4211/3784 4029/4172/3746 
f 4033/4176/3750 4069/4213/3786 4068/4212/3785 4031/4174/3748 
f 3964/4105/3681 4035/4178/3752 4069/4213/3786 4033/4176/3750 
s 1
f 4034/4177/3751 4070/4214/3787 4071/4215/3788 4035/4178/3752 
f 4036/4179/3753 4072/4216/3789 4070/4214/3787 4034/4177/3751 
f 4037/4180/3754 4073/4217/3790 4072/4216/3789 4036/4179/3753 
f 4038/4181/3755 4074/4218/3791 4073/4217/3790 4037/4180/3754 
f 4039/4182/3756 4075/4219/3792 4074/4218/3791 4038/4181/3755 
f 4040/4183/3757 4076/4220/3793 4075/4219/3792 4039/4182/3756 
f 4041/4184/3758 4077/4221/3794 4076/4220/3793 4040/4183/3757 
f 4042/4185/3759 4078/4222/3795 4077/4221/3794 4041/4184/3758 
f 4043/4186/3760 4079/4223/3796 4078/4222/3795 4042/4185/3759 
f 4044/4187/3761 4080/4224/3797 4079/4223/3796 4043/4186/3760 
f 4045/4188/3762 4081/4225/3798 4080/4224/3797 4044/4187/3761 
f 4046/4189/3763 4082/4226/3799 4081/4225/3798 4045/4188/3762 
f 4047/4190/3764 4083/4227/3800 4082/4226/3799 4046/4189/3763 
f 4048/4191/3765 4084/4228/3801 4083/4227/3800 4047/4190/3764 
f 4049/4192/3766 4085/4229/3802 4084/4228/3801 4048/4191/3765 
f 4050/4193/3767 4086/4230/3803 4085/4229/3802 4049/4192/3766 
f 4051/4194/3768 4087/4231/3804 4086/4230/3803 4050/4193/3767 
f 4052/4195/3769 4088/4232/3805 4087/4231/3804 4051/4194/3768 
f 4053/4196/3770 4089/4233/3806 4088/4232/3805 4052/4195/3769 
f 4054/4197/3771 4090/4234/3807 4089/4235/3806 4053/4198/3770 
f 4055/4199/3772 4091/4236/3808 4090/4234/3807 4054/4197/3771 
f 4056/4200/3773 4092/4237/3809 4091/4236/3808 4055/4199/3772 
f 4057/4201/3774 4093/4238/3810 4092/4237/3809 4056/4200/3773 
f 4058/4202/3775 4094/4239/3811 4093/4238/3810 4057/4201/3774 
f 4059/4203/3776 4095/4240/3812 4094/4239/3811 4058/4202/3775 
f 4060/4204/3777 4096/4241/3813 4095/4240/3812 4059/4203/3776 
f 4061/4205/3778 4097/4242/3814 4096/4241/3813 4060/4204/3777 
f 4062/4206/3779 4098/4243/3815 4097/4242/3814 4061/4205/3778 
f 4063/4207/3780 4099/4244/3816 4098/4243/3815 4062/4206/3779 
f 4064/4208/3781 4100/4245/3817 4099/4244/3816 4063/4207/3780 
f 4065/4209/3782 4101/4246/3818 4100/4245/3817 4064/4208/3781 
f 4066/4210/3783 4102/4247/3819 4101/4246/3818 4065/4209/3782 
f 4067/4211/3784 4103/4248/3820 4102/4247/3819 4066/4210/3783 
f 4068/4212/3785 4104/4249/3821 4103/4248/3820 4067/4211/3784 
f 4069/4213/3786 4105/4250/3822 4104/4249/3821 4068/4212/3785 
f 4035/4178/3752 4071/4215/3788 4105/4250/3822 4069/4213/3786 
f 4070/4214/3787 4106/4251/3823 4107/4252/3824 4071/4215/3788 
f 4072/4216/3789 4108/4253/3825 4106/4251/3823 4070/4214/3787 
f 4073/4217/3790 4109/4254/3826 4108/4253/3825 4072/4216/3789 
f 4074/4218/3791 4110/4255/3827 4109/4254/3826 4073/4217/3790 
f 4075/4219/3792 4111/4256/3828 4110/4255/3827 4074/4218/3791 
f 4076/4220/3793 4112/4257/3829 4111/4256/3828 4075/4219/3792 
f 4077/4221/3794 4113/4258/3830 4112/4257/3829 4076/4220/3793 
f 4078/4222/3795 4114/4259/3831 4113/4258/3830 4077/4221/3794 
f 4079/4223/3796 4115/4260/3832 4114/4259/3831 4078/4222/3795 
f 4080/4224/3797 4116/4261/3833 4115/4260/3832 4079/4223/3796 
f 4081/4225/3798 4117/4262/3834 4116/4261/3833 4080/4224/3797 
f 4082/4226/3799 4118/4263/3835 4117/4262/3834 4081/4225/3798 
f 4083/4227/3800 4119/4264/3836 4118/4263/3835 4082/4226/3799 
f 4084/4228/3801 4120/4265/3837 4119/4264/3836 4083/4227/3800 
f 4085/4229/3802 4121/4266/3838 4120/4265/3837 4084/4228/3801 
f 4086/4230/3803 4122/4267/3839 4121/4266/3838 4085/4229/3802 
f 4087/4231/3804 4123/4268/3840 4122/4267/3839 4086/4230/3803 
f 4088/4232/3805 4124/4269/3841 4123/4268/3840 4087/4231/3804 
f 4089/4233/3806 4125/4270/3842 4124/4269/3841 4088/4232/3805 
f 4090/4234/3807 4126/4271/3843 4125/4272/3842 4089/4235/3806 
f 4091/4236/3808 4127/4273/3844 4126/4271/3843 4090/4234/3807 
f 4092/4237/3809 4128/4274/3845 4127/4273/3844 4091/4236/3808 
f 4093/4238/3810 4129/4275/3846 4128/4274/3845 4092/4237/3809 
f 4094/4239/3811 4130/4276/3847 4129/4275/3846 4093/4238/3810 
f 4095/4240/3812 4131/4277/3848 4130/4276/3847 4094/4239/3811 
f 4096/4241/3813 4132/4278/3849 4131/4277/3848 4095/4240/3812 
f 4097/4242/3814 4133/4279/3850 4132/4278/3849 4096/4241/3813 
f 4098/4243/3815 4134/4280/3851 4133/4279/3850 4097/4242/3814 
f 4099/4244/3816 4135/4281/3852 4134/4280/3851 4098/4243/3815 
f 4100/4245/3817 4136/4282/3853 4135/4281/3852 4099/4244/3816 
f 4101/4246/3818 4137/4283/3854 4136/4282/3853 4100/4245/3817 
f 4102/4247/3819 4138/4284/3855 4137/4283/3854 4101/4246/3818 
f 4103/4248/3820 4139/4285/3856 4138/4284/3855 4102/4247/3819 
f 4104/4249/3821 4140/4286/3857 4139/4285/3856 4103/4248/3820 
f 4105/4250/3822 4141/4287/3858 4140/4286/3857 4104/4249/3821 
f 4071/4215/3788 4107/4252/3824 4141/4287/3858 4105/4250/3822 
s 2
f 4106/4288/3823 4142/4289/3859 4143/4290/3860 4107/4291/3824 
f 4108/4292/3825 4144/4293/3861 4142/4289/3859 4106/4288/3823 
f 4109/4294/3826 4145/4295/3862 4144/4293/3861 4108/4292/3825 
f 4110/4296/3827 4146/4297/3863 4145/4295/3862 4109/4294/3826 
f 4111/4298/3828 4147/4299/3864 4146/4297/3863 4110/4296/3827 
f 4112/4300/3829 4148/4301/3865 4147/4299/3864 4111/4298/3828 
f 4113/4302/3830 4149/4303/3866 4148/4301/3865 4112/4300/3829 
f 4114/4304/3831 4150/4305/3867 4149/4303/3866 4113/4302/3830 
f 4115/4306/3832 4151/4307/3868 4150/4305/3867 4114/4304/3831 
f 4116/4308/3833 4152/4309/3869 4151/4307/3868 4115/4306/3832 
f 4117/4310/3834 4153/4311/3870 4152/4309/3869 4116/4308/3833 
f 4118/4312/3835 4154/4313/3871 4153/4311/3870 4117/4310/3834 
f 4119/4314/3836 4155/4315/3872 4154/4313/3871 4118/4312/3835 
f 4120/4316/3837 4156/4317/3873 4155/4315/3872 4119/4314/3836 
f 4121/4318/3838 4157/4319/3874 4156/4317/3873 4120/4316/3837 
f 4122/4320/3839 4158/4321/3875 4157/4319/3874 4121/4318/3838 
f 4123/4322/3840 4159/4323/3876 4158/4321/3875 4122/4320/3839 
f 4124/4324/3841 4160/4325/3877 4159/4323/3876 4123/4322/3840 
f 4125/4326/3842 4161/4327/3878 4160/4325/3877 4124/4324/3841 
f 4126/4328/3843 4162/4329/3879 4161/4327/3878 4125/4326/3842 
f 4127/4330/3844 4163/4331/3880 4162/4329/3879 4126/4328/3843 
f 4128/4332/3845 4164/4333/3881 4163/4331/3880 4127/4330/3844 
f 4129/4334/3846 4165/4335/3882 4164/4333/3881 4128/4332/3845 
f 4130/4336/3847 4166/4337/3883 4165/4335/3882 4129/4334/3846 
f 4131/4338/3848 4167/4339/3884 4166/4337/3883 4130/4336/3847 
f 4132/4340/3849 4168/4341/3885 4167/4339/3884 4131/4338/3848 
f 4133/4342/3850 4169/4343/3886 4168/4341/3885 4132/4340/3849 
f 4134/4344/3851 4170/4345/3887 4169/4343/3886 4133/4342/3850 
f 4135/4346/3852 4171/4347/3888 4170/4345/3887 4134/4344/3851 
f 4136/4348/3853 4172/4349/3889 4171/4347/3888 4135/4346/3852 
f 4137/4350/3854 4173/4351/3890 4172/4349/3889 4136/4348/3853 
f 4138/4352/3855 4174/4353/3891 4173/4351/3890 4137/4350/3854 
f 4139/4354/3856 4175/4355/3892 4174/4353/3891 4138/4352/3855 
f 4140/4356/3857 4176/4357/3893 4175/4355/3892 4139/4354/3856 
f 4141/4358/3858 4177/4359/3894 4176/4357/3893 4140/4356/3857 
f 4107/4291/3824 4143/4290/3860 4177/4359/3894 4141/4358/3858 
s 1
f 4142/4289/3859 4178/4360/3895 4179/4361/3896 4143/4290/3860 
f 4144/4293/3861 4180/4362/3897 4178/4360/3895 4142/4289/3859 
f 4145/4295/3862 4181/4363/3898 4180/4362/3897 4144/4293/3861 
f 4146/4297/3863 4182/4364/3899 4181/4363/3898 4145/4295/3862 
f 4147/4299/3864 4183/4365/3900 4182/4364/3899 4146/4297/3863 
f 4148/4301/3865 4184/4366/3901 4183/4365/3900 4147/4299/3864 
f 4149/4303/3866 4185/4367/3902 4184/4366/3901 4148/4301/3865 
f 4150/4305/3867 4186/4368/3903 4185/4367/3902 4149/4303/3866 
f 4151/4307/3868 4187/4369/3904 4186/4368/3903 4150/4305/3867 
f 4152/4309/3869 4188/4370/3905 4187/4369/3904 4151/4307/3868 
f 4153/4311/3870 4189/4371/3906 4188/4370/3905 4152/4309/3869 
f 4154/4313/3871 4190/4372/3907 4189/4371/3906 4153/4311/3870 
f 4155/4315/3872 4191/4373/3908 4190/4372/3907 4154/4313/3871 
f 4156/4317/3873 4192/4374/3909 4191/4373/3908 4155/4315/3872 
f 4157/4319/3874 4193/4375/3910 4192/4374/3909 4156/4317/3873 
f 4158/4321/3875 4194/4376/3911 4193/4375/3910 4157/4319/3874 
f 4159/4323/3876 4195/4377/3912 4194/4376/3911 4158/4321/3875 
f 4160/4325/3877 4196/4378/3913 4195/4377/3912 4159/4323/3876 
f 4161/4327/3878 4197/4379/3914 4196/4378/3913 4160/4325/3877 
f 4162/4329/3879 4198/4380/3915 4197/4379/3914 4161/4327/3878 
f 4163/4331/3880 4199/4381/3916 4198/4380/3915 4162/4329/3879 
f 4164/4333/3881 4200/4382/3917 4199/4381/3916 4163/4331/3880 
f 4165/4335/3882 4201/4383/3918 4200/4382/3917 4164/4333/3881 
f 4166/4337/3883 4202/4384/3919 4201/4383/3918 4165/4335/3882 
f 4167/4339/3884 4203/4385/3920 4202/4384/3919 4166/4337/3883 
f 4168/4341/3885 4204/4386/3921 4203/4385/3920 4167/4339/3884 
f 4169/4343/3886 4205/4387/3922 4204/4386/3921 4168/4341/3885 
f 4170/4345/3887 4206/4388/3923 4205/4387/3922 4169/4343/3886 
f 4171/4347/3888 4207/4389/3924 4206/4388/3923 4170/4345/3887 
f 4172/4349/3889 4208/4390/3925 4207/4389/3924 4171/4347/3888 
f 4173/4351/3890 4209/4391/3926 4208/4390/3925 4172/4349/3889 
f 4174/4353/3891 4210/4392/3927 4209/4391/3926 4173/4351/3890 
f 4175/4355/3892 4211/4393/3928 4210/4392/3927 4174/4353/3891 
f 4176/4357/3893 4212/4394/3929 4211/4393/3928 4175/4355/3892 
f 4177/4359/3894 4213/4395/3930 4212/4394/3929 4176/4357/3893 
f 4143/4290/3860 4179/4361/3896 4213/4395/3930 4177/4359/3894 
s 2
f 4178/4360/3895 4214/4396/3931 4215/4397/3932 4179/4361/3896 
f 4180/4362/3897 4216/4398/3933 4214/4396/3931 4178/4360/3895 
f 4181/4363/3898 4217/4399/3934 4216/4398/3933 4180/4362/3897 
f 4182/4364/3899 4218/4400/3935 4217/4399/3934 4181/4363/3898 
f 4183/4365/3900 4219/4401/3936 4218/4400/3935 4182/4364/3899 
f 4184/4366/3901 4220/4402/3937 4219/4401/3936 4183/4365/3900 
f 4185/4367/3902 4221/4403/3938 4220/4402/3937 4184/4366/3901 
f 4186/4368/3903 4222/4404/3939 4221/4403/3938 4185/4367/3902 
f 4187/4369/3904 4223/4405/3940 4222/4404/3939 4186/4368/3903 
f 4188/4370/3905 4224/4406/3941 4223/4405/3940 4187/4369/3904 
f 4189/4371/3906 4225/4407/3942 4224/4406/3941 4188/4370/3905 
f 4190/4372/3907 4226/4408/3943 4225/4407/3942 4189/4371/3906 
f 4191/4373/3908 4227/4409/3944 4226/4408/3943 4190/4372/3907 
f 4192/4374/3909 4228/4410/3945 4227/4409/3944 4191/4373/3908 
f 4193/4375/3910 4229/4411/3946 4228/4410/3945 4192/4374/3909 
f 4194/4376/3911 4230/4412/3947 4229/4411/3946 4193/4375/3910 
f 4195/4377/3912 4231/4413/3948 4230/4412/3947 4194/4376/3911 
f 4196/4378/3913 4232/4414/3949 4231/4413/3948 4195/4377/3912 
f 4197/4379/3914 4233/4415/3950 4232/4414/3949 4196/4378/3913 
f 4198/4380/3915 4234/4416/3951 4233/4415/3950 4197/4379/3914 
f 4199/4381/3916 4235/4417/3952 4234/4416/3951 4198/4380/3915 
f 4200/4382/3917 4236/4418/3953 4235/4417/3952 4199/4381/3916 
f 4201/4383/3918 4237/4419/3954 4236/4418/3953 4200/4382/3917 
f 4202/4384/3919 4238/4420/3955 4237/4419/3954 4201/4383/3918 
f 4203/4385/3920 4239/4421/3956 4238/4420/3955 4202/4384/3919 
f 4204/4386/3921 4240/4422/3957 4239/4421/3956 4203/4385/3920 
f 4205/4387/3922 4241/4423/3958 4240/4422/3957 4204/4386/3921 
f 4206/4388/3923 4242/4424/3959 4241/4423/3958 4205/4387/3922 
f 4207/4389/3924 4243/4425/3960 4242/4424/3959 4206/4388/3923 
f 4208/4390/3925 4244/4426/3961 4243/4425/3960 4207/4389/3924 
f 4209/4391/3926 4245/4427/3962 4244/4426/3961 4208/4390/3925 
f 4210/4392/3927 4246/4428/3963 4245/4427/3962 4209/4391/3926 
f 4211/4393/3928 4247/4429/3964 4246/4428/3963 4210/4392/3927 
f 4212/4394/3929 4248/4430/3965 4247/4429/3964 4211/4393/3928 
f 4213/4395/3930 4249/4431/3966 4248/4430/3965 4212/4394/3929 
f 4179/4361/3896 4215/4397/3932 4249/4431/3966 4213/4395/3930 
s 1
f 4214/4396/3931 4250/4432/3967 4251/4433/3968 4215/4397/3932 
f 4216/4398/3933 4252/4434/3969 4250/4432/3967 4214/4396/3931 
f 4217/4399/3934 4253/4435/3970 4252/4434/3969 4216/4398/3933 
f 4218/4400/3935 4254/4436/3971 4253/4435/3970 4217/4399/3934 
f 4219/4401/3936 4255/4437/3972 4254/4436/3971 4218/4400/3935 
f 4220/4402/3937 4256/4438/3973 4255/4437/3972 4219/4401/3936 
f 4221/4403/3938 4257/4439/3974 4256/4438/3973 4220/4402/3937 
f 4222/4404/3939 4258/4440/3975 4257/4439/3974 4221/4403/3938 
f 4223/4405/3940 4259/4441/3976 4258/4440/3975 4222/4404/3939 
f 4224/4406/3941 4260/4442/3977 4259/4441/3976 4223/4405/3940 
f 4225/4407/3942 4261/4443/3978 4260/4442/3977 4224/4406/3941 
f 4226/4408/3943 4262/4444/3979 4261/4443/3978 4225/4407/3942 
f 4227/4409/3944 4263/4445/3980 4262/4444/3979 4226/4408/3943 
f 4228/4410/3945 4264/4446/3981 4263/4445/3980 4227/4409/3944 
f 4229/4411/3946 4265/4447/3982 4264/4446/3981 4228/4410/3945 
f 4230/4412/3947 4266/4448/3983 4265/4447/3982 4229/4411/3946 
f 4231/4413/3948 4267/4449/3984 4266/4448/3983 4230/4412/3947 
f 4232/4414/3949 4268/4450/3985 4267/4449/3984 4231/4413/3948 
f 4233/4415/3950 4269/4451/3986 4268/4450/3985 4232/4414/3949 
f 4234/4416/3951 4270/4452/3987 4269/4451/3986 4233/4415/3950 
f 4235/4417/3952 4271/4453/3988 4270/4452/3987 4234/4416/3951 
f 4236/4418/3953 4272/4454/3989 4271/4453/3988 4235/4417/3952 
f 4237/4419/3954 4273/4455/3990 4272/4454/3989 4236/4418/3953 
f 4238/4420/3955 4274/4456/3991 4273/4455/3990 4237/4419/3954 
f 4239/4421/3956 4275/4457/3992 4274/4456/3991 4238/4420/3955 
f 4240/4422/3957 4276/4458/3993 4275/4457/3992 4239/4421/3956 
f 4241/4423/3958 4277/4459/3994 4276/4458/3993 4240/4422/3957 
f 4242/4424/3959 4278/4460/3995 4277/4459/3994 4241/4423/3958 
f 4243/4425/3960 4279/4461/3996 4278/4460/3995 4242/4424/3959 
f 4244/4426/3961 4280/4462/3997 4279/4461/3996 4243/4425/3960 
f 4245/4427/3962 4281/4463/3998 4280/4462/3997 4244/4426/3961 
f 4246/4428/3963 4282/4464/3999 4281/4463/3998 4245/4427/3962 
f 4247/4429/3964 4283/4465/4000 4282/4464/3999 4246/4428/3963 
f 4248/4430/3965 4284/4466/4001 4283/4465/4000 4247/4429/3964 
f 4249/4431/3966 4285/4467/4002 4284/4466/4001 4248/4430/3965 
f 4215/4397/3932 4251/4433/3968 4285/4467/4002 4249/4431/3966 
f 4250/4432/3967 4286/4468/4003 4287/4469/4004 4251/4433/3968 
f 4252/4434/3969 4288/4470/4005 4286/4468/4003 4250/4432/3967 
f 4253/4435/3970 4289/4471/4006 4288/4470/4005 4252/4434/3969 
f 4254/4436/3971 4290/4472/4007 4289/4471/4006 4253/4435/3970 
f 4255/4437/3972 4291/4473/4008 4290/4472/4007 4254/4436/3971 
f 4256/4438/3973 4292/4474/4009 4291/4473/4008 4255/4437/3972 
f 4257/4439/3974 4293/4475/4010 4292/4474/4009 4256/4438/3973 
f 4258/4440/3975 4294/4476/4011 4293/4475/4010 4257/4439/3974 
f 4259/4441/3976 4295/4477/4012 4294/4476/4011 4258/4440/3975 
f 4260/4442/3977 4296/4478/4013 4295/4477/4012 4259/4441/3976 
f 4261/4443/3978 4297/4479/4014 4296/4478/4013 4260/4442/3977 
f 4262/4444/3979 4298/4480/4015 4297/4479/4014 4261/4443/3978 
f 4263/4445/3980 4299/4481/4016 4298/4480/4015 4262/4444/3979 
f 4264/4446/3981 4300/4482/4017 4299/4481/4016 4263/4445/3980 
f 4265/4447/3982 4301/4483/4018 4300/4482/4017 4264/4446/3981 
f 4266/4448/3983 4302/4484/4019 4301/4483/4018 4265/4447/3982 
f 4267/4449/3984 4303/4485/4020 4302/4484/4019 4266/4448/3983 
f 4268/4450/3985 4304/4486/4021 4303/4485/4020 4267/4449/3984 
f 4269/4451/3986 4305/4487/4022 4304/4486/4021 4268/4450/3985 
f 4270/4452/3987 4306/4488/4023 4305/4487/4022 4269/4451/3986 
f 4271/4453/3988 4307/4489/4024 4306/4488/4023 4270/4452/3987 
f 4272/4454/3989 4308/4490/4025 4307/4489/4024 4271/4453/3988 
f 4273/4455/3990 4309/4491/4026 4308/4490/4025 4272/4454/3989 
f 4274/4456/3991 4310/4492/4027 4309/4491/4026 4273/4455/3990 
f 4275/4457/3992 4311/4493/4028 4310/4492/4027 4274/4456/3991 
f 4276/4458/3993 4312/4494/4029 4311/4493/4028 4275/4457/3992 
f 4277/4459/3994 4313/4495/4030 4312/4494/4029 4276/4458/3993 
f 4278/4460/3995 4314/4496/4031 4313/4495/4030 4277/4459/3994 
f 4279/4461/3996 4315/4497/4032 4314/4496/4031 4278/4460/3995 
f 4280/4462/3997 4316/4498/4033 4315/4497/4032 4279/4461/3996 
f 4281/4463/3998 4317/4499/4034 4316/4498/4033 4280/4462/3997 
f 4282/4464/3999 4318/4500/4035 4317/4499/4034 4281/4463/3998 
f 4283/4465/4000 4319/4501/4036 4318/4500/4035 4282/4464/3999 
f 4284/4466/4001 4320/4502/4037 4319/4501/4036 4283/4465/4000 
f 4285/4467/4002 4321/4503/4038 4320/4502/4037 4284/4466/4001 
f 4251/4433/3968 4287/4469/4004 4321/4503/4038 4285/4467/4002 
f 4287/4469/4004 4286/4468/4003 4322/4504/4039 
f 4286/4468/4003 4288/4470/4005 4322/4504/4039 
f 4288/4470/4005 4289/4471/4006 4322/4504/4039 
f 4289/4471/4006 4290/4472/4007 4322/4504/4039 
f 4290/4472/4007 4291/4473/4008 4322/4504/4039 
f 4291/4473/4008 4292/4474/4009 4322/4504/4039 
f 4292/4474/4009 4293/4475/4010 4322/4504/4039 
f 4293/4475/4010 4294/4476/4011 4322/4504/4039 
f 4294/4476/4011 4295/4477/4012 4322/4504/4039 
f 4295/4477/4012 4296/4478/4013 4322/4504/4039 
f 4296/4478/4013 4297/4479/4014 4322/4504/4039 
f 4297/4479/4014 4298/4480/4015 4322/4504/4039 
f 4298/4480/4015 4299/4481/4016 4322/4504/4039 
f 4299/4481/4016 4300/4482/4017 4322/4504/4039 
f 4300/4482/4017 4301/4483/4018 4322/4504/4039 
f 4301/4483/4018 4302/4484/4019 4322/4504/4039 
f 4302/4484/4019 4303/4485/4020 4322/4504/4039 
f 4303/4485/4020 4304/4486/4021 4322/4504/4039 
f 4304/4486/4021 4305/4487/4022 4322/4504/4039 
f 4305/4487/4022 4306/4488/4023 4322/4504/4039 
f 4306/4488/4023 4307/4489/4024 4322/4504/4039 
f 4307/4489/4024 4308/4490/4025 4322/4504/4039 
f 4308/4490/4025 4309/4491/4026 4322/4504/4039 
f 4309/4491/4026 4310/4492/4027 4322/4504/4039 
f 4310/4492/4027 4311/4493/4028 4322/4504/4039 
f 4311/4493/4028 4312/4494/4029 4322/4504/4039 
f 4312/4494/4029 4313/4495/4030 4322/4504/4039 
f 4313/4495/4030 4314/4496/4031 4322/4504/4039 
f 4314/4496/4031 4315/4497/4032 4322/4504/4039 
f 4315/4497/4032 4316/4498/4033 4322/4504/4039 
f 4316/4498/4033 4317/4499/4034 4322/4504/4039 
f 4317/4499/4034 4318/4500/4035 4322/4504/4039 
f 4318/4500/4035 4319/4501/4036 4322/4504/4039 
f 4319/4501/4036 4320/4502/4037 4322/4504/4039 
f 4320/4502/4037 4321/4503/4038 4322/4504/4039 
f 4321/4503/4038 4287/4469/4004 4322/4504/4039 
f 3965/4106/3682 4323/4505/4040 4324/4506/4041 3962/4103/3679 
f 4032/4175/3749 4325/4507/4042 4323/4505/4040 3965/4106/3682 
f 4030/4173/3747 4326/4508/4043 4325/4507/4042 4032/4175/3749 
f 4028/4171/3745 4327/4509/4044 4326/4508/4043 4030/4173/3747 
f 4026/4169/3743 4328/4510/4045 4327/4509/4044 4028/4171/3745 
f 4024/4167/3741 4329/4511/4046 4328/4510/4045 4026/4169/3743 
f 4022/4165/3739 4330/4512/4047 4329/4511/4046 4024/4167/3741 
f 4020/4163/3737 4331/4513/4048 4330/4512/4047 4022/4165/3739 
f 4018/4161/3735 4332/4514/4049 4331/4513/4048 4020/4163/3737 
f 4016/4159/3733 4333/4515/4050 4332/4514/4049 4018/4161/3735 
f 4014/4157/3731 4334/4516/4051 4333/4515/4050 4016/4159/3733 
f 4012/4155/3729 4335/4517/4052 4334/4516/4051 4014/4157/3731 
f 4010/4153/3727 4336/4518/4053 4335/4517/4052 4012/4155/3729 
f 4008/4151/3725 4337/4519/4054 4336/4518/4053 4010/4153/3727 
f 4006/4149/3723 4338/4520/4055 4337/4519/4054 4008/4151/3725 
f 4004/4147/3721 4339/4521/4056 4338/4520/4055 4006/4149/3723 
f 4002/4143/3719 4340/4522/4057 4339/4521/4056 4004/4147/3721 
f 4000/4146/3717 4341/4523/4058 4340/4522/4057 4002/4143/3719 
f 3998/4139/3715 4342/4524/4059 4341/4525/4058 4000/4141/3717 
f 3996/4137/3713 4343/4526/4060 4342/4524/4059 3998/4139/3715 
f 3994/4135/3711 4344/4527/4061 4343/4526/4060 3996/4137/3713 
f 3992/4133/3709 4345/4528/4062 4344/4527/4061 3994/4135/3711 
f 3990/4131/3707 4346/4529/4063 4345/4528/4062 3992/4133/3709 
f 3988/4129/3705 4347/4530/4064 4346/4529/4063 3990/4131/3707 
f 3986/4127/3703 4348/4531/4065 4347/4530/4064 3988/4129/3705 
f 3984/4125/3701 4349/4532/4066 4348/4531/4065 3986/4127/3703 
f 3982/4123/3699 4350/4533/4067 4349/4532/4066 3984/4125/3701 
f 3980/4121/3697 4351/4534/4068 4350/4533/4067 3982/4123/3699 
f 3978/4119/3695 4352/4535/4069 4351/4534/4068 3980/4121/3697 
f 3976/4117/3693 4353/4536/4070 4352/4535/4069 3978/4119/3695 
f 3974/4115/3691 4354/4537/4071 4353/4536/4070 3976/4117/3693 
f 3972/4113/3689 4355/4538/4072 4354/4537/4071 3974/4115/3691 
f 3970/4111/3687 4356/4539/4073 4355/4538/4072 3972/4113/3689 
f 3968/4109/3685 4357/4540/4074 4356/4539/4073 3970/4111/3687 
f 3966/4107/3683 4358/4541/4075 4357/4540/4074 3968/4109/3685 
f 3962/4103/3679 4324/4506/4041 4358/4541/4075 3966/4107/3683 
s 2
f 4323/4505/4040 4359/4542/4076 4360/4543/4077 4324/4506/4041 
f 4325/4507/4042 4361/4544/4078 4359/4542/4076 4323/4505/4040 
f 4326/4508/4043 4362/4545/4079 4361/4544/4078 4325/4507/4042 
f 4327/4509/4044 4363/4546/4080 4362/4545/4079 4326/4508/4043 
f 4328/4510/4045 4364/4547/4081 4363/4546/4080 4327/4509/4044 
f 4329/4511/4046 4365/4548/4082 4364/4547/4081 4328/4510/4045 
f 4330/4512/4047 4366/4549/4083 4365/4548/4082 4329/4511/4046 
f 4331/4513/4048 4367/4550/4084 4366/4549/4083 4330/4512/4047 
f 4332/4514/4049 4368/4551/4085 4367/4550/4084 4331/4513/4048 
f 4333/4515/4050 4369/4552/4086 4368/4551/4085 4332/4514/4049 
f 4334/4516/4051 4370/4553/4087 4369/4552/4086 4333/4515/4050 
f 4335/4517/4052 4371/4554/4088 4370/4553/4087 4334/4516/4051 
f 4336/4518/4053 4372/4555/4089 4371/4554/4088 4335/4517/4052 
f 4337/4519/4054 4373/4556/4090 4372/4555/4089 4336/4518/4053 
f 4338/4520/4055 4374/4557/4091 4373/4556/4090 4337/4519/4054 
f 4339/4521/4056 4375/4558/4092 4374/4557/4091 4338/4520/4055 
f 4340/4522/4057 4376/4559/4093 4375/4558/4092 4339/4521/4056 
f 4341/4523/4058 4377/4560/4094 4376/4559/4093 4340/4522/4057 
f 4342/4524/4059 4378/4561/4095 4377/4562/4094 4341/4525/4058 
f 4343/4526/4060 4379/4563/4096 4378/4561/4095 4342/4524/4059 
f 4344/4527/4061 4380/4564/4097 4379/4563/4096 4343/4526/4060 
f 4345/4528/4062 4381/4565/4098 4380/4564/4097 4344/4527/4061 
f 4346/4529/4063 4382/4566/4099 4381/4565/4098 4345/4528/4062 
f 4347/4530/4064 4383/4567/4100 4382/4566/4099 4346/4529/4063 
f 4348/4531/4065 4384/4568/4101 4383/4567/4100 4347/4530/4064 
f 4349/4532/4066 4385/4569/4102 4384/4568/4101 4348/4531/4065 
f 4350/4533/4067 4386/4570/4103 4385/4569/4102 4349/4532/4066 
f 4351/4534/4068 4387/4571/4104 4386/4570/4103 4350/4533/4067 
f 4352/4535/4069 4388/4572/4105 4387/4571/4104 4351/4534/4068 
f 4353/4536/4070 4389/4573/4106 4388/4572/4105 4352/4535/4069 
f 4354/4537/4071 4390/4574/4107 4389/4573/4106 4353/4536/4070 
f 4355/4538/4072 4391/4575/4108 4390/4574/4107 4354/4537/4071 
f 4356/4539/4073 4392/4576/4109 4391/4575/4108 4355/4538/4072 
f 4357/4540/4074 4393/4577/4110 4392/4576/4109 4356/4539/4073 
f 4358/4541/4075 4394/4578/4111 4393/4577/4110 4357/4540/4074 
f 4324/4506/4041 4360/4543/4077 4394/4578/4111 4358/4541/4075 
s 1
f 4359/4542/4076 4395/4579/4112 4396/4580/4113 4360/4543/4077 
f 4361/4544/4078 4397/4581/4114 4395/4579/4112 4359/4542/4076 
f 4362/4545/4079 4398/4582/4115 4397/4581/4114 4361/4544/4078 
f 4363/4546/4080 4399/4583/4116 4398/4582/4115 4362/4545/4079 
f 4364/4547/4081 4400/4584/4117 4399/4583/4116 4363/4546/4080 
f 4365/4548/4082 4401/4585/4118 4400/4584/4117 4364/4547/4081 
f 4366/4549/4083 4402/4586/4119 4401/4585/4118 4365/4548/4082 
f 4367/4550/4084 4403/4587/4120 4402/4586/4119 4366/4549/4083 
f 4368/4551/4085 4404/4588/4121 4403/4587/4120 4367/4550/4084 
f 4369/4552/4086 4405/4589/4122 4404/4588/4121 4368/4551/4085 
f 4370/4553/4087 4406/4590/4123 4405/4589/4122 4369/4552/4086 
f 4371/4554/4088 4407/4591/4124 4406/4590/4123 4370/4553/4087 
f 4372/4555/4089 4408/4592/4125 4407/4591/4124 4371/4554/4088 
f 4373/4556/4090 4409/4593/4126 4408/4592/4125 4372/4555/4089 
f 4374/4557/4091 4410/4594/4127 4409/4593/4126 4373/4556/4090 
f 4375/4558/4092 4411/4595/4128 4410/4594/4127 4374/4557/4091 
f 4376/4559/4093 4412/4596/4129 4411/4595/4128 4375/4558/4092 
f 4377/4560/4094 4413/4597/4130 4412/4596/4129 4376/4559/4093 
f 4378/4561/4095 4414/4598/4131 4413/4599/4130 4377/4562/4094 
f 4379/4563/4096 4415/4600/4132 4414/4598/4131 4378/4561/4095 
f 4380/4564/4097 4416/4601/4133 4415/4600/4132 4379/4563/4096 
f 4381/4565/4098 4417/4602/4134 4416/4601/4133 4380/4564/4097 
f 4382/4566/4099 4418/4603/4135 4417/4602/4134 4381/4565/4098 
f 4383/4567/4100 4419/4604/4136 4418/4603/4135 4382/4566/4099 
f 4384/4568/4101 4420/4605/4137 4419/4604/4136 4383/4567/4100 
f 4385/4569/4102 4421/4606/4138 4420/4605/4137 4384/4568/4101 
f 4386/4570/4103 4422/4607/4139 4421/4606/4138 4385/4569/4102 
f 4387/4571/4104 4423/4608/4140 4422/4607/4139 4386/4570/4103 
f 4388/4572/4105 4424/4609/4141 4423/4608/4140 4387/4571/4104 
f 4389/4573/4106 4425/4610/4142 4424/4609/4141 4388/4572/4105 
f 4390/4574/4107 4426/4611/4143 4425/4610/4142 4389/4573/4106 
f 4391/4575/4108 4427/4612/4144 4426/4611/4143 4390/4574/4107 
f 4392/4576/4109 4428/4613/4145 4427/4612/4144 4391/4575/4108 
f 4393/4577/4110 4429/4614/4146 4428/4613/4145 4392/4576/4109 
f 4394/4578/4111 4430/4615/4147 4429/4614/4146 4393/4577/4110 
f 4360/4543/4077 4396/4580/4113 4430/4615/4147 4394/4578/4111 
f 4395/4579/4112 4431/4616/4148 4432/4617/4149 4396/4580/4113 
f 4397/4581/4114 4433/4618/4150 4431/4616/4148 4395/4579/4112 
f 4398/4582/4115 4434/4619/4151 4433/4618/4150 4397/4581/4114 
f 4399/4583/4116 4435/4620/4152 4434/4619/4151 4398/4582/4115 
f 4400/4584/4117 4436/4621/4153 4435/4620/4152 4399/4583/4116 
f 4401/4585/4118 4437/4622/4154 4436/4621/4153 4400/4584/4117 
f 4402/4586/4119 4438/4623/4155 4437/4622/4154 4401/4585/4118 
f 4403/4587/4120 4439/4624/4156 4438/4623/4155 4402/4586/4119 
f 4404/4588/4121 4440/4625/4157 4439/4624/4156 4403/4587/4120 
f 4405/4589/4122 4441/4626/4158 4440/4625/4157 4404/4588/4121 
f 4406/4590/4123 4442/4627/4159 4441/4626/4158 4405/4589/4122 
f 4407/4591/4124 4443/4628/4160 4442/4627/4159 4406/4590/4123 
f 4408/4592/4125 4444/4629/4161 4443/4628/4160 4407/4591/4124 
f 4409/4593/4126 4445/4630/4162 4444/4629/4161 4408/4592/4125 
f 4410/4594/4127 4446/4631/4163 4445/4630/4162 4409/4593/4126 
f 4411/4595/4128 4447/4632/4164 4446/4631/4163 4410/4594/4127 
f 4412/4596/4129 4448/4633/4165 4447/4632/4164 4411/4595/4128 
f 4413/4597/4130 4449/4634/4166 4448/4633/4165 4412/4596/4129 
f 4414/4598/4131 4450/4635/4167 4449/4636/4166 4413/4599/4130 
f 4415/4600/4132 4451/4637/4168 4450/4635/4167 4414/4598/4131 
f 4416/4601/4133 4452/4638/4169 4451/4637/4168 4415/4600/4132 
f 4417/4602/4134 4453/4639/4170 4452/4638/4169 4416/4601/4133 
f 4418/4603/4135 4454/4640/4171 4453/4639/4170 4417/4602/4134 
f 4419/4604/4136 4455/4641/4172 4454/4640/4171 4418/4603/4135 
f 4420/4605/4137 4456/4642/4173 4455/4641/4172 4419/4604/4136 
f 4421/4606/4138 4457/4643/4174 4456/4642/4173 4420/4605/4137 
f 4422/4607/4139 4458/4644/4175 4457/4643/4174 4421/4606/4138 
f 4423/4608/4140 4459/4645/4176 4458/4644/4175 4422/4607/4139 
f 4424/4609/4141 4460/4646/4177 4459/4645/4176 4423/4608/4140 
f 4425/4610/4142 4461/4647/4178 4460/4646/4177 4424/4609/4141 
f 4426/4611/4143 4462/4648/4179 4461/4647/4178 4425/4610/4142 
f 4427/4612/4144 4463/4649/4180 4462/4648/4179 4426/4611/4143 
f 4428/4613/4145 4464/4650/4181 4463/4649/4180 4427/4612/4144 
f 4429/4614/4146 4465/4651/4182 4464/4650/4181 4428/4613/4145 
f 4430/4615/4147 4466/4652/4183 4465/4651/4182 4429/4614/4146 
f 4396/4580/4113 4432/4617/4149 4466/4652/4183 4430/4615/4147 
s 2
f 4431/4616/4148 4467/4653/4184 4468/4654/4185 4432/4617/4149 
f 4433/4618/4150 4469/4655/4186 4467/4653/4184 4431/4616/4148 
f 4434/4619/4151 4470/4656/4187 4469/4655/4186 4433/4618/4150 
f 4435/4620/4152 4471/4657/4188 4470/4656/4187 4434/4619/4151 
f 4436/4621/4153 4472/4658/4189 4471/4657/4188 4435/4620/4152 
f 4437/4622/4154 4473/4659/4190 4472/4658/4189 4436/4621/4153 
f 4438/4623/4155 4474/4660/4191 4473/4659/4190 4437/4622/4154 
f 4439/4624/4156 4475/4661/4192 4474/4660/4191 4438/4623/4155 
f 4440/4625/4157 4476/4662/4193 4475/4661/4192 4439/4624/4156 
f 4441/4626/4158 4477/4663/4194 4476/4662/4193 4440/4625/4157 
f 4442/4627/4159 4478/4664/4195 4477/4663/4194 4441/4626/4158 
f 4443/4628/4160 4479/4665/4196 4478/4664/4195 4442/4627/4159 
f 4444/4629/4161 4480/4666/4197 4479/4665/4196 4443/4628/4160 
f 4445/4630/4162 4481/4667/4198 4480/4666/4197 4444/4629/4161 
f 4446/4631/4163 4482/4668/4199 4481/4667/4198 4445/4630/4162 
f 4447/4632/4164 4483/4669/4200 4482/4668/4199 4446/4631/4163 
f 4448/4633/4165 4484/4670/4201 4483/4669/4200 4447/4632/4164 
f 4449/4634/4166 4485/4671/4202 4484/4670/4201 4448/4633/4165 
f 4450/4635/4167 4486/4672/4203 4485/4673/4202 4449/4636/4166 
f 4451/4637/4168 4487/4674/4204 4486/4672/4203 4450/4635/4167 
f 4452/4638/4169 4488/4675/4205 4487/4674/4204 4451/4637/4168 
f 4453/4639/4170 4489/4676/4206 4488/4675/4205 4452/4638/4169 
f 4454/4640/4171 4490/4677/4207 4489/4676/4206 4453/4639/4170 
f 4455/4641/4172 4491/4678/4208 4490/4677/4207 4454/4640/4171 
f 4456/4642/4173 4492/4679/4209 4491/4678/4208 4455/4641/4172 
f 4457/4643/4174 4493/4680/4210 4492/4679/4209 4456/4642/4173 
f 4458/4644/4175 4494/4681/4211 4493/4680/4210 4457/4643/4174 
f 4459/4645/4176 4495/4682/4212 4494/4681/4211 4458/4644/4175 
f 4460/4646/4177 4496/4683/4213 4495/4682/4212 4459/4645/4176 
f 4461/4647/4178 4497/4684/4214 4496/4683/4213 4460/4646/4177 
f 4462/4648/4179 4498/4685/4215 4497/4684/4214 4461/4647/4178 
f 4463/4649/4180 4499/4686/4216 4498/4685/4215 4462/4648/4179 
f 4464/4650/4181 4500/4687/4217 4499/4686/4216 4463/4649/4180 
f 4465/4651/4182 4501/4688/4218 4500/4687/4217 4464/4650/4181 
f 4466/4652/4183 4502/4689/4219 4501/4688/4218 4465/4651/4182 
f 4432/4617/4149 4468/4654/4185 4502/4689/4219 4466/4652/4183 
s 1
f 4467/4690/4184 4503/4691/4220 4504/4692/4221 4468/4693/4185 
f 4469/4694/4186 4505/4695/4222 4503/4691/4220 4467/4690/4184 
f 4470/4696/4187 4506/4697/4223 4505/4695/4222 4469/4694/4186 
f 4471/4698/4188 4507/4699/4224 4506/4697/4223 4470/4696/4187 
f 4472/4700/4189 4508/4701/4225 4507/4699/4224 4471/4698/4188 
f 4473/4702/4190 4509/4703/4226 4508/4701/4225 4472/4700/4189 
f 4474/4704/4191 4510/4705/4227 4509/4703/4226 4473/4702/4190 
f 4475/4706/4192 4511/4707/4228 4510/4705/4227 4474/4704/4191 
f 4476/4708/4193 4512/4709/4229 4511/4707/4228 4475/4706/4192 
f 4477/4710/4194 4513/4711/4230 4512/4709/4229 4476/4708/4193 
f 4478/4712/4195 4514/4713/4231 4513/4711/4230 4477/4710/4194 
f 4479/4714/4196 4515/4715/4232 4514/4713/4231 4478/4712/4195 
f 4480/4716/4197 4516/4717/4233 4515/4715/4232 4479/4714/4196 
f 4481/4718/4198 4517/4719/4234 4516/4717/4233 4480/4716/4197 
f 4482/4720/4199 4518/4721/4235 4517/4719/4234 4481/4718/4198 
f 4483/4722/4200 4519/4723/4236 4518/4721/4235 4482/4720/4199 
f 4484/4724/4201 4520/4725/4237 4519/4723/4236 4483/4722/4200 
f 4485/4726/4202 4521/4727/4238 4520/4725/4237 4484/4724/4201 
f 4486/4728/4203 4522/4729/4239 4521/4727/4238 4485/4726/4202 
f 4487/4730/4204 4523/4731/4240 4522/4729/4239 4486/4728/4203 
f 4488/4732/4205 4524/4733/4241 4523/4731/4240 4487/4730/4204 
f 4489/4734/4206 4525/4735/4242 4524/4733/4241 4488/4732/4205 
f 4490/4736/4207 4526/4737/4243 4525/4735/4242 4489/4734/4206 
f 4491/4738/4208 4527/4739/4244 4526/4737/4243 4490/4736/4207 
f 4492/4740/4209 4528/4741/4245 4527/4739/4244 4491/4738/4208 
f 4493/4742/4210 4529/4743/4246 4528/4741/4245 4492/4740/4209 
f 4494/4744/4211 4530/4745/4247 4529/4743/4246 4493/4742/4210 
f 4495/4746/4212 4531/4747/4248 4530/4745/4247 4494/4744/4211 
f 4496/4748/4213 4532/4749/4249 4531/4747/4248 4495/4746/4212 
f 4497/4750/4214 4533/4751/4250 4532/4749/4249 4496/4748/4213 
f 4498/4752/4215 4534/4753/4251 4533/4751/4250 4497/4750/4214 
f 4499/4754/4216 4535/4755/4252 4534/4753/4251 4498/4752/4215 
f 4500/4756/4217 4536/4757/4253 4535/4755/4252 4499/4754/4216 
f 4501/4758/4218 4537/4759/4254 4536/4757/4253 4500/4756/4217 
f 4502/4760/4219 4538/4761/4255 4537/4759/4254 4501/4758/4218 
f 4468/4693/4185 4504/4692/4221 4538/4761/4255 4502/4760/4219 
s 2
f 4503/4691/4220 4539/4762/4256 4540/4763/4257 4504/4692/4221 
f 4505/4695/4222 4541/4764/4258 4539/4762/4256 4503/4691/4220 
f 4506/4697/4223 4542/4765/4259 4541/4764/4258 4505/4695/4222 
f 4507/4699/4224 4543/4766/4260 4542/4765/4259 4506/4697/4223 
f 4508/4701/4225 4544/4767/4261 4543/4766/4260 4507/4699/4224 
f 4509/4703/4226 4545/4768/4262 4544/4767/4261 4508/4701/4225 
f 4510/4705/4227 4546/4769/4263 4545/4768/4262 4509/4703/4226 
f 4511/4707/4228 4547/4770/4264 4546/4769/4263 4510/4705/4227 
f 4512/4709/4229 4548/4771/4265 4547/4770/4264 4511/4707/4228 
f 4513/4711/4230 4549/4772/4266 4548/4771/4265 4512/4709/4229 
f 4514/4713/4231 4550/4773/4267 4549/4772/4266 4513/4711/4230 
f 4515/4715/4232 4551/4774/4268 4550/4773/4267 4514/4713/4231 
f 4516/4717/4233 4552/4775/4269 4551/4774/4268 4515/4715/4232 
f 4517/4719/4234 4553/4776/4270 4552/4775/4269 4516/4717/4233 
f 4518/4721/4235 4554/4777/4271 4553/4776/4270 4517/4719/4234 
f 4519/4723/4236 4555/4778/4272 4554/4777/4271 4518/4721/4235 
f 4520/4725/4237 4556/4779/4273 4555/4778/4272 4519/4723/4236 
f 4521/4727/4238 4557/4780/4274 4556/4779/4273 4520/4725/4237 
f 4522/4729/4239 4558/4781/4275 4557/4780/4274 4521/4727/4238 
f 4523/4731/4240 4559/4782/4276 4558/4781/4275 4522/4729/4239 
f 4524/4733/4241 4560/4783/4277 4559/4782/4276 4523/4731/4240 
f 4525/4735/4242 4561/4784/4278 4560/4783/4277 4524/4733/4241 
f 4526/4737/4243 4562/4785/4279 4561/4784/4278 4525/4735/4242 
f 4527/4739/4244 4563/4786/4280 4562/4785/4279 4526/4737/4243 
f 4528/4741/4245 4564/4787/4281 4563/4786/4280 4527/4739/4244 
f 4529/4743/4246 4565/4788/4282 4564/4787/4281 4528/4741/4245 
f 4530/4745/4247 4566/4789/4283 4565/4788/4282 4529/4743/4246 
f 4531/4747/4248 4567/4790/4284 4566/4789/4283 4530/4745/4247 
f 4532/4749/4249 4568/4791/4285 4567/4790/4284 4531/4747/4248 
f 4533/4751/4250 4569/4792/4286 4568/4791/4285 4532/4749/4249 
f 4534/4753/4251 4570/4793/4287 4569/4792/4286 4533/4751/4250 
f 4535/4755/4252 4571/4794/4288 4570/4793/4287 4534/4753/4251 
f 4536/4757/4253 4572/4795/4289 4571/4794/4288 4535/4755/4252 
f 4537/4759/4254 4573/4796/4290 4572/4795/4289 4536/4757/4253 
f 4538/4761/4255 4574/4797/4291 4573/4796/4290 4537/4759/4254 
f 4504/4692/4221 4540/4763/4257 4574/4797/4291 4538/4761/4255 
s 1
f 4539/4762/4256 4575/4798/4292 4576/4799/4293 4540/4763/4257 
f 4541/4764/4258 4577/4800/4294 4575/4798/4292 4539/4762/4256 
f 4542/4765/4259 4578/4801/4295 4577/4800/4294 4541/4764/4258 
f 4543/4766/4260 4579/4802/4296 4578/4801/4295 4542/4765/4259 
f 4544/4767/4261 4580/4803/4297 4579/4802/4296 4543/4766/4260 
f 4545/4768/4262 4581/4804/4298 4580/4803/4297 4544/4767/4261 
f 4546/4769/4263 4582/4805/4299 4581/4804/4298 4545/4768/4262 
f 4547/4770/4264 4583/4806/4300 4582/4805/4299 4546/4769/4263 
f 4548/4771/4265 4584/4807/4301 4583/4806/4300 4547/4770/4264 
f 4549/4772/4266 4585/4808/4302 4584/4807/4301 4548/4771/4265 
f 4550/4773/4267 4586/4809/4303 4585/4808/4302 4549/4772/4266 
f 4551/4774/4268 4587/4810/4304 4586/4809/4303 4550/4773/4267 
f 4552/4775/4269 4588/4811/4305 4587/4810/4304 4551/4774/4268 
f 4553/4776/4270 4589/4812/4306 4588/4811/4305 4552/4775/4269 
f 4554/4777/4271 4590/4813/4307 4589/4812/4306 4553/4776/4270 
f 4555/4778/4272 4591/4814/4308 4590/4813/4307 4554/4777/4271 
f 4556/4779/4273 4592/4815/4309 4591/4814/4308 4555/4778/4272 
f 4557/4780/4274 4593/4816/4310 4592/4815/4309 4556/4779/4273 
f 4558/4781/4275 4594/4817/4311 4593/4816/4310 4557/4780/4274 
f 4559/4782/4276 4595/4818/4312 4594/4817/4311 4558/4781/4275 
f 4560/4783/4277 4596/4819/4313 4595/4818/4312 4559/4782/4276 
f 4561/4784/4278 4597/4820/4314 4596/4819/4313 4560/4783/4277 
f 4562/4785/4279 4598/4821/4315 4597/4820/4314 4561/4784/4278 
f 4563/4786/4280 4599/4822/4316 4598/4821/4315 4562/4785/4279 
f 4564/4787/4281 4600/4823/4317 4599/4822/4316 4563/4786/4280 
f 4565/4788/4282 4601/4824/4318 4600/4823/4317 4564/4787/4281 
f 4566/4789/4283 4602/4825/4319 4601/4824/4318 4565/4788/4282 
f 4567/4790/4284 4603/4826/4320 4602/4825/4319 4566/4789/4283 
f 4568/4791/4285 4604/4827/4321 4603/4826/4320 4567/4790/4284 
f 4569/4792/4286 4605/4828/4322 4604/4827/4321 4568/4791/4285 
f 4570/4793/4287 4606/4829/4323 4605/4828/4322 4569/4792/4286 
f 4571/4794/4288 4607/4830/4324 4606/4829/4323 4570/4793/4287 
f 4572/4795/4289 4608/4831/4325 4607/4830/4324 4571/4794/4288 
f 4573/4796/4290 4609/4832/4326 4608/4831/4325 4572/4795/4289 
f 4574/4797/4291 4610/4833/4327 4609/4832/4326 4573/4796/4290 
f 4540/4763/4257 4576/4799/4293 4610/4833/4327 4574/4797/4291 
s 2
f 4575/4798/4292 4611/4834/4328 4612/4835/4329 4576/4799/4293 
f 4577/4800/4294 4613/4836/4330 4611/4834/4328 4575/4798/4292 
f 4578/4801/4295 4614/4837/4331 4613/4836/4330 4577/4800/4294 
f 4579/4802/4296 4615/4838/4332 4614/4837/4331 4578/4801/4295 
f 4580/4803/4297 4616/4839/4333 4615/4838/4332 4579/4802/4296 
f 4581/4804/4298 4617/4840/4334 4616/4839/4333 4580/4803/4297 
f 4582/4805/4299 4618/4841/4335 4617/4840/4334 4581/4804/4298 
f 4583/4806/4300 4619/4842/4336 4618/4841/4335 4582/4805/4299 
f 4584/4807/4301 4620/4843/4337 4619/4842/4336 4583/4806/4300 
f 4585/4808/4302 4621/4844/4338 4620/4843/4337 4584/4807/4301 
f 4586/4809/4303 4622/4845/4339 4621/4844/4338 4585/4808/4302 
f 4587/4810/4304 4623/4846/4340 4622/4845/4339 4586/4809/4303 
f 4588/4811/4305 4624/4847/4341 4623/4846/4340 4587/4810/4304 
f 4589/4812/4306 4625/4848/4342 4624/4847/4341 4588/4811/4305 
f 4590/4813/4307 4626/4849/4343 4625/4848/4342 4589/4812/4306 
f 4591/4814/4308 4627/4850/4344 4626/4849/4343 4590/4813/4307 
f 4592/4815/4309 4628/4851/4345 4627/4850/4344 4591/4814/4308 
f 4593/4816/4310 4629/4852/4346 4628/4851/4345 4592/4815/4309 
f 4594/4817/4311 4630/4853/4347 4629/4852/4346 4593/4816/4310 
f 4595/4818/4312 4631/4854/4348 4630/4853/4347 4594/4817/4311 
f 4596/4819/4313 4632/4855/4349 4631/4854/4348 4595/4818/4312 
f 4597/4820/4314 4633/4856/4350 4632/4855/4349 4596/4819/4313 
f 4598/4821/4315 4634/4857/4351 4633/4856/4350 4597/4820/4314 
f 4599/4822/4316 4635/4858/4352 4634/4857/4351 4598/4821/4315 
f 4600/4823/4317 4636/4859/4353 4635/4858/4352 4599/4822/4316 
f 4601/4824/4318 4637/4860/4354 4636/4859/4353 4600/4823/4317 
f 4602/4825/4319 4638/4861/4355 4637/4860/4354 4601/4824/4318 
f 4603/4826/4320 4639/4862/4356 4638/4861/4355 4602/4825/4319 
f 4604/4827/4321 4640/4863/4357 4639/4862/4356 4603/4826/4320 
f 4605/4828/4322 4641/4864/4358 4640/4863/4357 4604/4827/4321 
f 4606/4829/4323 4642/4865/4359 4641/4864/4358 4605/4828/4322 
f 4607/4830/4324 4643/4866/4360 4642/4865/4359 4606/4829/4323 
f 4608/4831/4325 4644/4867/4361 4643/4866/4360 4607/4830/4324 
f 4609/4832/4326 4645/4868/4362 4644/4867/4361 4608/4831/4325 
f 4610/4833/4327 4646/4869/4363 4645/4868/4362 4609/4832/4326 
f 4576/4799/4293 4612/4835/4329 4646/4869/4363 4610/4833/4327 
f 4611/4834/4328 4647/4870/4364 4648/4871/4365 4612/4835/4329 
f 4613/4836/4330 4649/4872/4366 4647/4870/4364 4611/4834/4328 
f 4614/4837/4331 4650/4873/4367 4649/4872/4366 4613/4836/4330 
f 4615/4838/4332 4651/4874/4368 4650/4873/4367 4614/4837/4331 
f 4616/4839/4333 4652/4875/4369 4651/4874/4368 4615/4838/4332 
f 4617/4840/4334 4653/4876/4370 4652/4875/4369 4616/4839/4333 
f 4618/4841/4335 4654/4877/4371 4653/4876/4370 4617/4840/4334 
f 4619/4842/4336 4655/4878/4372 4654/4877/4371 4618/4841/4335 
f 4620/4843/4337 4656/4879/4373 4655/4878/4372 4619/4842/4336 
f 4621/4844/4338 4657/4880/4374 4656/4879/4373 4620/4843/4337 
f 4622/4845/4339 4658/4881/4375 4657/4880/4374 4621/4844/4338 
f 4623/4846/4340 4659/4882/4376 4658/4881/4375 4622/4845/4339 
f 4624/4847/4341 4660/4883/4377 4659/4882/4376 4623/4846/4340 
f 4625/4848/4342 4661/4884/4378 4660/4883/4377 4624/4847/4341 
f 4626/4849/4343 4662/4885/4379 4661/4884/4378 4625/4848/4342 
f 4627/4850/4344 4663/4886/4380 4662/4885/4379 4626/4849/4343 
f 4628/4851/4345 4664/4887/4381 4663/4886/4380 4627/4850/4344 
f 4629/4852/4346 4665/4888/4382 4664/4887/4381 4628/4851/4345 
f 4630/4853/4347 4666/4889/4383 4665/4888/4382 4629/4852/4346 
f 4631/4854/4348 4667/4890/4384 4666/4889/4383 4630/4853/4347 
f 4632/4855/4349 4668/4891/4385 4667/4890/4384 4631/4854/4348 
f 4633/4856/4350 4669/4892/4386 4668/4891/4385 4632/4855/4349 
f 4634/4857/4351 4670/4893/4387 4669/4892/4386 4633/4856/4350 
f 4635/4858/4352 4671/4894/4388 4670/4893/4387 4634/4857/4351 
f 4636/4859/4353 4672/4895/4389 4671/4894/4388 4635/4858/4352 
f 4637/4860/4354 4673/4896/4390 4672/4895/4389 4636/4859/4353 
f 4638/4861/4355 4674/4897/4391 4673/4896/4390 4637/4860/4354 
f 4639/4862/4356 4675/4898/4392 4674/4897/4391 4638/4861/4355 
f 4640/4863/4357 4676/4899/4393 4675/4898/4392 4639/4862/4356 
f 4641/4864/4358 4677/4900/4394 4676/4899/4393 4640/4863/4357 
f 4642/4865/4359 4678/4901/4395 4677/4900/4394 4641/4864/4358 
f 4643/4866/4360 4679/4902/4396 4678/4901/4395 4642/4865/4359 
f 4644/4867/4361 4680/4903/4397 4679/4902/4396 4643/4866/4360 
f 4645/4868/4362 4681/4904/4398 4680/4903/4397 4644/4867/4361 
f 4646/4869/4363 4682/4905/4399 4681/4904/4398 4645/4868/4362 
f 4612/4835/4329 4648/4871/4365 4682/4905/4399 4646/4869/4363 
s 1
f 4647/4870/4364 4683/4906/4400 4684/4907/4401 4648/4871/4365 
f 4649/4872/4366 4685/4908/4402 4683/4906/4400 4647/4870/4364 
f 4650/4873/4367 4686/4909/4403 4685/4908/4402 4649/4872/4366 
f 4651/4874/4368 4687/4910/4404 4686/4909/4403 4650/4873/4367 
f 4652/4875/4369 4688/4911/4405 4687/4910/4404 4651/4874/4368 
f 4653/4876/4370 4689/4912/4406 4688/4911/4405 4652/4875/4369 
f 4654/4877/4371 4690/4913/4407 4689/4912/4406 4653/4876/4370 
f 4655/4878/4372 4691/4914/4408 4690/4913/4407 4654/4877/4371 
f 4656/4879/4373 4692/4915/4409 4691/4914/4408 4655/4878/4372 
f 4657/4880/4374 4693/4916/4410 4692/4915/4409 4656/4879/4373 
f 4658/4881/4375 4694/4917/4411 4693/4916/4410 4657/4880/4374 
f 4659/4882/4376 4695/4918/4412 4694/4917/4411 4658/4881/4375 
f 4660/4883/4377 4696/4919/4413 4695/4918/4412 4659/4882/4376 
f 4661/4884/4378 4697/4920/4414 4696/4919/4413 4660/4883/4377 
f 4662/4885/4379 4698/4921/4415 4697/4920/4414 4661/4884/4378 
f 4663/4886/4380 4699/4922/4416 4698/4921/4415 4662/4885/4379 
f 4664/4887/4381 4700/4923/4417 4699/4922/4416 4663/4886/4380 
f 4665/4888/4382 4701/4924/4418 4700/4923/4417 4664/4887/4381 
f 4666/4889/4383 4702/4925/4419 4701/4924/4418 4665/4888/4382 
f 4667/4890/4384 4703/4926/4420 4702/4925/4419 4666/4889/4383 
f 4668/4891/4385 4704/4927/4421 4703/4926/4420 4667/4890/4384 
f 4669/4892/4386 4705/4928/4422 4704/4927/4421 4668/4891/4385 
f 4670/4893/4387 4706/4929/4423 4705/4928/4422 4669/4892/4386 
f 4671/4894/4388 4707/4930/4424 4706/4929/4423 4670/4893/4387 
f 4672/4895/4389 4708/4931/4425 4707/4930/4424 4671/4894/4388 
f 4673/4896/4390 4709/4932/4426 4708/4931/4425 4672/4895/4389 
f 4674/4897/4391 4710/4933/4427 4709/4932/4426 4673/4896/4390 
f 4675/4898/4392 4711/4934/4428 4710/4933/4427 4674/4897/4391 
f 4676/4899/4393 4712/4935/4429 4711/4934/4428 4675/4898/4392 
f 4677/4900/4394 4713/4936/4430 4712/4935/4429 4676/4899/4393 
f 4678/4901/4395 4714/4937/4431 4713/4936/4430 4677/4900/4394 
f 4679/4902/4396 4715/4938/4432 4714/4937/4431 4678/4901/4395 
f 4680/4903/4397 4716/4939/4433 4715/4938/4432 4679/4902/4396 
f 4681/4904/4398 4717/4940/4434 4716/4939/4433 4680/4903/4397 
f 4682/4905/4399 4718/4941/4435 4717/4940/4434 4681/4904/4398 
f 4648/4871/4365 4684/4907/4401 4718/4941/4435 4682/4905/4399 
f 4684/4907/4401 4683/4906/4400 4719/4942/4436 
f 4683/4906/4400 4685/4908/4402 4719/4942/4436 
f 4685/4908/4402 4686/4909/4403 4719/4942/4436 
f 4686/4909/4403 4687/4910/4404 4719/4942/4436 
f 4687/4910/4404 4688/4911/4405 4719/4942/4436 
f 4688/4911/4405 4689/4912/4406 4719/4942/4436 
f 4689/4912/4406 4690/4913/4407 4719/4942/4436 
f 4690/4913/4407 4691/4914/4408 4719/4942/4436 
f 4691/4914/4408 4692/4915/4409 4719/4942/4436 
f 4692/4915/4409 4693/4916/4410 4719/4942/4436 
f 4693/4916/4410 4694/4917/4411 4719/4942/4436 
f 4694/4917/4411 4695/4918/4412 4719/4942/4436 
f 4695/4918/4412 4696/4919/4413 4719/4942/4436 
f 4696/4919/4413 4697/4920/4414 4719/4942/4436 
f 4697/4920/4414 4698/4921/4415 4719/4942/4436 
f 4698/4921/4415 4699/4922/4416 4719/4942/4436 
f 4699/4922/4416 4700/4923/4417 4719/4942/4436 
f 4700/4923/4417 4701/4924/4418 4719/4942/4436 
f 4701/4924/4418 4702/4925/4419 4719/4942/4436 
f 4702/4925/4419 4703/4926/4420 4719/4942/4436 
f 4703/4926/4420 4704/4927/4421 4719/4942/4436 
f 4704/4927/4421 4705/4928/4422 4719/4942/4436 
f 4705/4928/4422 4706/4929/4423 4719/4942/4436 
f 4706/4929/4423 4707/4930/4424 4719/4942/4436 
f 4707/4930/4424 4708/4931/4425 4719/4942/4436 
f 4708/4931/4425 4709/4932/4426 4719/4942/4436 
f 4709/4932/4426 4710/4933/4427 4719/4942/4436 
f 4710/4933/4427 4711/4934/4428 4719/4942/4436 
f 4711/4934/4428 4712/4935/4429 4719/4942/4436 
f 4712/4935/4429 4713/4936/4430 4719/4942/4436 
f 4713/4936/4430 4714/4937/4431 4719/4942/4436 
f 4714/4937/4431 4715/4938/4432 4719/4942/4436 
f 4715/4938/4432 4716/4939/4433 4719/4942/4436 
f 4716/4939/4433 4717/4940/4434 4719/4942/4436 
f 4717/4940/4434 4718/4941/4435 4719/4942/4436 
f 4718/4941/4435 4684/4907/4401 4719/4942/4436 
f 4720/4103/4437 4721/4106/4438 4722/4105/4439 4723/4104/4440 
f 4724/4107/4441 4720/4103/4437 4723/4104/4440 4725/4108/4442 
f 4726/4109/4443 4724/4107/4441 4725/4108/4442 4727/4110/4444 
f 4728/4111/4445 4726/4109/4443 4727/4110/4444 4729/4112/4446 
f 4730/4113/4447 4728/4111/4445 4729/4112/4446 4731/4114/4448 
f 4732/4115/4449 4730/4113/4447 4731/4114/4448 4733/4116/4450 
f 4734/4117/4451 4732/4115/4449 4733/4116/4450 4735/4118/4452 
f 4736/4119/4453 4734/4117/4451 4735/4118/4452 4737/4120/4454 
f 4738/4121/4455 4736/4119/4453 4737/4120/4454 4739/4122/4456 
f 4740/4123/4457 4738/4121/4455 4739/4122/4456 4741/4124/4458 
f 4742/4125/4459 4740/4123/4457 4741/4124/4458 4743/4126/4460 
f 4744/4127/4461 4742/4125/4459 4743/4126/4460 4745/4128/4462 
f 4746/4129/4463 4744/4127/4461 4745/4128/4462 4747/4130/4464 
f 4748/4131/4465 4746/4129/4463 4747/4130/4464 4749/4132/4466 
f 4750/4133/4467 4748/4131/4465 4749/4132/4466 4751/4134/4468 
f 4752/4135/4469 4750/4133/4467 4751/4134/4468 4753/4136/4470 
f 4754/4137/4471 4752/4135/4469 4753/4136/4470 4755/4138/4472 
f 4756/4139/4473 4754/4137/4471 4755/4138/4472 4757/4140/4474 
f 4758/4141/4475 4756/4139/4473 4757/4140/4474 4759/4142/4476 
f 4760/4143/4477 4758/4146/4475 4759/4145/4476 4761/4144/4478 
f 4762/4147/4479 4760/4143/4477 4761/4144/4478 4763/4148/4480 
f 4764/4149/4481 4762/4147/4479 4763/4148/4480 4765/4150/4482 
f 4766/4151/4483 4764/4149/4481 4765/4150/4482 4767/4152/4484 
f 4768/4153/4485 4766/4151/4483 4767/4152/4484 4769/4154/4486 
f 4770/4155/4487 4768/4153/4485 4769/4154/4486 4771/4156/4488 
f 4772/4157/4489 4770/4155/4487 4771/4156/4488 4773/4158/4490 
f 4774/4159/4491 4772/4157/4489 4773/4158/4490 4775/4160/4492 
f 4776/4161/4493 4774/4159/4491 4775/4160/4492 4777/4162/4494 
f 4778/4163/4495 4776/4161/4493 4777/4162/4494 4779/4164/4496 
f 4780/4165/4497 4778/4163/4495 4779/4164/4496 4781/4166/4498 
f 4782/4167/4499 4780/4165/4497 4781/4166/4498 4783/4168/4500 
f 4784/4169/4501 4782/4167/4499 4783/4168/4500 4785/4170/4502 
f 4786/4171/4503 4784/4169/4501 4785/4170/4502 4787/4172/4504 
f 4788/4173/4505 4786/4171/4503 4787/4172/4504 4789/4174/4506 
f 4790/4175/4507 4788/4173/4505 4789/4174/4506 4791/4176/4508 
f 4721/4106/4438 4790/4175/4507 4791/4176/4508 4722/4105/4439 
s 2
f 4723/4104/4440 4722/4105/4439 4792/4178/4509 4793/4177/4510 
f 4725/4108/4442 4723/4104/4440 4793/4177/4510 4794/4179/4511 
f 4727/4110/4444 4725/4108/4442 4794/4179/4511 4795/4180/4512 
f 4729/4112/4446 4727/4110/4444 4795/4180/4512 4796/4181/4513 
f 4731/4114/4448 4729/4112/4446 4796/4181/4513 4797/4182/4514 
f 4733/4116/4450 4731/4114/4448 4797/4182/4514 4798/4183/4515 
f 4735/4118/4452 4733/4116/4450 4798/4183/4515 4799/4184/4516 
f 4737/4120/4454 4735/4118/4452 4799/4184/4516 4800/4185/4517 
f 4739/4122/4456 4737/4120/4454 4800/4185/4517 4801/4186/4518 
f 4741/4124/4458 4739/4122/4456 4801/4186/4518 4802/4187/4519 
f 4743/4126/4460 4741/4124/4458 4802/4187/4519 4803/4188/4520 
f 4745/4128/4462 4743/4126/4460 4803/4188/4520 4804/4189/4521 
f 4747/4130/4464 4745/4128/4462 4804/4189/4521 4805/4190/4522 
f 4749/4132/4466 4747/4130/4464 4805/4190/4522 4806/4191/4523 
f 4751/4134/4468 4749/4132/4466 4806/4191/4523 4807/4192/4524 
f 4753/4136/4470 4751/4134/4468 4807/4192/4524 4808/4193/4525 
f 4755/4138/4472 4753/4136/4470 4808/4193/4525 4809/4194/4526 
f 4757/4140/4474 4755/4138/4472 4809/4194/4526 4810/4195/4527 
f 4759/4142/4476 4757/4140/4474 4810/4195/4527 4811/4196/4528 
f 4761/4144/4478 4759/4145/4476 4811/4198/4528 4812/4197/4529 
f 4763/4148/4480 4761/4144/4478 4812/4197/4529 4813/4199/4530 
f 4765/4150/4482 4763/4148/4480 4813/4199/4530 4814/4200/4531 
f 4767/4152/4484 4765/4150/4482 4814/4200/4531 4815/4201/4532 
f 4769/4154/4486 4767/4152/4484 4815/4201/4532 4816/4202/4533 
f 4771/4156/4488 4769/4154/4486 4816/4202/4533 4817/4203/4534 
f 4773/4158/4490 4771/4156/4488 4817/4203/4534 4818/4204/4535 
f 4775/4160/4492 4773/4158/4490 4818/4204/4535 4819/4205/4536 
f 4777/4162/4494 4775/4160/4492 4819/4205/4536 4820/4206/4537 
f 4779/4164/4496 4777/4162/4494 4820/4206/4537 4821/4207/4538 
f 4781/4166/4498 4779/4164/4496 4821/4207/4538 4822/4208/4539 
f 4783/4168/4500 4781/4166/4498 4822/4208/4539 4823/4209/4540 
f 4785/4170/4502 4783/4168/4500 4823/4209/4540 4824/4210/4541 
f 4787/4172/4504 4785/4170/4502 4824/4210/4541 4825/4211/4542 
f 4789/4174/4506 4787/4172/4504 4825/4211/4542 4826/4212/4543 
f 4791/4176/4508 4789/4174/4506 4826/4212/4543 4827/4213/4544 
f 4722/4105/4439 4791/4176/4508 4827/4213/4544 4792/4178/4509 
s 1
f 4793/4177/4510 4792/4178/4509 4828/4215/4545 4829/4214/4546 
f 4794/4179/4511 4793/4177/4510 4829/4214/4546 4830/4216/4547 
f 4795/4180/4512 4794/4179/4511 4830/4216/4547 4831/4217/4548 
f 4796/4181/4513 4795/4180/4512 4831/4217/4548 4832/4218/4549 
f 4797/4182/4514 4796/4181/4513 4832/4218/4549 4833/4219/4550 
f 4798/4183/4515 4797/4182/4514 4833/4219/4550 4834/4220/4551 
f 4799/4184/4516 4798/4183/4515 4834/4220/4551 4835/4221/4552 
f 4800/4185/4517 4799/4184/4516 4835/4221/4552 4836/4222/4553 
f 4801/4186/4518 4800/4185/4517 4836/4222/4553 4837/4223/4554 
f 4802/4187/4519 4801/4186/4518 4837/4223/4554 4838/4224/4555 
f 4803/4188/4520 4802/4187/4519 4838/4224/4555 4839/4225/4556 
f 4804/4189/4521 4803/4188/4520 4839/4225/4556 4840/4226/4557 
f 4805/4190/4522 4804/4189/4521 4840/4226/4557 4841/4227/4558 
f 4806/4191/4523 4805/4190/4522 4841/4227/4558 4842/4228/4559 
f 4807/4192/4524 4806/4191/4523 4842/4228/4559 4843/4229/4560 
f 4808/4193/4525 4807/4192/4524 4843/4229/4560 4844/4230/4561 
f 4809/4194/4526 4808/4193/4525 4844/4230/4561 4845/4231/4562 
f 4810/4195/4527 4809/4194/4526 4845/4231/4562 4846/4232/4563 
f 4811/4196/4528 4810/4195/4527 4846/4232/4563 4847/4233/4564 
f 4812/4197/4529 4811/4198/4528 4847/4235/4564 4848/4234/4565 
f 4813/4199/4530 4812/4197/4529 4848/4234/4565 4849/4236/4566 
f 4814/4200/4531 4813/4199/4530 4849/4236/4566 4850/4237/4567 
f 4815/4201/4532 4814/4200/4531 4850/4237/4567 4851/4238/4568 
f 4816/4202/4533 4815/4201/4532 4851/4238/4568 4852/4239/4569 
f 4817/4203/4534 4816/4202/4533 4852/4239/4569 4853/4240/4570 
f 4818/4204/4535 4817/4203/4534 4853/4240/4570 4854/4241/4571 
f 4819/4205/4536 4818/4204/4535 4854/4241/4571 4855/4242/4572 
f 4820/4206/4537 4819/4205/4536 4855/4242/4572 4856/4243/4573 
f 4821/4207/4538 4820/4206/4537 4856/4243/4573 4857/4244/4574 
f 4822/4208/4539 4821/4207/4538 4857/4244/4574 4858/4245/4575 
f 4823/4209/4540 4822/4208/4539 4858/4245/4575 4859/4246/4576 
f 4824/4210/4541 4823/4209/4540 4859/4246/4576 4860/4247/4577 
f 4825/4211/4542 4824/4210/4541 4860/4247/4577 4861/4248/4578 
f 4826/4212/4543 4825/4211/4542 4861/4248/4578 4862/4249/4579 
f 4827/4213/4544 4826/4212/4543 4862/4249/4579 4863/4250/4580 
f 4792/4178/4509 4827/4213/4544 4863/4250/4580 4828/4215/4545 
f 4829/4214/4546 4828/4215/4545 4864/4252/4581 4865/4251/4582 
f 4830/4216/4547 4829/4214/4546 4865/4251/4582 4866/4253/4583 
f 4831/4217/4548 4830/4216/4547 4866/4253/4583 4867/4254/4584 
f 4832/4218/4549 4831/4217/4548 4867/4254/4584 4868/4255/4585 
f 4833/4219/4550 4832/4218/4549 4868/4255/4585 4869/4256/4586 
f 4834/4220/4551 4833/4219/4550 4869/4256/4586 4870/4257/4587 
f 4835/4221/4552 4834/4220/4551 4870/4257/4587 4871/4258/4588 
f 4836/4222/4553 4835/4221/4552 4871/4258/4588 4872/4259/4589 
f 4837/4223/4554 4836/4222/4553 4872/4259/4589 4873/4260/4590 
f 4838/4224/4555 4837/4223/4554 4873/4260/4590 4874/4261/4591 
f 4839/4225/4556 4838/4224/4555 4874/4261/4591 4875/4262/4592 
f 4840/4226/4557 4839/4225/4556 4875/4262/4592 4876/4263/4593 
f 4841/4227/4558 4840/4226/4557 4876/4263/4593 4877/4264/4594 
f 4842/4228/4559 4841/4227/4558 4877/4264/4594 4878/4265/4595 
f 4843/4229/4560 4842/4228/4559 4878/4265/4595 4879/4266/4596 
f 4844/4230/4561 4843/4229/4560 4879/4266/4596 4880/4267/4597 
f 4845/4231/4562 4844/4230/4561 4880/4267/4597 4881/4268/4598 
f 4846/4232/4563 4845/4231/4562 4881/4268/4598 4882/4269/4599 
f 4847/4233/4564 4846/4232/4563 4882/4269/4599 4883/4270/4600 
f 4848/4234/4565 4847/4235/4564 4883/4272/4600 4884/4271/4601 
f 4849/4236/4566 4848/4234/4565 4884/4271/4601 4885/4273/4602 
f 4850/4237/4567 4849/4236/4566 4885/4273/4602 4886/4274/4603 
f 4851/4238/4568 4850/4237/4567 4886/4274/4603 4887/4275/4604 
f 4852/4239/4569 4851/4238/4568 4887/4275/4604 4888/4276/4605 
f 4853/4240/4570 4852/4239/4569 4888/4276/4605 4889/4277/4606 
f 4854/4241/4571 4853/4240/4570 4889/4277/4606 4890/4278/4607 
f 4855/4242/4572 4854/4241/4571 4890/4278/4607 4891/4279/4608 
f 4856/4243/4573 4855/4242/4572 4891/4279/4608 4892/4280/4609 
f 4857/4244/4574 4856/4243/4573 4892/4280/4609 4893/4281/4610 
f 4858/4245/4575 4857/4244/4574 4893/4281/4610 4894/4282/4611 
f 4859/4246/4576 4858/4245/4575 4894/4282/4611 4895/4283/4612 
f 4860/4247/4577 4859/4246/4576 4895/4283/4612 4896/4284/4613 
f 4861/4248/4578 4860/4247/4577 4896/4284/4613 4897/4285/4614 
f 4862/4249/4579 4861/4248/4578 4897/4285/4614 4898/4286/4615 
f 4863/4250/4580 4862/4249/4579 4898/4286/4615 4899/4287/4616 
f 4828/4215/4545 4863/4250/4580 4899/4287/4616 4864/4252/4581 
s 2
f 4865/4288/4582 4864/4291/4581 4900/4290/4617 4901/4289/4618 
f 4866/4292/4583 4865/4288/4582 4901/4289/4618 4902/4293/4619 
f 4867/4294/4584 4866/4292/4583 4902/4293/4619 4903/4295/4620 
f 4868/4296/4585 4867/4294/4584 4903/4295/4620 4904/4297/4621 
f 4869/4298/4586 4868/4296/4585 4904/4297/4621 4905/4299/4622 
f 4870/4300/4587 4869/4298/4586 4905/4299/4622 4906/4301/4623 
f 4871/4302/4588 4870/4300/4587 4906/4301/4623 4907/4303/4624 
f 4872/4304/4589 4871/4302/4588 4907/4303/4624 4908/4305/4625 
f 4873/4306/4590 4872/4304/4589 4908/4305/4625 4909/4307/4626 
f 4874/4308/4591 4873/4306/4590 4909/4307/4626 4910/4309/4627 
f 4875/4310/4592 4874/4308/4591 4910/4309/4627 4911/4311/4628 
f 4876/4312/4593 4875/4310/4592 4911/4311/4628 4912/4313/4629 
f 4877/4314/4594 4876/4312/4593 4912/4313/4629 4913/4315/4630 
f 4878/4316/4595 4877/4314/4594 4913/4315/4630 4914/4317/4631 
f 4879/4318/4596 4878/4316/4595 4914/4317/4631 4915/4319/4632 
f 4880/4320/4597 4879/4318/4596 4915/4319/4632 4916/4321/4633 
f 4881/4322/4598 4880/4320/4597 4916/4321/4633 4917/4323/4634 
f 4882/4324/4599 4881/4322/4598 4917/4323/4634 4918/4325/4635 
f 4883/4326/4600 4882/4324/4599 4918/4325/4635 4919/4327/4636 
f 4884/4328/4601 4883/4326/4600 4919/4327/4636 4920/4329/4637 
f 4885/4330/4602 4884/4328/4601 4920/4329/4637 4921/4331/4638 
f 4886/4332/4603 4885/4330/4602 4921/4331/4638 4922/4333/4639 
f 4887/4334/4604 4886/4332/4603 4922/4333/4639 4923/4335/4640 
f 4888/4336/4605 4887/4334/4604 4923/4335/4640 4924/4337/4641 
f 4889/4338/4606 4888/4336/4605 4924/4337/4641 4925/4339/4642 
f 4890/4340/4607 4889/4338/4606 4925/4339/4642 4926/4341/4643 
f 4891/4342/4608 4890/4340/4607 4926/4341/4643 4927/4343/4644 
f 4892/4344/4609 4891/4342/4608 4927/4343/4644 4928/4345/4645 
f 4893/4346/4610 4892/4344/4609 4928/4345/4645 4929/4347/4646 
f 4894/4348/4611 4893/4346/4610 4929/4347/4646 4930/4349/4647 
f 4895/4350/4612 4894/4348/4611 4930/4349/4647 4931/4351/4648 
f 4896/4352/4613 4895/4350/4612 4931/4351/4648 4932/4353/4649 
f 4897/4354/4614 4896/4352/4613 4932/4353/4649 4933/4355/4650 
f 4898/4356/4615 4897/4354/4614 4933/4355/4650 4934/4357/4651 
f 4899/4358/4616 4898/4356/4615 4934/4357/4651 4935/4359/4652 
f 4864/4291/4581 4899/4358/4616 4935/4359/4652 4900/4290/4617 
s 1
f 4901/4289/4618 4900/4290/4617 4936/4361/4653 4937/4360/4654 
f 4902/4293/4619 4901/4289/4618 4937/4360/4654 4938/4362/4655 
f 4903/4295/4620 4902/4293/4619 4938/4362/4655 4939/4363/4656 
f 4904/4297/4621 4903/4295/4620 4939/4363/4656 4940/4364/4657 
f 4905/4299/4622 4904/4297/4621 4940/4364/4657 4941/4365/4658 
f 4906/4301/4623 4905/4299/4622 4941/4365/4658 4942/4366/4659 
f 4907/4303/4624 4906/4301/4623 4942/4366/4659 4943/4367/4660 
f 4908/4305/4625 4907/4303/4624 4943/4367/4660 4944/4368/4661 
f 4909/4307/4626 4908/4305/4625 4944/4368/4661 4945/4369/4662 
f 4910/4309/4627 4909/4307/4626 4945/4369/4662 4946/4370/4663 
f 4911/4311/4628 4910/4309/4627 4946/4370/4663 4947/4371/4664 
f 4912/4313/4629 4911/4311/4628 4947/4371/4664 4948/4372/4665 
f 4913/4315/4630 4912/4313/4629 4948/4372/4665 4949/4373/4666 
f 4914/4317/4631 4913/4315/4630 4949/4373/4666 4950/4374/4667 
f 4915/4319/4632 4914/4317/4631 4950/4374/4667 4951/4375/4668 
f 4916/4321/4633 4915/4319/4632 4951/4375/4668 4952/4376/4669 
f 4917/4323/4634 4916/4321/4633 4952/4376/4669 4953/4377/4670 
f 4918/4325/4635 4917/4323/4634 4953/4377/4670 4954/4378/4671 
f 4919/4327/4636 4918/4325/4635 4954/4378/4671 4955/4379/4672 
f 4920/4329/4637 4919/4327/4636 4955/4379/4672 4956/4380/4673 
f 4921/4331/4638 4920/4329/4637 4956/4380/4673 4957/4381/4674 
f 4922/4333/4639 4921/4331/4638 4957/4381/4674 4958/4382/4675 
f 4923/4335/4640 4922/4333/4639 4958/4382/4675 4959/4383/4676 
f 4924/4337/4641 4923/4335/4640 4959/4383/4676 4960/4384/4677 
f 4925/4339/4642 4924/4337/4641 4960/4384/4677 4961/4385/4678 
f 4926/4341/4643 4925/4339/4642 4961/4385/4678 4962/4386/4679 
f 4927/4343/4644 4926/4341/4643 4962/4386/4679 4963/4387/4680 
f 4928/4345/4645 4927/4343/4644 4963/4387/4680 4964/4388/4681 
f 4929/4347/4646 4928/4345/4645 4964/4388/4681 4965/4389/4682 
f 4930/4349/4647 4929/4347/4646 4965/4389/4682 4966/4390/4683 
f 4931/4351/4648 4930/4349/4647 4966/4390/4683 4967/4391/4684 
f 4932/4353/4649 4931/4351/4648 4967/4391/4684 4968/4392/4685 
f 4933/4355/4650 4932/4353/4649 4968/4392/4685 4969/4393/4686 
f 4934/4357/4651 4933/4355/4650 4969/4393/4686 4970/4394/4687 
f 4935/4359/4652 4934/4357/4651 4970/4394/4687 4971/4395/4688 
f 4900/4290/4617 4935/4359/4652 4971/4395/4688 4936/4361/4653 
s 2
f 4937/4360/4654 4936/4361/4653 4972/4397/4689 4973/4396/4690 
f 4938/4362/4655 4937/4360/4654 4973/4396/4690 4974/4398/4691 
f 4939/4363/4656 4938/4362/4655 4974/4398/4691 4975/4399/4692 
f 4940/4364/4657 4939/4363/4656 4975/4399/4692 4976/4400/4693 
f 4941/4365/4658 4940/4364/4657 4976/4400/4693 4977/4401/4694 
f 4942/4366/4659 4941/4365/4658 4977/4401/4694 4978/4402/4695 
f 4943/4367/4660 4942/4366/4659 4978/4402/4695 4979/4403/4696 
f 4944/4368/4661 4943/4367/4660 4979/4403/4696 4980/4404/4697 
f 4945/4369/4662 4944/4368/4661 4980/4404/4697 4981/4405/4698 
f 4946/4370/4663 4945/4369/4662 4981/4405/4698 4982/4406/4699 
f 4947/4371/4664 4946/4370/4663 4982/4406/4699 4983/4407/4700 
f 4948/4372/4665 4947/4371/4664 4983/4407/4700 4984/4408/4701 
f 4949/4373/4666 4948/4372/4665 4984/4408/4701 4985/4409/4702 
f 4950/4374/4667 4949/4373/4666 4985/4409/4702 4986/4410/4703 
f 4951/4375/4668 4950/4374/4667 4986/4410/4703 4987/4411/4704 
f 4952/4376/4669 4951/4375/4668 4987/4411/4704 4988/4412/4705 
f 4953/4377/4670 4952/4376/4669 4988/4412/4705 4989/4413/4706 
f 4954/4378/4671 4953/4377/4670 4989/4413/4706 4990/4414/4707 
f 4955/4379/4672 4954/4378/4671 4990/4414/4707 4991/4415/4708 
f 4956/4380/4673 4955/4379/4672 4991/4415/4708 4992/4416/4709 
f 4957/4381/4674 4956/4380/4673 4992/4416/4709 4993/4417/4710 
f 4958/4382/4675 4957/4381/4674 4993/4417/4710 4994/4418/4711 
f 4959/4383/4676 4958/4382/4675 4994/4418/4711 4995/4419/4712 
f 4960/4384/4677 4959/4383/4676 4995/4419/4712 4996/4420/4713 
f 4961/4385/4678 4960/4384/4677 4996/4420/4713 4997/4421/4714 
f 4962/4386/4679 4961/4385/4678 4997/4421/4714 4998/4422/4715 
f 4963/4387/4680 4962/4386/4679 4998/4422/4715 4999/4423/4716 
f 4964/4388/4681 4963/4387/4680 4999/4423/4716 5000/4424/4717 
f 4965/4389/4682 4964/4388/4681 5000/4424/4717 5001/4425/4718 
f 4966/4390/4683 4965/4389/4682 5001/4425/4718 5002/4426/4719 
f 4967/4391/4684 4966/4390/4683 5002/4426/4719 5003/4427/4720 
f 4968/4392/4685 4967/4391/4684 5003/4427/4720 5004/4428/4721 
f 4969/4393/4686 4968/4392/4685 5004/4428/4721 5005/4429/4722 
f 4970/4394/4687 4969/4393/4686 5005/4429/4722 5006/4430/4723 
f 4971/4395/4688 4970/4394/4687 5006/4430/4723 5007/4431/4724 
f 4936/4361/4653 4971/4395/4688 5007/4431/4724 4972/4397/4689 
s 1
f 4973/4396/4690 4972/4397/4689 5008/4433/4725 5009/4432/4726 
f 4974/4398/4691 4973/4396/4690 5009/4432/4726 5010/4434/4727 
f 4975/4399/4692 4974/4398/4691 5010/4434/4727 5011/4435/4728 
f 4976/4400/4693 4975/4399/4692 5011/4435/4728 5012/4436/4729 
f 4977/4401/4694 4976/4400/4693 5012/4436/4729 5013/4437/4730 
f 4978/4402/4695 4977/4401/4694 5013/4437/4730 5014/4438/4731 
f 4979/4403/4696 4978/4402/4695 5014/4438/4731 5015/4439/4732 
f 4980/4404/4697 4979/4403/4696 5015/4439/4732 5016/4440/4733 
f 4981/4405/4698 4980/4404/4697 5016/4440/4733 5017/4441/4734 
f 4982/4406/4699 4981/4405/4698 5017/4441/4734 5018/4442/4735 
f 4983/4407/4700 4982/4406/4699 5018/4442/4735 5019/4443/4736 
f 4984/4408/4701 4983/4407/4700 5019/4443/4736 5020/4444/4737 
f 4985/4409/4702 4984/4408/4701 5020/4444/4737 5021/4445/4738 
f 4986/4410/4703 4985/4409/4702 5021/4445/4738 5022/4446/4739 
f 4987/4411/4704 4986/4410/4703 5022/4446/4739 5023/4447/4740 
f 4988/4412/4705 4987/4411/4704 5023/4447/4740 5024/4448/4741 
f 4989/4413/4706 4988/4412/4705 5024/4448/4741 5025/4449/4742 
f 4990/4414/4707 4989/4413/4706 5025/4449/4742 5026/4450/4743 
f 4991/4415/4708 4990/4414/4707 5026/4450/4743 5027/4451/4744 
f 4992/4416/4709 4991/4415/4708 5027/4451/4744 5028/4452/4745 
f 4993/4417/4710 4992/4416/4709 5028/4452/4745 5029/4453/4746 
f 4994/4418/4711 4993/4417/4710 5029/4453/4746 5030/4454/4747 
f 4995/4419/4712 4994/4418/4711 5030/4454/4747 5031/4455/4748 
f 4996/4420/4713 4995/4419/4712 5031/4455/4748 5032/4456/4749 
f 4997/4421/4714 4996/4420/4713 5032/4456/4749 5033/4457/4750 
f 4998/4422/4715 4997/4421/4714 5033/4457/4750 5034/4458/4751 
f 4999/4423/4716 4998/4422/4715 5034/4458/4751 5035/4459/4752 
f 5000/4424/4717 4999/4423/4716 5035/4459/4752 5036/4460/4753 
f 5001/4425/4718 5000/4424/4717 5036/4460/4753 5037/4461/4754 
f 5002/4426/4719 5001/4425/4718 5037/4461/4754 5038/4462/4755 
f 5003/4427/4720 5002/4426/4719 5038/4462/4755 5039/4463/4756 
f 5004/4428/4721 5003/4427/4720 5039/4463/4756 5040/4464/4757 
f 5005/4429/4722 5004/4428/4721 5040/4464/4757 5041/4465/4758 
f 5006/4430/4723 5005/4429/4722 5041/4465/4758 5042/4466/4759 
f 5007/4431/4724 5006/4430/4723 5042/4466/4759 5043/4467/4760 
f 4972/4397/4689 5007/4431/4724 5043/4467/4760 5008/4433/4725 
f 5009/4432/4726 5008/4433/4725 5044/4469/4761 5045/4468/4762 
f 5010/4434/4727 5009/4432/4726 5045/4468/4762 5046/4470/4763 
f 5011/4435/4728 5010/4434/4727 5046/4470/4763 5047/4471/4764 
f 5012/4436/4729 5011/4435/4728 5047/4471/4764 5048/4472/4765 
f 5013/4437/4730 5012/4436/4729 5048/4472/4765 5049/4473/4766 
f 5014/4438/4731 5013/4437/4730 5049/4473/4766 5050/4474/4767 
f 5015/4439/4732 5014/4438/4731 5050/4474/4767 5051/4475/4768 
f 5016/4440/4733 5015/4439/4732 5051/4475/4768 5052/4476/4769 
f 5017/4441/4734 5016/4440/4733 5052/4476/4769 5053/4477/4770 
f 5018/4442/4735 5017/4441/4734 5053/4477/4770 5054/4478/4771 
f 5019/4443/4736 5018/4442/4735 5054/4478/4771 5055/4479/4772 
f 5020/4444/4737 5019/4443/4736 5055/4479/4772 5056/4480/4773 
f 5021/4445/4738 5020/4444/4737 5056/4480/4773 5057/4481/4774 
f 5022/4446/4739 5021/4445/4738 5057/4481/4774 5058/4482/4775 
f 5023/4447/4740 5022/4446/4739 5058/4482/4775 5059/4483/4776 
f 5024/4448/4741 5023/4447/4740 5059/4483/4776 5060/4484/4777 
f 5025/4449/4742 5024/4448/4741 5060/4484/4777 5061/4485/4778 
f 5026/4450/4743 5025/4449/4742 5061/4485/4778 5062/4486/4779 
f 5027/4451/4744 5026/4450/4743 5062/4486/4779 5063/4487/4780 
f 5028/4452/4745 5027/4451/4744 5063/4487/4780 5064/4488/4781 
f 5029/4453/4746 5028/4452/4745 5064/4488/4781 5065/4489/4782 
f 5030/4454/4747 5029/4453/4746 5065/4489/4782 5066/4490/4783 
f 5031/4455/4748 5030/4454/4747 5066/4490/4783 5067/4491/4784 
f 5032/4456/4749 5031/4455/4748 5067/4491/4784 5068/4492/4785 
f 5033/4457/4750 5032/4456/4749 5068/4492/4785 5069/4493/4786 
f 5034/4458/4751 5033/4457/4750 5069/4493/4786 5070/4494/4787 
f 5035/4459/4752 5034/4458/4751 5070/4494/4787 5071/4495/4788 
f 5036/4460/4753 5035/4459/4752 5071/4495/4788 5072/4496/4789 
f 5037/4461/4754 5036/4460/4753 5072/4496/4789 5073/4497/4790 
f 5038/4462/4755 5037/4461/4754 5073/4497/4790 5074/4498/4791 
f 5039/4463/4756 5038/4462/4755 5074/4498/4791 5075/4499/4792 
f 5040/4464/4757 5039/4463/4756 5075/4499/4792 5076/4500/4793 
f 5041/4465/4758 5040/4464/4757 5076/4500/4793 5077/4501/4794 
f 5042/4466/4759 5041/4465/4758 5077/4501/4794 5078/4502/4795 
f 5043/4467/4760 5042/4466/4759 5078/4502/4795 5079/4503/4796 
f 5008/4433/4725 5043/4467/4760 5079/4503/4796 5044/4469/4761 
f 5044/4469/4761 5080/4504/4436 5045/4468/4762 
f 5045/4468/4762 5080/4504/4436 5046/4470/4763 
f 5046/4470/4763 5080/4504/4436 5047/4471/4764 
f 5047/4471/4764 5080/4504/4436 5048/4472/4765 
f 5048/4472/4765 5080/4504/4436 5049/4473/4766 
f 5049/4473/4766 5080/4504/4436 5050/4474/4767 
f 5050/4474/4767 5080/4504/4436 5051/4475/4768 
f 5051/4475/4768 5080/4504/4436 5052/4476/4769 
f 5052/4476/4769 5080/4504/4436 5053/4477/4770 
f 5053/4477/4770 5080/4504/4436 5054/4478/4771 
f 5054/4478/4771 5080/4504/4436 5055/4479/4772 
f 5055/4479/4772 5080/4504/4436 5056/4480/4773 
f 5056/4480/4773 5080/4504/4436 5057/4481/4774 
f 5057/4481/4774 5080/4504/4436 5058/4482/4775 
f 5058/4482/4775 5080/4504/4436 5059/4483/4776 
f 5059/4483/4776 5080/4504/4436 5060/4484/4777 
f 5060/4484/4777 5080/4504/4436 5061/4485/4778 
f 5061/4485/4778 5080/4504/4436 5062/4486/4779 
f 5062/4486/4779 5080/4504/4436 5063/4487/4780 
f 5063/4487/4780 5080/4504/4436 5064/4488/4781 
f 5064/4488/4781 5080/4504/4436 5065/4489/4782 
f 5065/4489/4782 5080/4504/4436 5066/4490/4783 
f 5066/4490/4783 5080/4504/4436 5067/4491/4784 
f 5067/4491/4784 5080/4504/4436 5068/4492/4785 
f 5068/4492/4785 5080/4504/4436 5069/4493/4786 
f 5069/4493/4786 5080/4504/4436 5070/4494/4787 
f 5070/4494/4787 5080/4504/4436 5071/4495/4788 
f 5071/4495/4788 5080/4504/4436 5072/4496/4789 
f 5072/4496/4789 5080/4504/4436 5073/4497/4790 
f 5073/4497/4790 5080/4504/4436 5074/4498/4791 
f 5074/4498/4791 5080/4504/4436 5075/4499/4792 
f 5075/4499/4792 5080/4504/4436 5076/4500/4793 
f 5076/4500/4793 5080/4504/4436 5077/4501/4794 
f 5077/4501/4794 5080/4504/4436 5078/4502/4795 
f 5078/4502/4795 5080/4504/4436 5079/4503/4796 
f 5079/4503/4796 5080/4504/4436 5044/4469/4761 
f 4721/4106/4438 4720/4103/4437 5081/4506/4797 5082/4505/4798 
f 4790/4175/4507 4721/4106/4438 5082/4505/4798 5083/4507/4799 
f 4788/4173/4505 4790/4175/4507 5083/4507/4799 5084/4508/4800 
f 4786/4171/4503 4788/4173/4505 5084/4508/4800 5085/4509/4801 
f 4784/4169/4501 4786/4171/4503 5085/4509/4801 5086/4510/4802 
f 4782/4167/4499 4784/4169/4501 5086/4510/4802 5087/4511/4803 
f 4780/4165/4497 4782/4167/4499 5087/4511/4803 5088/4512/4804 
f 4778/4163/4495 4780/4165/4497 5088/4512/4804 5089/4513/4805 
f 4776/4161/4493 4778/4163/4495 5089/4513/4805 5090/4514/4806 
f 4774/4159/4491 4776/4161/4493 5090/4514/4806 5091/4515/4807 
f 4772/4157/4489 4774/4159/4491 5091/4515/4807 5092/4516/4808 
f 4770/4155/4487 4772/4157/4489 5092/4516/4808 5093/4517/4809 
f 4768/4153/4485 4770/4155/4487 5093/4517/4809 5094/4518/4810 
f 4766/4151/4483 4768/4153/4485 5094/4518/4810 5095/4519/4811 
f 4764/4149/4481 4766/4151/4483 5095/4519/4811 5096/4520/4812 
f 4762/4147/4479 4764/4149/4481 5096/4520/4812 5097/4521/4813 
f 4760/4143/4477 4762/4147/4479 5097/4521/4813 5098/4522/4814 
f 4758/4146/4475 4760/4143/4477 5098/4522/4814 5099/4523/4815 
f 4756/4139/4473 4758/4141/4475 5099/4525/4815 5100/4524/4816 
f 4754/4137/4471 4756/4139/4473 5100/4524/4816 5101/4526/4817 
f 4752/4135/4469 4754/4137/4471 5101/4526/4817 5102/4527/4818 
f 4750/4133/4467 4752/4135/4469 5102/4527/4818 5103/4528/4819 
f 4748/4131/4465 4750/4133/4467 5103/4528/4819 5104/4529/4820 
f 4746/4129/4463 4748/4131/4465 5104/4529/4820 5105/4530/4821 
f 4744/4127/4461 4746/4129/4463 5105/4530/4821 5106/4531/4822 
f 4742/4125/4459 4744/4127/4461 5106/4531/4822 5107/4532/4823 
f 4740/4123/4457 4742/4125/4459 5107/4532/4823 5108/4533/4824 
f 4738/4121/4455 4740/4123/4457 5108/4533/4824 5109/4534/4825 
f 4736/4119/4453 4738/4121/4455 5109/4534/4825 5110/4535/4826 
f 4734/4117/4451 4736/4119/4453 5110/4535/4826 5111/4536/4827 
f 4732/4115/4449 4734/4117/4451 5111/4536/4827 5112/4537/4828 
f 4730/4113/4447 4732/4115/4449 5112/4537/4828 5113/4538/4829 
f 4728/4111/4445 4730/4113/4447 5113/4538/4829 5114/4539/4830 
f 4726/4109/4443 4728/4111/4445 5114/4539/4830 5115/4540/4831 
f 4724/4107/4441 4726/4109/4443 5115/4540/4831 5116/4541/4832 
f 4720/4103/4437 4724/4107/4441 5116/4541/4832 5081/4506/4797 
s 2
f 5082/4505/4798 5081/4506/4797 5117/4543/4833 5118/4542/4834 
f 5083/4507/4799 5082/4505/4798 5118/4542/4834 5119/4544/4835 
f 5084/4508/4800 5083/4507/4799 5119/4544/4835 5120/4545/4836 
f 5085/4509/4801 5084/4508/4800 5120/4545/4836 5121/4546/4837 
f 5086/4510/4802 5085/4509/4801 5121/4546/4837 5122/4547/4838 
f 5087/4511/4803 5086/4510/4802 5122/4547/4838 5123/4548/4839 
f 5088/4512/4804 5087/4511/4803 5123/4548/4839 5124/4549/4840 
f 5089/4513/4805 5088/4512/4804 5124/4549/4840 5125/4550/4841 
f 5090/4514/4806 5089/4513/4805 5125/4550/4841 5126/4551/4842 
f 5091/4515/4807 5090/4514/4806 5126/4551/4842 5127/4552/4843 
f 5092/4516/4808 5091/4515/4807 5127/4552/4843 5128/4553/4844 
f 5093/4517/4809 5092/4516/4808 5128/4553/4844 5129/4554/4845 
f 5094/4518/4810 5093/4517/4809 5129/4554/4845 5130/4555/4846 
f 5095/4519/4811 5094/4518/4810 5130/4555/4846 5131/4556/4847 
f 5096/4520/4812 5095/4519/4811 5131/4556/4847 5132/4557/4848 
f 5097/4521/4813 5096/4520/4812 5132/4557/4848 5133/4558/4849 
f 5098/4522/4814 5097/4521/4813 5133/4558/4849 5134/4559/4850 
f 5099/4523/4815 5098/4522/4814 5134/4559/4850 5135/4560/4851 
f 5100/4524/4816 5099/4525/4815 5135/4562/4851 5136/4561/4852 
f 5101/4526/4817 5100/4524/4816 5136/4561/4852 5137/4563/4853 
f 5102/4527/4818 5101/4526/4817 5137/4563/4853 5138/4564/4854 
f 5103/4528/4819 5102/4527/4818 5138/4564/4854 5139/4565/4855 
f 5104/4529/4820 5103/4528/4819 5139/4565/4855 5140/4566/4856 
f 5105/4530/4821 5104/4529/4820 5140/4566/4856 5141/4567/4857 
f 5106/4531/4822 5105/4530/4821 5141/4567/4857 5142/4568/4858 
f 5107/4532/4823 5106/4531/4822 5142/4568/4858 5143/4569/4859 
f 5108/4533/4824 5107/4532/4823 5143/4569/4859 5144/4570/4860 
f 5109/4534/4825 5108/4533/4824 5144/4570/4860 5145/4571/4861 
f 5110/4535/4826 5109/4534/4825 5145/4571/4861 5146/4572/4862 
f 5111/4536/4827 5110/4535/4826 5146/4572/4862 5147/4573/4863 
f 5112/4537/4828 5111/4536/4827 5147/4573/4863 5148/4574/4864 
f 5113/4538/4829 5112/4537/4828 5148/4574/4864 5149/4575/4865 
f 5114/4539/4830 5113/4538/4829 5149/4575/4865 5150/4576/4866 
f 5115/4540/4831 5114/4539/4830 5150/4576/4866 5151/4577/4867 
f 5116/4541/4832 5115/4540/4831 5151/4577/4867 5152/4578/4868 
f 5081/4506/4797 5116/4541/4832 5152/4578/4868 5117/4543/4833 
s 1
f 5118/4542/4834 5117/4543/4833 5153/4580/4869 5154/4579/4870 
f 5119/4544/4835 5118/4542/4834 5154/4579/4870 5155/4581/4871 
f 5120/4545/4836 5119/4544/4835 5155/4581/4871 5156/4582/4872 
f 5121/4546/4837 5120/4545/4836 5156/4582/4872 5157/4583/4873 
f 5122/4547/4838 5121/4546/4837 5157/4583/4873 5158/4584/4874 
f 5123/4548/4839 5122/4547/4838 5158/4584/4874 5159/4585/4875 
f 5124/4549/4840 5123/4548/4839 5159/4585/4875 5160/4586/4876 
f 5125/4550/4841 5124/4549/4840 5160/4586/4876 5161/4587/4877 
f 5126/4551/4842 5125/4550/4841 5161/4587/4877 5162/4588/4878 
f 5127/4552/4843 5126/4551/4842 5162/4588/4878 5163/4589/4879 
f 5128/4553/4844 5127/4552/4843 5163/4589/4879 5164/4590/4880 
f 5129/4554/4845 5128/4553/4844 5164/4590/4880 5165/4591/4881 
f 5130/4555/4846 5129/4554/4845 5165/4591/4881 5166/4592/4882 
f 5131/4556/4847 5130/4555/4846 5166/4592/4882 5167/4593/4883 
f 5132/4557/4848 5131/4556/4847 5167/4593/4883 5168/4594/4884 
f 5133/4558/4849 5132/4557/4848 5168/4594/4884 5169/4595/4885 
f 5134/4559/4850 5133/4558/4849 5169/4595/4885 5170/4596/4886 
f 5135/4560/4851 5134/4559/4850 5170/4596/4886 5171/4597/4887 
f 5136/4561/4852 5135/4562/4851 5171/4599/4887 5172/4598/4888 
f 5137/4563/4853 5136/4561/4852 5172/4598/4888 5173/4600/4889 
f 5138/4564/4854 5137/4563/4853 5173/4600/4889 5174/4601/4890 
f 5139/4565/4855 5138/4564/4854 5174/4601/4890 5175/4602/4891 
f 5140/4566/4856 5139/4565/4855 5175/4602/4891 5176/4603/4892 
f 5141/4567/4857 5140/4566/4856 5176/4603/4892 5177/4604/4893 
f 5142/4568/4858 5141/4567/4857 5177/4604/4893 5178/4605/4894 
f 5143/4569/4859 5142/4568/4858 5178/4605/4894 5179/4606/4895 
f 5144/4570/4860 5143/4569/4859 5179/4606/4895 5180/4607/4896 
f 5145/4571/4861 5144/4570/4860 5180/4607/4896 5181/4608/4897 
f 5146/4572/4862 5145/4571/4861 5181/4608/4897 5182/4609/4898 
f 5147/4573/4863 5146/4572/4862 5182/4609/4898 5183/4610/4899 
f 5148/4574/4864 5147/4573/4863 5183/4610/4899 5184/4611/4900 
f 5149/4575/4865 5148/4574/4864 5184/4611/4900 5185/4612/4901 
f 5150/4576/4866 5149/4575/4865 5185/4612/4901 5186/4613/4902 
f 5151/4577/4867 5150/4576/4866 5186/4613/4902 5187/4614/4903 
f 5152/4578/4868 5151/4577/4867 5187/4614/4903 5188/4615/4904 
f 5117/4543/4833 5152/4578/4868 5188/4615/4904 5153/4580/4869 
f 5154/4579/4870 5153/4580/4869 5189/4617/4905 5190/4616/4906 
f 5155/4581/4871 5154/4579/4870 5190/4616/4906 5191/4618/4907 
f 5156/4582/4872 5155/4581/4871 5191/4618/4907 5192/4619/4908 
f 5157/4583/4873 5156/4582/4872 5192/4619/4908 5193/4620/4909 
f 5158/4584/4874 5157/4583/4873 5193/4620/4909 5194/4621/4910 
f 5159/4585/4875 5158/4584/4874 5194/4621/4910 5195/4622/4911 
f 5160/4586/4876 5159/4585/4875 5195/4622/4911 5196/4623/4912 
f 5161/4587/4877 5160/4586/4876 5196/4623/4912 5197/4624/4913 
f 5162/4588/4878 5161/4587/4877 5197/4624/4913 5198/4625/4914 
f 5163/4589/4879 5162/4588/4878 5198/4625/4914 5199/4626/4915 
f 5164/4590/4880 5163/4589/4879 5199/4626/4915 5200/4627/4916 
f 5165/4591/4881 5164/4590/4880 5200/4627/4916 5201/4628/4917 
f 5166/4592/4882 5165/4591/4881 5201/4628/4917 5202/4629/4918 
f 5167/4593/4883 5166/4592/4882 5202/4629/4918 5203/4630/4919 
f 5168/4594/4884 5167/4593/4883 5203/4630/4919 5204/4631/4920 
f 5169/4595/4885 5168/4594/4884 5204/4631/4920 5205/4632/4921 
f 5170/4596/4886 5169/4595/4885 5205/4632/4921 5206/4633/4922 
f 5171/4597/4887 5170/4596/4886 5206/4633/4922 5207/4634/4923 
f 5172/4598/4888 5171/4599/4887 5207/4636/4923 5208/4635/4924 
f 5173/4600/4889 5172/4598/4888 5208/4635/4924 5209/4637/4925 
f 5174/4601/4890 5173/4600/4889 5209/4637/4925 5210/4638/4926 
f 5175/4602/4891 5174/4601/4890 5210/4638/4926 5211/4639/4927 
f 5176/4603/4892 5175/4602/4891 5211/4639/4927 5212/4640/4928 
f 5177/4604/4893 5176/4603/4892 5212/4640/4928 5213/4641/4929 
f 5178/4605/4894 5177/4604/4893 5213/4641/4929 5214/4642/4930 
f 5179/4606/4895 5178/4605/4894 5214/4642/4930 5215/4643/4931 
f 5180/4607/4896 5179/4606/4895 5215/4643/4931 5216/4644/4932 
f 5181/4608/4897 5180/4607/4896 5216/4644/4932 5217/4645/4933 
f 5182/4609/4898 5181/4608/4897 5217/4645/4933 5218/4646/4934 
f 5183/4610/4899 5182/4609/4898 5218/4646/4934 5219/4647/4935 
f 5184/4611/4900 5183/4610/4899 5219/4647/4935 5220/4648/4936 
f 5185/4612/4901 5184/4611/4900 5220/4648/4936 5221/4649/4937 
f 5186/4613/4902 5185/4612/4901 5221/4649/4937 5222/4650/4938 
f 5187/4614/4903 5186/4613/4902 5222/4650/4938 5223/4651/4939 
f 5188/4615/4904 5187/4614/4903 5223/4651/4939 5224/4652/4940 
f 5153/4580/4869 5188/4615/4904 5224/4652/4940 5189/4617/4905 
s 2
f 5190/4616/4906 5189/4617/4905 5225/4654/4941 5226/4653/4942 
f 5191/4618/4907 5190/4616/4906 5226/4653/4942 5227/4655/4943 
f 5192/4619/4908 5191/4618/4907 5227/4655/4943 5228/4656/4944 
f 5193/4620/4909 5192/4619/4908 5228/4656/4944 5229/4657/4945 
f 5194/4621/4910 5193/4620/4909 5229/4657/4945 5230/4658/4946 
f 5195/4622/4911 5194/4621/4910 5230/4658/4946 5231/4659/4947 
f 5196/4623/4912 5195/4622/4911 5231/4659/4947 5232/4660/4948 
f 5197/4624/4913 5196/4623/4912 5232/4660/4948 5233/4661/4949 
f 5198/4625/4914 5197/4624/4913 5233/4661/4949 5234/4662/4950 
f 5199/4626/4915 5198/4625/4914 5234/4662/4950 5235/4663/4951 
f 5200/4627/4916 5199/4626/4915 5235/4663/4951 5236/4664/4952 
f 5201/4628/4917 5200/4627/4916 5236/4664/4952 5237/4665/4953 
f 5202/4629/4918 5201/4628/4917 5237/4665/4953 5238/4666/4954 
f 5203/4630/4919 5202/4629/4918 5238/4666/4954 5239/4667/4955 
f 5204/4631/4920 5203/4630/4919 5239/4667/4955 5240/4668/4956 
f 5205/4632/4921 5204/4631/4920 5240/4668/4956 5241/4669/4957 
f 5206/4633/4922 5205/4632/4921 5241/4669/4957 5242/4670/4958 
f 5207/4634/4923 5206/4633/4922 5242/4670/4958 5243/4671/4959 
f 5208/4635/4924 5207/4636/4923 5243/4673/4959 5244/4672/4960 
f 5209/4637/4925 5208/4635/4924 5244/4672/4960 5245/4674/4961 
f 5210/4638/4926 5209/4637/4925 5245/4674/4961 5246/4675/4962 
f 5211/4639/4927 5210/4638/4926 5246/4675/4962 5247/4676/4963 
f 5212/4640/4928 5211/4639/4927 5247/4676/4963 5248/4677/4964 
f 5213/4641/4929 5212/4640/4928 5248/4677/4964 5249/4678/4965 
f 5214/4642/4930 5213/4641/4929 5249/4678/4965 5250/4679/4966 
f 5215/4643/4931 5214/4642/4930 5250/4679/4966 5251/4680/4967 
f 5216/4644/4932 5215/4643/4931 5251/4680/4967 5252/4681/4968 
f 5217/4645/4933 5216/4644/4932 5252/4681/4968 5253/4682/4969 
f 5218/4646/4934 5217/4645/4933 5253/4682/4969 5254/4683/4970 
f 5219/4647/4935 5218/4646/4934 5254/4683/4970 5255/4684/4971 
f 5220/4648/4936 5219/4647/4935 5255/4684/4971 5256/4685/4972 
f 5221/4649/4937 5220/4648/4936 5256/4685/4972 5257/4686/4973 
f 5222/4650/4938 5221/4649/4937 5257/4686/4973 5258/4687/4974 
f 5223/4651/4939 5222/4650/4938 5258/4687/4974 5259/4688/4975 
f 5224/4652/4940 5223/4651/4939 5259/4688/4975 5260/4689/4976 
f 5189/4617/4905 5224/4652/4940 5260/4689/4976 5225/4654/4941 
s 1
f 5226/4690/4942 5225/4693/4941 5261/4692/4977 5262/4691/4978 
f 5227/4694/4943 5226/4690/4942 5262/4691/4978 5263/4695/4979 
f 5228/4696/4944 5227/4694/4943 5263/4695/4979 5264/4697/4980 
f 5229/4698/4945 5228/4696/4944 5264/4697/4980 5265/4699/4981 
f 5230/4700/4946 5229/4698/4945 5265/4699/4981 5266/4701/4982 
f 5231/4702/4947 5230/4700/4946 5266/4701/4982 5267/4703/4983 
f 5232/4704/4948 5231/4702/4947 5267/4703/4983 5268/4705/4984 
f 5233/4706/4949 5232/4704/4948 5268/4705/4984 5269/4707/4985 
f 5234/4708/4950 5233/4706/4949 5269/4707/4985 5270/4709/4986 
f 5235/4710/4951 5234/4708/4950 5270/4709/4986 5271/4711/4987 
f 5236/4712/4952 5235/4710/4951 5271/4711/4987 5272/4713/4988 
f 5237/4714/4953 5236/4712/4952 5272/4713/4988 5273/4715/4989 
f 5238/4716/4954 5237/4714/4953 5273/4715/4989 5274/4717/4990 
f 5239/4718/4955 5238/4716/4954 5274/4717/4990 5275/4719/4991 
f 5240/4720/4956 5239/4718/4955 5275/4719/4991 5276/4721/4992 
f 5241/4722/4957 5240/4720/4956 5276/4721/4992 5277/4723/4993 
f 5242/4724/4958 5241/4722/4957 5277/4723/4993 5278/4725/4994 
f 5243/4726/4959 5242/4724/4958 5278/4725/4994 5279/4727/4995 
f 5244/4728/4960 5243/4726/4959 5279/4727/4995 5280/4729/4996 
f 5245/4730/4961 5244/4728/4960 5280/4729/4996 5281/4731/4997 
f 5246/4732/4962 5245/4730/4961 5281/4731/4997 5282/4733/4998 
f 5247/4734/4963 5246/4732/4962 5282/4733/4998 5283/4735/4999 
f 5248/4736/4964 5247/4734/4963 5283/4735/4999 5284/4737/5000 
f 5249/4738/4965 5248/4736/4964 5284/4737/5000 5285/4739/5001 
f 5250/4740/4966 5249/4738/4965 5285/4739/5001 5286/4741/5002 
f 5251/4742/4967 5250/4740/4966 5286/4741/5002 5287/4743/5003 
f 5252/4744/4968 5251/4742/4967 5287/4743/5003 5288/4745/5004 
f 5253/4746/4969 5252/4744/4968 5288/4745/5004 5289/4747/5005 
f 5254/4748/4970 5253/4746/4969 5289/4747/5005 5290/4749/5006 
f 5255/4750/4971 5254/4748/4970 5290/4749/5006 5291/4751/5007 
f 5256/4752/4972 5255/4750/4971 5291/4751/5007 5292/4753/5008 
f 5257/4754/4973 5256/4752/4972 5292/4753/5008 5293/4755/5009 
f 5258/4756/4974 5257/4754/4973 5293/4755/5009 5294/4757/5010 
f 5259/4758/4975 5258/4756/4974 5294/4757/5010 5295/4759/5011 
f 5260/4760/4976 5259/4758/4975 5295/4759/5011 5296/4761/5012 
f 5225/4693/4941 5260/4760/4976 5296/4761/5012 5261/4692/4977 
s 2
f 5262/4691/4978 5261/4692/4977 5297/4763/5013 5298/4762/5014 
f 5263/4695/4979 5262/4691/4978 5298/4762/5014 5299/4764/5015 
f 5264/4697/4980 5263/4695/4979 5299/4764/5015 5300/4765/5016 
f 5265/4699/4981 5264/4697/4980 5300/4765/5016 5301/4766/5017 
f 5266/4701/4982 5265/4699/4981 5301/4766/5017 5302/4767/5018 
f 5267/4703/4983 5266/4701/4982 5302/4767/5018 5303/4768/5019 
f 5268/4705/4984 5267/4703/4983 5303/4768/5019 5304/4769/5020 
f 5269/4707/4985 5268/4705/4984 5304/4769/5020 5305/4770/5021 
f 5270/4709/4986 5269/4707/4985 5305/4770/5021 5306/4771/5022 
f 5271/4711/4987 5270/4709/4986 5306/4771/5022 5307/4772/5023 
f 5272/4713/4988 5271/4711/4987 5307/4772/5023 5308/4773/5024 
f 5273/4715/4989 5272/4713/4988 5308/4773/5024 5309/4774/5025 
f 5274/4717/4990 5273/4715/4989 5309/4774/5025 5310/4775/5026 
f 5275/4719/4991 5274/4717/4990 5310/4775/5026 5311/4776/5027 
f 5276/4721/4992 5275/4719/4991 5311/4776/5027 5312/4777/5028 
f 5277/4723/4993 5276/4721/4992 5312/4777/5028 5313/4778/5029 
f 5278/4725/4994 5277/4723/4993 5313/4778/5029 5314/4779/5030 
f 5279/4727/4995 5278/4725/4994 5314/4779/5030 5315/4780/5031 
f 5280/4729/4996 5279/4727/4995 5315/4780/5031 5316/4781/5032 
f 5281/4731/4997 5280/4729/4996 5316/4781/5032 5317/4782/5033 
f 5282/4733/4998 5281/4731/4997 5317/4782/5033 5318/4783/5034 
f 5283/4735/4999 5282/4733/4998 5318/4783/5034 5319/4784/5035 
f 5284/4737/5000 5283/4735/4999 5319/4784/5035 5320/4785/5036 
f 5285/4739/5001 5284/4737/5000 5320/4785/5036 5321/4786/5037 
f 5286/4741/5002 5285/4739/5001 5321/4786/5037 5322/4787/5038 
f 5287/4743/5003 5286/4741/5002 5322/4787/5038 5323/4788/5039 
f 5288/4745/5004 5287/4743/5003 5323/4788/5039 5324/4789/5040 
f 5289/4747/5005 5288/4745/5004 5324/4789/5040 5325/4790/5041 
f 5290/4749/5006 5289/4747/5005 5325/4790/5041 5326/4791/5042 
f 5291/4751/5007 5290/4749/5006 5326/4791/5042 5327/4792/5043 
f 5292/4753/5008 5291/4751/5007 5327/4792/5043 5328/4793/5044 
f 5293/4755/5009 5292/4753/5008 5328/4793/5044 5329/4794/5045 
f 5294/4757/5010 5293/4755/5009 5329/4794/5045 5330/4795/5046 
f 5295/4759/5011 5294/4757/5010 5330/4795/5046 5331/4796/5047 
f 5296/4761/5012 5295/4759/5011 5331/4796/5047 5332/4797/5048 
f 5261/4692/4977 5296/4761/5012 5332/4797/5048 5297/4763/5013 
s 1
f 5298/4762/5014 5297/4763/5013 5333/4799/5049 5334/4798/5050 
f 5299/4764/5015 5298/4762/5014 5334/4798/5050 5335/4800/5051 
f 5300/4765/5016 5299/4764/5015 5335/4800/5051 5336/4801/5052 
f 5301/4766/5017 5300/4765/5016 5336/4801/5052 5337/4802/5053 
f 5302/4767/5018 5301/4766/5017 5337/4802/5053 5338/4803/5054 
f 5303/4768/5019 5302/4767/5018 5338/4803/5054 5339/4804/5055 
f 5304/4769/5020 5303/4768/5019 5339/4804/5055 5340/4805/5056 
f 5305/4770/5021 5304/4769/5020 5340/4805/5056 5341/4806/5057 
f 5306/4771/5022 5305/4770/5021 5341/4806/5057 5342/4807/5058 
f 5307/4772/5023 5306/4771/5022 5342/4807/5058 5343/4808/5059 
f 5308/4773/5024 5307/4772/5023 5343/4808/5059 5344/4809/5060 
f 5309/4774/5025 5308/4773/5024 5344/4809/5060 5345/4810/5061 
f 5310/4775/5026 5309/4774/5025 5345/4810/5061 5346/4811/5062 
f 5311/4776/5027 5310/4775/5026 5346/4811/5062 5347/4812/5063 
f 5312/4777/5028 5311/4776/5027 5347/4812/5063 5348/4813/5064 
f 5313/4778/5029 5312/4777/5028 5348/4813/5064 5349/4814/5065 
f 5314/4779/5030 5313/4778/5029 5349/4814/5065 5350/4815/5066 
f 5315/4780/5031 5314/4779/5030 5350/4815/5066 5351/4816/5067 
f 5316/4781/5032 5315/4780/5031 5351/4816/5067 5352/4817/5068 
f 5317/4782/5033 5316/4781/5032 5352/4817/5068 5353/4818/5069 
f 5318/4783/5034 5317/4782/5033 5353/4818/5069 5354/4819/5070 
f 5319/4784/5035 5318/4783/5034 5354/4819/5070 5355/4820/5071 
f 5320/4785/5036 5319/4784/5035 5355/4820/5071 5356/4821/5072 
f 5321/4786/5037 5320/4785/5036 5356/4821/5072 5357/4822/5073 
f 5322/4787/5038 5321/4786/5037 5357/4822/5073 5358/4823/5074 
f 5323/4788/5039 5322/4787/5038 5358/4823/5074 5359/4824/5075 
f 5324/4789/5040 5323/4788/5039 5359/4824/5075 5360/4825/5076 
f 5325/4790/5041 5324/4789/5040 5360/4825/5076 5361/4826/5077 
f 5326/4791/5042 5325/4790/5041 5361/4826/5077 5362/4827/5078 
f 5327/4792/5043 5326/4791/5042 5362/4827/5078 5363/4828/5079 
f 5328/4793/5044 5327/4792/5043 5363/4828/5079 5364/4829/5080 
f 5329/4794/5045 5328/4793/5044 5364/4829/5080 5365/4830/5081 
f 5330/4795/5046 5329/4794/5045 5365/4830/5081 5366/4831/5082 
f 5331/4796/5047 5330/4795/5046 5366/4831/5082 5367/4832/5083 
f 5332/4797/5048 5331/4796/5047 5367/4832/5083 5368/4833/5084 
f 5297/4763/5013 5332/4797/5048 5368/4833/5084 5333/4799/5049 
s 2
f 5334/4798/5050 5333/4799/5049 5369/4835/5085 5370/4834/5086 
f 5335/4800/5051 5334/4798/5050 5370/4834/5086 5371/4836/5087 
f 5336/4801/5052 5335/4800/5051 5371/4836/5087 5372/4837/5088 
f 5337/4802/5053 5336/4801/5052 5372/4837/5088 5373/4838/5089 
f 5338/4803/5054 5337/4802/5053 5373/4838/5089 5374/4839/5090 
f 5339/4804/5055 5338/4803/5054 5374/4839/5090 5375/4840/5091 
f 5340/4805/5056 5339/4804/5055 5375/4840/5091 5376/4841/5092 
f 5341/4806/5057 5340/4805/5056 5376/4841/5092 5377/4842/5093 
f 5342/4807/5058 5341/4806/5057 5377/4842/5093 5378/4843/5094 
f 5343/4808/5059 5342/4807/5058 5378/4843/5094 5379/4844/5095 
f 5344/4809/5060 5343/4808/5059 5379/4844/5095 5380/4845/5096 
f 5345/4810/5061 5344/4809/5060 5380/4845/5096 5381/4846/5097 
f 5346/4811/5062 5345/4810/5061 5381/4846/5097 5382/4847/5098 
f 5347/4812/5063 5346/4811/5062 5382/4847/5098 5383/4848/5099 
f 5348/4813/5064 5347/4812/5063 5383/4848/5099 5384/4849/5100 
f 5349/4814/5065 5348/4813/5064 5384/4849/5100 5385/4850/5101 
f 5350/4815/5066 5349/4814/5065 5385/4850/5101 5386/4851/5102 
f 5351/4816/5067 5350/4815/5066 5386/4851/5102 5387/4852/5103 
f 5352/4817/5068 5351/4816/5067 5387/4852/5103 5388/4853/5104 
f 5353/4818/5069 5352/4817/5068 5388/4853/5104 5389/4854/5105 
f 5354/4819/5070 5353/4818/5069 5389/4854/5105 5390/4855/5106 
f 5355/4820/5071 5354/4819/5070 5390/4855/5106 5391/4856/5107 
f 5356/4821/5072 5355/4820/5071 5391/4856/5107 5392/4857/5108 
f 5357/4822/5073 5356/4821/5072 5392/4857/5108 5393/4858/5109 
f 5358/4823/5074 5357/4822/5073 5393/4858/5109 5394/4859/5110 
f 5359/4824/5075 5358/4823/5074 5394/4859/5110 5395/4860/5111 
f 5360/4825/5076 5359/4824/5075 5395/4860/5111 5396/4861/5112 
f 5361/4826/5077 5360/4825/5076 5396/4861/5112 5397/4862/5113 
f 5362/4827/5078 5361/4826/5077 5397/4862/5113 5398/4863/5114 
f 5363/4828/5079 5362/4827/5078 5398/4863/5114 5399/4864/5115 
f 5364/4829/5080 5363/4828/5079 5399/4864/5115 5400/4865/5116 
f 5365/4830/5081 5364/4829/5080 5400/4865/5116 5401/4866/5117 
f 5366/4831/5082 5365/4830/5081 5401/4866/5117 5402/4867/5118 
f 5367/4832/5083 5366/4831/5082 5402/4867/5118 5403/4868/5119 
f 5368/4833/5084 5367/4832/5083 5403/4868/5119 5404/4869/5120 
f 5333/4799/5049 5368/4833/5084 5404/4869/5120 5369/4835/5085 
f 5370/4834/5086 5369/4835/5085 5405/4871/5121 5406/4870/5122 
f 5371/4836/5087 5370/4834/5086 5406/4870/5122 5407/4872/5123 
f 5372/4837/5088 5371/4836/5087 5407/4872/5123 5408/4873/5124 
f 5373/4838/5089 5372/4837/5088 5408/4873/5124 5409/4874/5125 
f 5374/4839/5090 5373/4838/5089 5409/4874/5125 5410/4875/5126 
f 5375/4840/5091 5374/4839/5090 5410/4875/5126 5411/4876/5127 
f 5376/4841/5092 5375/4840/5091 5411/4876/5127 5412/4877/5128 
f 5377/4842/5093 5376/4841/5092 5412/4877/5128 5413/4878/5129 
f 5378/4843/5094 5377/4842/5093 5413/4878/5129 5414/4879/5130 
f 5379/4844/5095 5378/4843/5094 5414/4879/5130 5415/4880/5131 
f 5380/4845/5096 5379/4844/5095 5415/4880/5131 5416/4881/5132 
f 5381/4846/5097 5380/4845/5096 5416/4881/5132 5417/4882/5133 
f 5382/4847/5098 5381/4846/5097 5417/4882/5133 5418/4883/5134 
f 5383/4848/5099 5382/4847/5098 5418/4883/5134 5419/4884/5135 
f 5384/4849/5100 5383/4848/5099 5419/4884/5135 5420/4885/5136 
f 5385/4850/5101 5384/4849/5100 5420/4885/5136 5421/4886/5137 
f 5386/4851/5102 5385/4850/5101 5421/4886/5137 5422/4887/5138 
f 5387/4852/5103 5386/4851/5102 5422/4887/5138 5423/4888/5139 
f 5388/4853/5104 5387/4852/5103 5423/4888/5139 5424/4889/5140 
f 5389/4854/5105 5388/4853/5104 5424/4889/5140 5425/4890/5141 
f 5390/4855/5106 5389/4854/5105 5425/4890/5141 5426/4891/5142 
f 5391/4856/5107 5390/4855/5106 5426/4891/5142 5427/4892/5143 
f 5392/4857/5108 5391/4856/5107 5427/4892/5143 5428/4893/5144 
f 5393/4858/5109 5392/4857/5108 5428/4893/5144 5429/4894/5145 
f 5394/4859/5110 5393/4858/5109 5429/4894/5145 5430/4895/5146 
f 5395/4860/5111 5394/4859/5110 5430/4895/5146 5431/4896/5147 
f 5396/4861/5112 5395/4860/5111 5431/4896/5147 5432/4897/5148 
f 5397/4862/5113 5396/4861/5112 5432/4897/5148 5433/4898/5149 
f 5398/4863/5114 5397/4862/5113 5433/4898/5149 5434/4899/5150 
f 5399/4864/5115 5398/4863/5114 5434/4899/5150 5435/4900/5151 
f 5400/4865/5116 5399/4864/5115 5435/4900/5151 5436/4901/5152 
f 5401/4866/5117 5400/4865/5116 5436/4901/5152 5437/4902/5153 
f 5402/4867/5118 5401/4866/5117 5437/4902/5153 5438/4903/5154 
f 5403/4868/5119 5402/4867/5118 5438/4903/5154 5439/4904/5155 
f 5404/4869/5120 5403/4868/5119 5439/4904/5155 5440/4905/5156 
f 5369/4835/5085 5404/4869/5120 5440/4905/5156 5405/4871/5121 
s 1
f 5406/4870/5122 5405/4871/5121 5441/4907/5157 5442/4906/5158 
f 5407/4872/5123 5406/4870/5122 5442/4906/5158 5443/4908/5159 
f 5408/4873/5124 5407/4872/5123 5443/4908/5159 5444/4909/5160 
f 5409/4874/5125 5408/4873/5124 5444/4909/5160 5445/4910/5161 
f 5410/4875/5126 5409/4874/5125 5445/4910/5161 5446/4911/5162 
f 5411/4876/5127 5410/4875/5126 5446/4911/5162 5447/4912/5163 
f 5412/4877/5128 5411/4876/5127 5447/4912/5163 5448/4913/5164 
f 5413/4878/5129 5412/4877/5128 5448/4913/5164 5449/4914/5165 
f 5414/4879/5130 5413/4878/5129 5449/4914/5165 5450/4915/5166 
f 5415/4880/5131 5414/4879/5130 5450/4915/5166 5451/4916/5167 
f 5416/4881/5132 5415/4880/5131 5451/4916/5167 5452/4917/5168 
f 5417/4882/5133 5416/4881/5132 5452/4917/5168 5453/4918/5169 
f 5418/4883/5134 5417/4882/5133 5453/4918/5169 5454/4919/5170 
f 5419/4884/5135 5418/4883/5134 5454/4919/5170 5455/4920/5171 
f 5420/4885/5136 5419/4884/5135 5455/4920/5171 5456/4921/5172 
f 5421/4886/5137 5420/4885/5136 5456/4921/5172 5457/4922/5173 
f 5422/4887/5138 5421/4886/5137 5457/4922/5173 5458/4923/5174 
f 5423/4888/5139 5422/4887/5138 5458/4923/5174 5459/4924/5175 
f 5424/4889/5140 5423/4888/5139 5459/4924/5175 5460/4925/5176 
f 5425/4890/5141 5424/4889/5140 5460/4925/5176 5461/4926/5177 
f 5426/4891/5142 5425/4890/5141 5461/4926/5177 5462/4927/5178 
f 5427/4892/5143 5426/4891/5142 5462/4927/5178 5463/4928/5179 
f 5428/4893/5144 5427/4892/5143 5463/4928/5179 5464/4929/5180 
f 5429/4894/5145 5428/4893/5144 5464/4929/5180 5465/4930/5181 
f 5430/4895/5146 5429/4894/5145 5465/4930/5181 5466/4931/5182 
f 5431/4896/5147 5430/4895/5146 5466/4931/5182 5467/4932/5183 
f 5432/4897/5148 5431/4896/5147 5467/4932/5183 5468/4933/5184 
f 5433/4898/5149 5432/4897/5148 5468/4933/5184 5469/4934/5185 
f 5434/4899/5150 5433/4898/5149 5469/4934/5185 5470/4935/5186 
f 5435/4900/5151 5434/4899/5150 5470/4935/5186 5471/4936/5187 
f 5436/4901/5152 5435/4900/5151 5471/4936/5187 5472/4937/5188 
f 5437/4902/5153 5436/4901/5152 5472/4937/5188 5473/4938/5189 
f 5438/4903/5154 5437/4902/5153 5473/4938/5189 5474/4939/5190 
f 5439/4904/5155 5438/4903/5154 5474/4939/5190 5475/4940/5191 
f 5440/4905/5156 5439/4904/5155 5475/4940/5191 5476/4941/5192 
f 5405/4871/5121 5440/4905/5156 5476/4941/5192 5441/4907/5157 
f 5441/4907/5157 5477/4942/4039 5442/4906/5158 
f 5442/4906/5158 5477/4942/4039 5443/4908/5159 
f 5443/4908/5159 5477/4942/4039 5444/4909/5160 
f 5444/4909/5160 5477/4942/4039 5445/4910/5161 
f 5445/4910/5161 5477/4942/4039 5446/4911/5162 
f 5446/4911/5162 5477/4942/4039 5447/4912/5163 
f 5447/4912/5163 5477/4942/4039 5448/4913/5164 
f 5448/4913/5164 5477/4942/4039 5449/4914/5165 
f 5449/4914/5165 5477/4942/4039 5450/4915/5166 
f 5450/4915/5166 5477/4942/4039 5451/4916/5167 
f 5451/4916/5167 5477/4942/4039 5452/4917/5168 
f 5452/4917/5168 5477/4942/4039 5453/4918/5169 
f 5453/4918/5169 5477/4942/4039 5454/4919/5170 
f 5454/4919/5170 5477/4942/4039 5455/4920/5171 
f 5455/4920/5171 5477/4942/4039 5456/4921/5172 
f 5456/4921/5172 5477/4942/4039 5457/4922/5173 
f 5457/4922/5173 5477/4942/4039 5458/4923/5174 
f 5458/4923/5174 5477/4942/4039 5459/4924/5175 
f 5459/4924/5175 5477/4942/4039 5460/4925/5176 
f 5460/4925/5176 5477/4942/4039 5461/4926/5177 
f 5461/4926/5177 5477/4942/4039 5462/4927/5178 
f 5462/4927/5178 5477/4942/4039 5463/4928/5179 
f 5463/4928/5179 5477/4942/4039 5464/4929/5180 
f 5464/4929/5180 5477/4942/4039 5465/4930/5181 
f 5465/4930/5181 5477/4942/4039 5466/4931/5182 
f 5466/4931/5182 5477/4942/4039 5467/4932/5183 
f 5467/4932/5183 5477/4942/4039 5468/4933/5184 
f 5468/4933/5184 5477/4942/4039 5469/4934/5185 
f 5469/4934/5185 5477/4942/4039 5470/4935/5186 
f 5470/4935/5186 5477/4942/4039 5471/4936/5187 
f 5471/4936/5187 5477/4942/4039 5472/4937/5188 
f 5472/4937/5188 5477/4942/4039 5473/4938/5189 
f 5473/4938/5189 5477/4942/4039 5474/4939/5190 
f 5474/4939/5190 5477/4942/4039 5475/4940/5191 
f 5475/4940/5191 5477/4942/4039 5476/4941/5192 
f 5476/4941/5192 5477/4942/4039 5441/4907/5157 
# 1440 polygons - 144 triangles

#
# object LowTire001
#

v  1955.6187 360.9956 603.7487
v  1955.6187 360.9956 792.4610
v  1960.4558 307.1226 792.4610
v  1960.4558 307.1226 603.7487
v  1941.6743 411.7169 603.7487
v  1941.6743 411.7169 792.4610
v  1919.4736 458.4355 603.7487
v  1919.4736 458.4355 792.4610
v  1889.8672 500.3008 603.7487
v  1889.8672 500.3008 792.4611
v  1853.7061 536.4620 603.7487
v  1853.7061 536.4620 792.4611
v  1811.8408 566.0684 603.7487
v  1811.8408 566.0684 792.4611
v  1765.1221 588.2690 603.7487
v  1765.1221 588.2690 792.4611
v  1714.4009 602.2134 603.7487
v  1714.4009 602.2134 792.4611
v  1660.5278 607.0505 603.7487
v  1660.5278 607.0505 792.4611
v  1606.6548 602.2134 603.7487
v  1606.6548 602.2134 792.4611
v  1555.9338 588.2691 603.7487
v  1555.9338 588.2690 792.4611
v  1509.2148 566.0684 603.7487
v  1509.2148 566.0683 792.4611
v  1467.3499 536.4620 603.7487
v  1467.3499 536.4620 792.4611
v  1431.1879 500.3008 603.7487
v  1431.1879 500.3008 792.4611
v  1401.5819 458.4355 603.7487
v  1401.5819 458.4355 792.4610
v  1379.3809 411.7168 603.7487
v  1379.3809 411.7168 792.4610
v  1365.4369 360.9956 603.7487
v  1365.4369 360.9956 792.4610
v  1360.5999 307.1226 603.7487
v  1360.5999 307.1226 792.4610
v  1365.4369 253.2495 603.7487
v  1365.4369 253.2495 792.4610
v  1379.3809 202.5283 603.7487
v  1379.3809 202.5283 792.4610
v  1401.5819 155.8096 603.7486
v  1401.5819 155.8096 792.4610
v  1431.1879 113.9443 603.7486
v  1431.1879 113.9443 792.4609
v  1467.3499 77.7831 603.7486
v  1467.3499 77.7831 792.4609
v  1509.2148 48.1768 603.7486
v  1509.2148 48.1768 792.4609
v  1555.9338 25.9761 603.7486
v  1555.9338 25.9761 792.4609
v  1606.6548 12.0318 603.7486
v  1606.6548 12.0317 792.4609
v  1660.5278 7.1946 603.7486
v  1660.5278 7.1946 792.4609
v  1714.4009 12.0317 603.7486
v  1714.4009 12.0317 792.4609
v  1765.1222 25.9761 603.7486
v  1765.1222 25.9760 792.4609
v  1811.8408 48.1768 603.7486
v  1811.8408 48.1768 792.4609
v  1853.7061 77.7831 603.7486
v  1853.7061 77.7831 792.4609
v  1889.8672 113.9444 603.7486
v  1889.8672 113.9444 792.4609
v  1919.4736 155.8097 603.7486
v  1919.4736 155.8096 792.4610
v  1941.6743 202.5283 603.7487
v  1941.6743 202.5283 792.4610
v  1955.6187 253.2495 603.7487
v  1955.6187 253.2495 792.4610
v  1939.4285 358.0399 809.7814
v  1944.0002 307.1226 809.7814
v  1926.2493 405.9783 809.7814
v  1905.2665 450.1337 809.7814
v  1877.2847 489.7021 809.7814
v  1843.1073 523.8793 809.7814
v  1803.5391 551.8613 809.7814
v  1759.3835 572.8439 809.7814
v  1711.4452 586.0232 809.7814
v  1660.5278 590.5950 809.7814
v  1609.6106 586.0232 809.7814
v  1561.6719 572.8439 809.7814
v  1517.5168 551.8612 809.7814
v  1477.9479 523.8793 809.7814
v  1443.7709 489.7020 809.7814
v  1415.7888 450.1337 809.7814
v  1394.8069 405.9782 809.7814
v  1381.6268 358.0399 809.7814
v  1377.0559 307.1226 809.7814
v  1381.6268 256.2053 809.7813
v  1394.8069 208.2668 809.7813
v  1415.7888 164.1114 809.7813
v  1443.7709 124.5431 809.7813
v  1477.9479 90.3659 809.7813
v  1517.5168 62.3839 809.7813
v  1561.6719 41.4012 809.7813
v  1609.6106 28.2219 809.7813
v  1660.5278 23.6502 809.7813
v  1711.4452 28.2219 809.7813
v  1759.3835 41.4012 809.7813
v  1803.5391 62.3839 809.7813
v  1843.1074 90.3658 809.7813
v  1877.2847 124.5431 809.7813
v  1905.2666 164.1115 809.7813
v  1926.2493 208.2669 809.7813
v  1939.4285 256.2053 809.7813
v  1919.3923 354.3820 812.4723
v  1923.6357 307.1226 812.4723
v  1907.1599 398.8765 812.4723
v  1887.6846 439.8598 812.4723
v  1861.7129 476.5856 812.4723
v  1829.9910 508.3076 812.4723
v  1793.2651 534.2794 812.4724
v  1752.2817 553.7546 812.4724
v  1707.7874 565.9871 812.4724
v  1660.5278 570.2304 812.4724
v  1613.2686 565.9871 812.4724
v  1568.7739 553.7546 812.4724
v  1527.7909 534.2793 812.4724
v  1491.0648 508.3076 812.4723
v  1459.3429 476.5856 812.4723
v  1433.3708 439.8598 812.4723
v  1413.8959 398.8765 812.4723
v  1401.6638 354.3820 812.4723
v  1397.4199 307.1226 812.4723
v  1401.6638 259.8631 812.4723
v  1413.8959 215.3686 812.4723
v  1433.3708 174.3853 812.4723
v  1459.3429 137.6595 812.4723
v  1491.0648 105.9376 812.4723
v  1527.7909 79.9658 812.4722
v  1568.7739 60.4905 812.4722
v  1613.2686 48.2580 812.4722
v  1660.5278 44.0147 812.4722
v  1707.7874 48.2580 812.4722
v  1752.2817 60.4905 812.4722
v  1793.2651 79.9659 812.4722
v  1829.9910 105.9375 812.4723
v  1861.7129 137.6595 812.4723
v  1887.6847 174.3853 812.4723
v  1907.1599 215.3686 812.4723
v  1919.3923 259.8632 812.4723
v  1876.0378 346.4670 812.4496
v  1879.5706 307.1226 812.4496
v  1865.8540 383.5096 812.4496
v  1849.6404 417.6290 812.4496
v  1828.0186 448.2040 812.4496
v  1801.6093 474.6132 812.4496
v  1771.0343 496.2352 812.4496
v  1736.9148 512.4487 812.4496
v  1699.8723 522.6326 812.4496
v  1660.5278 526.1652 812.4496
v  1621.1833 522.6326 812.4496
v  1584.1409 512.4487 812.4496
v  1550.0209 496.2352 812.4496
v  1519.4459 474.6132 812.4496
v  1493.0369 448.2040 812.4496
v  1471.4149 417.6290 812.4496
v  1455.2019 383.5096 812.4496
v  1445.0178 346.4670 812.4496
v  1441.4849 307.1226 812.4496
v  1445.0178 267.7781 812.4496
v  1455.2019 230.7355 812.4496
v  1471.4149 196.6161 812.4496
v  1493.0369 166.0411 812.4496
v  1519.4459 139.6320 812.4496
v  1550.0209 118.0099 812.4496
v  1584.1409 101.7964 812.4496
v  1621.1833 91.6126 812.4496
v  1660.5278 88.0800 812.4496
v  1699.8723 91.6126 812.4496
v  1736.9148 101.7964 812.4496
v  1771.0343 118.0100 812.4496
v  1801.6093 139.6320 812.4496
v  1828.0186 166.0411 812.4496
v  1849.6405 196.6161 812.4496
v  1865.8540 230.7356 812.4496
v  1876.0378 267.7781 812.4496
v  1866.3615 344.7004 803.9357
v  1869.7355 307.1226 803.9357
v  1856.6349 380.0799 803.9357
v  1841.1493 412.6673 803.9357
v  1820.4982 441.8695 803.9357
v  1795.2747 467.0929 803.9357
v  1766.0725 487.7441 803.9357
v  1733.4851 503.2296 803.9357
v  1698.1057 512.9562 803.9357
v  1660.5278 516.3302 803.9357
v  1622.9500 512.9562 803.9357
v  1587.5706 503.2297 803.9357
v  1554.9829 487.7440 803.9357
v  1525.7809 467.0929 803.9357
v  1500.5579 441.8695 803.9357
v  1479.9059 412.6673 803.9357
v  1464.4209 380.0798 803.9357
v  1454.6938 344.7004 803.9357
v  1451.3198 307.1226 803.9357
v  1454.6938 269.5447 803.9357
v  1464.4209 234.1653 803.9357
v  1479.9059 201.5778 803.9357
v  1500.5579 172.3757 803.9357
v  1525.7809 147.1523 803.9357
v  1554.9829 126.5011 803.9357
v  1587.5706 111.0155 803.9357
v  1622.9500 101.2890 803.9357
v  1660.5278 97.9149 803.9357
v  1698.1057 101.2889 803.9357
v  1733.4851 111.0155 803.9357
v  1766.0725 126.5011 803.9357
v  1795.2748 147.1523 803.9357
v  1820.4980 172.3757 803.9357
v  1841.1494 201.5778 803.9357
v  1856.6349 234.1653 803.9357
v  1866.3615 269.5447 803.9357
v  1851.5745 342.0009 803.9128
v  1854.7061 307.1226 803.9128
v  1842.5466 374.8386 803.9128
v  1828.1735 405.0851 803.9128
v  1809.0060 432.1893 803.9128
v  1785.5946 455.6006 803.9128
v  1758.4902 474.7683 803.9128
v  1728.2439 489.1414 803.9128
v  1695.4060 498.1692 803.9128
v  1660.5278 501.3008 803.9128
v  1625.6497 498.1692 803.9128
v  1592.8118 489.1414 803.9128
v  1562.5649 474.7683 803.9128
v  1535.4609 455.6007 803.9128
v  1512.0499 432.1893 803.9128
v  1492.8818 405.0850 803.9128
v  1478.5089 374.8386 803.9128
v  1469.4808 342.0008 803.9128
v  1466.3499 307.1226 803.9128
v  1469.4808 272.2443 803.9127
v  1478.5089 239.4065 803.9127
v  1492.8818 209.1601 803.9127
v  1512.0499 182.0558 803.9127
v  1535.4609 158.6445 803.9127
v  1562.5649 139.4768 803.9127
v  1592.8118 125.1037 803.9127
v  1625.6497 116.0760 803.9127
v  1660.5278 112.9443 803.9127
v  1695.4060 116.0759 803.9127
v  1728.2439 125.1037 803.9127
v  1758.4902 139.4769 803.9127
v  1785.5946 158.6445 803.9127
v  1809.0059 182.0558 803.9127
v  1828.1736 209.1601 803.9127
v  1842.5466 239.4066 803.9127
v  1851.5745 272.2443 803.9127
v  1849.7438 341.6666 792.3294
v  1852.8455 307.1226 792.3294
v  1840.8025 374.1898 792.3294
v  1826.5671 404.1463 792.3294
v  1807.5833 430.9909 792.3294
v  1784.3960 454.1779 792.3294
v  1757.5515 473.1619 792.3294
v  1727.5950 487.3972 792.3294
v  1695.0719 496.3385 792.3294
v  1660.5278 499.4402 792.3294
v  1625.9838 496.3386 792.3294
v  1593.4607 487.3972 792.3294
v  1563.5039 473.1618 792.3294
v  1536.6599 454.1779 792.3294
v  1513.4729 430.9909 792.3294
v  1494.4889 404.1463 792.3294
v  1480.2529 374.1897 792.3294
v  1471.3119 341.6666 792.3294
v  1468.2098 307.1226 792.3294
v  1471.3119 272.5785 792.3293
v  1480.2529 240.0554 792.3293
v  1494.4889 210.0988 792.3293
v  1513.4729 183.2542 792.3293
v  1536.6599 160.0672 792.3293
v  1563.5039 141.0833 792.3293
v  1593.4607 126.8479 792.3293
v  1625.9838 117.9066 792.3293
v  1660.5278 114.8050 792.3293
v  1695.0719 117.9066 792.3293
v  1727.5950 126.8479 792.3293
v  1757.5515 141.0833 792.3293
v  1784.3962 160.0672 792.3293
v  1807.5833 183.2542 792.3293
v  1826.5671 210.0988 792.3293
v  1840.8025 240.0554 792.3293
v  1849.7438 272.5785 792.3293
v  1719.4491 317.8795 792.3294
v  1720.4148 307.1226 792.3294
v  1716.6648 328.0071 792.3294
v  1712.2319 337.3354 792.3294
v  1706.3203 345.6948 792.3294
v  1699.1001 352.9151 792.3294
v  1690.7407 358.8267 792.3294
v  1681.4124 363.2595 792.3294
v  1671.2848 366.0438 792.3294
v  1660.5278 367.0096 792.3294
v  1649.7710 366.0438 792.3294
v  1639.6433 363.2595 792.3294
v  1630.3149 358.8267 792.3294
v  1621.9556 352.9151 792.3294
v  1614.7354 345.6948 792.3294
v  1608.8237 337.3354 792.3294
v  1604.3909 328.0070 792.3294
v  1601.6066 317.8795 792.3294
v  1600.6409 307.1226 792.3294
v  1601.6066 296.3656 792.3294
v  1604.3909 286.2381 792.3294
v  1608.8237 276.9097 792.3294
v  1614.7354 268.5504 792.3294
v  1621.9556 261.3300 792.3294
v  1630.3149 255.4185 792.3294
v  1639.6433 250.9856 792.3294
v  1649.7710 248.2013 792.3294
v  1660.5278 247.2355 792.3294
v  1671.2848 248.2013 792.3294
v  1681.4124 250.9856 792.3294
v  1690.7407 255.4185 792.3294
v  1699.1001 261.3300 792.3294
v  1706.3203 268.5504 792.3294
v  1712.2319 276.9097 792.3294
v  1716.6648 286.2381 792.3294
v  1719.4491 296.3657 792.3294
v  1703.0088 314.8781 794.5769
v  1703.7053 307.1226 794.5769
v  1701.0015 322.1799 794.5769
v  1697.8054 328.9055 794.5769
v  1693.5435 334.9324 794.5769
v  1688.3376 340.1381 794.5769
v  1682.3108 344.4002 794.5769
v  1675.5852 347.5962 794.5769
v  1668.2834 349.6036 794.5769
v  1660.5278 350.3000 794.5769
v  1652.7722 349.6036 794.5769
v  1645.4705 347.5962 794.5769
v  1638.7450 344.4002 794.5769
v  1632.7180 340.1381 794.5769
v  1627.5122 334.9324 794.5769
v  1623.2502 328.9055 794.5769
v  1620.0542 322.1799 794.5769
v  1618.0468 314.8781 794.5769
v  1617.3503 307.1226 794.5769
v  1618.0468 299.3670 794.5769
v  1620.0542 292.0652 794.5769
v  1623.2502 285.3397 794.5769
v  1627.5122 279.3127 794.5769
v  1632.7180 274.1070 794.5769
v  1638.7450 269.8449 794.5769
v  1645.4705 266.6489 794.5769
v  1652.7722 264.6415 794.5769
v  1660.5278 263.9452 794.5769
v  1668.2834 264.6415 794.5769
v  1675.5852 266.6489 794.5769
v  1682.3108 269.8449 794.5769
v  1688.3376 274.1070 794.5769
v  1693.5435 279.3127 794.5769
v  1697.8054 285.3397 794.5769
v  1701.0015 292.0652 794.5769
v  1703.0088 299.3670 794.5769
v  1660.5278 307.1226 794.5770
v  1957.5818 307.1226 591.8104
v  1952.7910 360.4794 591.8104
v  1952.7910 253.7658 591.8104
v  1938.9802 203.5306 591.8104
v  1916.9922 157.2596 591.8104
v  1887.6697 115.7955 591.8103
v  1851.8550 79.9807 591.8103
v  1810.3909 50.6582 591.8103
v  1764.1199 28.6701 591.8103
v  1713.8848 14.8594 591.8103
v  1660.5278 10.0687 591.8103
v  1607.1709 14.8595 591.8103
v  1556.9358 28.6702 591.8103
v  1510.6649 50.6581 591.8103
v  1469.2009 79.9807 591.8103
v  1433.3859 115.7954 591.8103
v  1404.0629 157.2596 591.8104
v  1382.0748 203.5305 591.8104
v  1368.2649 253.7657 591.8104
v  1363.4739 307.1226 591.8104
v  1368.2649 360.4794 591.8104
v  1382.0759 410.7146 591.8104
v  1404.0629 456.9855 591.8104
v  1433.3859 498.4497 591.8104
v  1469.2009 534.2645 591.8104
v  1510.6649 563.5870 591.8104
v  1556.9358 585.5751 591.8104
v  1607.1709 599.3858 591.8104
v  1660.5278 604.1766 591.8104
v  1713.8848 599.3857 591.8104
v  1764.1198 585.5751 591.8104
v  1810.3909 563.5872 591.8104
v  1851.8549 534.2644 591.8104
v  1887.6697 498.4498 591.8104
v  1916.9922 456.9856 591.8104
v  1938.9805 410.7146 591.8104
v  1951.9429 307.1226 585.7668
v  1947.2432 359.4666 585.7668
v  1947.2432 254.7786 585.7668
v  1933.6945 205.4970 585.7668
v  1912.1240 160.1044 585.7668
v  1883.3579 119.4274 585.7668
v  1848.2231 84.2925 585.7668
v  1807.5459 55.5266 585.7668
v  1762.1533 33.9559 585.7668
v  1712.8718 20.4074 585.7668
v  1660.5278 15.7076 585.7668
v  1608.1838 20.4074 585.7668
v  1558.9019 33.9559 585.7668
v  1513.5099 55.5265 585.7668
v  1472.8329 84.2925 585.7668
v  1437.6979 119.4273 585.7668
v  1408.9319 160.1044 585.7668
v  1387.3608 205.4970 585.7668
v  1373.8129 254.7786 585.7668
v  1369.1129 307.1226 585.7668
v  1373.8129 359.4665 585.7668
v  1387.3608 408.7481 585.7668
v  1408.9319 454.1407 585.7668
v  1437.6979 494.8178 585.7668
v  1472.8329 529.9527 585.7668
v  1513.5099 558.7186 585.7668
v  1558.9019 580.2893 585.7668
v  1608.1838 593.8379 585.7668
v  1660.5278 598.5377 585.7668
v  1712.8718 593.8378 585.7668
v  1762.1533 580.2893 585.7668
v  1807.5459 558.7188 585.7668
v  1848.2229 529.9526 585.7668
v  1883.3579 494.8178 585.7668
v  1912.1239 454.1408 585.7668
v  1933.6945 408.7482 585.7668
v  1938.4961 307.1226 582.5772
v  1934.0132 357.0512 582.5772
v  1934.0132 257.1939 582.5772
v  1921.0898 210.1863 582.5772
v  1900.5146 166.8882 582.5771
v  1873.0759 128.0882 582.5771
v  1839.5623 94.5745 582.5771
v  1800.7622 67.1359 582.5771
v  1757.4641 46.5606 582.5771
v  1710.4565 33.6372 582.5771
v  1660.5278 29.1543 582.5771
v  1610.5991 33.6373 582.5771
v  1563.5918 46.5606 582.5771
v  1520.2938 67.1359 582.5771
v  1481.4929 94.5745 582.5771
v  1447.9799 128.0881 582.5771
v  1420.5409 166.8882 582.5771
v  1399.9658 210.1863 582.5772
v  1387.0428 257.1939 582.5772
v  1382.5599 307.1226 582.5772
v  1387.0428 357.0512 582.5772
v  1399.9658 404.0588 582.5772
v  1420.5409 447.3569 582.5772
v  1447.9799 486.1570 582.5772
v  1481.4929 519.6707 582.5773
v  1520.2938 547.1093 582.5773
v  1563.5918 567.6846 582.5773
v  1610.5991 580.6080 582.5773
v  1660.5278 585.0909 582.5773
v  1710.4565 580.6080 582.5773
v  1757.4641 567.6846 582.5773
v  1800.7622 547.1094 582.5773
v  1839.5623 519.6707 582.5773
v  1873.0759 486.1570 582.5772
v  1900.5144 447.3569 582.5772
v  1921.0898 404.0589 582.5772
v  1872.7822 307.1226 582.5772
v  1869.3591 345.2477 582.5772
v  1869.3590 268.9975 582.5772
v  1859.4910 233.1028 582.5772
v  1843.7798 200.0408 582.5772
v  1822.8278 170.4134 582.5771
v  1797.2371 144.8226 582.5771
v  1767.6096 123.8707 582.5771
v  1734.5476 108.1596 582.5771
v  1698.6530 98.2914 582.5771
v  1660.5278 94.8682 582.5771
v  1622.4026 98.2914 582.5771
v  1586.5081 108.1596 582.5771
v  1553.4458 123.8707 582.5771
v  1523.8188 144.8226 582.5771
v  1498.2279 170.4133 582.5771
v  1477.2759 200.0408 582.5772
v  1461.5648 233.1028 582.5772
v  1451.6969 268.9974 582.5772
v  1448.2739 307.1226 582.5772
v  1451.6969 345.2477 582.5772
v  1461.5648 381.1423 582.5772
v  1477.2759 414.2044 582.5772
v  1498.2279 443.8318 582.5772
v  1523.8188 469.4226 582.5772
v  1553.4458 490.3745 582.5772
v  1586.5081 506.0856 582.5772
v  1622.4026 515.9539 582.5772
v  1660.5278 519.3770 582.5773
v  1698.6530 515.9538 582.5772
v  1734.5476 506.0856 582.5772
v  1767.6096 490.3745 582.5772
v  1797.2371 469.4226 582.5772
v  1822.8278 443.8318 582.5772
v  1843.7797 414.2044 582.5772
v  1859.4910 381.1423 582.5772
v  1868.8281 307.1226 589.3758
v  1865.4688 344.5375 589.3759
v  1865.4688 269.7077 589.3758
v  1855.7844 234.4818 589.3758
v  1840.3660 202.0356 589.3758
v  1819.8042 172.9601 589.3758
v  1794.6904 147.8461 589.3758
v  1765.6147 127.2845 589.3758
v  1733.1687 111.8661 589.3758
v  1697.9427 102.1817 589.3758
v  1660.5278 98.8223 589.3758
v  1623.1130 102.1817 589.3758
v  1587.8870 111.8661 589.3758
v  1555.4409 127.2845 589.3758
v  1526.3658 147.8461 589.3758
v  1501.2518 172.9601 589.3758
v  1480.6898 202.0356 589.3758
v  1465.2709 234.4817 589.3758
v  1455.5869 269.7077 589.3758
v  1452.2279 307.1226 589.3758
v  1455.5869 344.5374 589.3759
v  1465.2709 379.7634 589.3759
v  1480.6898 412.2096 589.3759
v  1501.2518 441.2851 589.3759
v  1526.3658 466.3991 589.3759
v  1555.4409 486.9607 589.3759
v  1587.8870 502.3792 589.3759
v  1623.1128 512.0635 589.3759
v  1660.5278 515.4229 589.3759
v  1697.9426 512.0635 589.3759
v  1733.1687 502.3792 589.3759
v  1765.6147 486.9608 589.3759
v  1794.6903 466.3991 589.3759
v  1819.8042 441.2851 589.3759
v  1840.3660 412.2096 589.3759
v  1855.7844 379.7634 589.3759
v  1855.6160 307.1226 589.9910
v  1852.4695 342.1643 589.9910
v  1852.4695 272.0809 589.9910
v  1843.3994 239.0893 589.9910
v  1828.9590 208.7012 589.9910
v  1809.7017 181.4699 589.9910
v  1786.1807 157.9489 589.9910
v  1758.9492 138.6915 589.9909
v  1728.5610 124.2510 589.9909
v  1695.5695 115.1809 589.9909
v  1660.5278 112.0346 589.9909
v  1625.4862 115.1810 589.9909
v  1592.4946 124.2510 589.9909
v  1562.1069 138.6915 589.9909
v  1534.8749 157.9489 589.9910
v  1511.3539 181.4699 589.9910
v  1492.0969 208.7012 589.9910
v  1477.6559 239.0893 589.9910
v  1468.5859 272.0809 589.9910
v  1465.4398 307.1226 589.9910
v  1468.5859 342.1642 589.9910
v  1477.6559 375.1559 589.9910
v  1492.0969 405.5440 589.9910
v  1511.3539 432.7753 589.9910
v  1534.8749 456.2963 589.9910
v  1562.1069 475.5537 589.9910
v  1592.4945 489.9942 589.9910
v  1625.4862 499.0643 589.9910
v  1660.5278 502.2106 589.9910
v  1695.5695 499.0643 589.9910
v  1728.5610 489.9942 589.9910
v  1758.9492 475.5538 589.9910
v  1786.1804 456.2963 589.9910
v  1809.7017 432.7753 589.9910
v  1828.9590 405.5440 589.9910
v  1843.3994 375.1559 589.9910
v  1851.9126 307.1226 604.1822
v  1848.8259 341.4991 604.1822
v  1848.8259 272.7461 604.1822
v  1839.9280 240.3808 604.1822
v  1825.7617 210.5695 604.1822
v  1806.8698 183.8552 604.1822
v  1783.7953 160.7806 604.1822
v  1757.0811 141.8888 604.1822
v  1727.2697 127.7224 604.1822
v  1694.9043 118.8245 604.1822
v  1660.5278 115.7379 604.1822
v  1626.1514 118.8245 604.1822
v  1593.7859 127.7224 604.1822
v  1563.9749 141.8887 604.1822
v  1537.2609 160.7806 604.1822
v  1514.1859 183.8551 604.1822
v  1495.2938 210.5695 604.1822
v  1481.1279 240.3807 604.1822
v  1472.2299 272.7461 604.1822
v  1469.1428 307.1226 604.1822
v  1472.2299 341.4991 604.1822
v  1481.1279 373.8644 604.1823
v  1495.2938 403.6757 604.1823
v  1514.1859 430.3900 604.1823
v  1537.2609 453.4646 604.1823
v  1563.9749 472.3564 604.1823
v  1593.7859 486.5228 604.1823
v  1626.1514 495.4207 604.1823
v  1660.5278 498.5073 604.1823
v  1694.9043 495.4207 604.1823
v  1727.2697 486.5228 604.1823
v  1757.0811 472.3565 604.1823
v  1783.7952 453.4646 604.1823
v  1806.8698 430.3901 604.1823
v  1825.7617 403.6757 604.1823
v  1839.9280 373.8644 604.1823
v  1835.0295 307.1226 610.8055
v  1832.2151 338.4666 610.8055
v  1832.2151 275.7786 610.8055
v  1824.1022 246.2684 610.8055
v  1811.1855 219.0869 610.8055
v  1793.9602 194.7292 610.8055
v  1772.9213 173.6902 610.8055
v  1748.5635 156.4649 610.8055
v  1721.3820 143.5482 610.8055
v  1691.8718 135.4352 610.8055
v  1660.5278 132.6209 610.8055
v  1629.1838 135.4353 610.8055
v  1599.6737 143.5482 610.8055
v  1572.4922 156.4649 610.8055
v  1548.1349 173.6902 610.8055
v  1527.0958 194.7292 610.8055
v  1509.8699 219.0869 610.8055
v  1496.9539 246.2684 610.8055
v  1488.8408 275.7786 610.8055
v  1486.0259 307.1226 610.8055
v  1488.8408 338.4666 610.8055
v  1496.9539 367.9768 610.8055
v  1509.8699 395.1582 610.8055
v  1527.0958 419.5160 610.8055
v  1548.1349 440.5550 610.8055
v  1572.4922 457.7803 610.8055
v  1599.6737 470.6970 610.8055
v  1629.1838 478.8100 610.8056
v  1660.5278 481.6243 610.8056
v  1691.8718 478.8099 610.8056
v  1721.3820 470.6970 610.8055
v  1748.5635 457.7803 610.8055
v  1772.9211 440.5550 610.8055
v  1793.9602 419.5160 610.8055
v  1811.1855 395.1583 610.8055
v  1824.1022 367.9768 610.8055
v  1830.2859 307.1226 630.9140
v  1827.5481 337.6145 630.9140
v  1827.5481 276.6307 630.9140
v  1819.6558 247.9227 630.9140
v  1807.0901 221.4801 630.9140
v  1790.3330 197.7845 630.9140
v  1769.8660 177.3174 630.9140
v  1746.1704 160.5603 630.9140
v  1719.7278 147.9948 630.9140
v  1691.0198 140.1024 630.9140
v  1660.5278 137.3646 630.9140
v  1630.0359 140.1024 630.9140
v  1601.3279 147.9948 630.9140
v  1574.8853 160.5603 630.9140
v  1551.1899 177.3174 630.9140
v  1530.7229 197.7845 630.9140
v  1513.9658 221.4801 630.9140
v  1501.3999 247.9226 630.9140
v  1493.5079 276.6306 630.9140
v  1490.7699 307.1226 630.9140
v  1493.5079 337.6145 630.9140
v  1501.3999 366.3225 630.9140
v  1513.9658 392.7651 630.9140
v  1530.7229 416.4607 630.9140
v  1551.1899 436.9278 630.9141
v  1574.8853 453.6849 630.9141
v  1601.3279 466.2504 630.9140
v  1630.0359 474.1428 630.9141
v  1660.5278 476.8806 630.9141
v  1691.0198 474.1428 630.9141
v  1719.7278 466.2504 630.9140
v  1746.1704 453.6849 630.9141
v  1769.8660 436.9278 630.9141
v  1790.3330 416.4607 630.9140
v  1807.0901 392.7651 630.9140
v  1819.6558 366.3225 630.9140
v  1830.2859 307.1226 684.0009
v  1827.5481 337.6145 684.0009
v  1827.5481 276.6307 684.0009
v  1819.6558 247.9227 684.0009
v  1807.0901 221.4801 684.0009
v  1790.3330 197.7845 684.0009
v  1769.8660 177.3174 684.0009
v  1746.1704 160.5603 684.0009
v  1719.7278 147.9948 684.0009
v  1691.0198 140.1024 684.0009
v  1660.5278 137.3645 684.0009
v  1630.0359 140.1024 684.0009
v  1601.3279 147.9948 684.0009
v  1574.8853 160.5603 684.0009
v  1551.1899 177.3174 684.0009
v  1530.7229 197.7845 684.0009
v  1513.9658 221.4801 684.0009
v  1501.3999 247.9226 684.0009
v  1493.5079 276.6306 684.0009
v  1490.7699 307.1226 684.0009
v  1493.5079 337.6145 684.0009
v  1501.3999 366.3225 684.0009
v  1513.9658 392.7651 684.0009
v  1530.7229 416.4607 684.0009
v  1551.1899 436.9278 684.0009
v  1574.8853 453.6848 684.0009
v  1601.3279 466.2504 684.0009
v  1630.0359 474.1428 684.0009
v  1660.5278 476.8806 684.0009
v  1691.0198 474.1428 684.0009
v  1719.7278 466.2504 684.0009
v  1746.1704 453.6849 684.0009
v  1769.8660 436.9278 684.0009
v  1790.3330 416.4607 684.0009
v  1807.0901 392.7651 684.0009
v  1819.6558 366.3225 684.0009
v  1815.3107 307.1226 685.1583
v  1812.8145 334.9247 685.1583
v  1812.8145 279.3205 685.1583
v  1805.6182 253.1450 685.1583
v  1794.1611 229.0350 685.1583
v  1778.8822 207.4298 685.1583
v  1760.2207 188.7682 685.1583
v  1738.6154 173.4893 685.1583
v  1714.5055 162.0323 685.1583
v  1688.3298 154.8361 685.1583
v  1660.5278 152.3398 685.1583
v  1632.7258 154.8361 685.1583
v  1606.5503 162.0323 685.1583
v  1582.4403 173.4893 685.1583
v  1560.8350 188.7682 685.1583
v  1542.1738 207.4297 685.1583
v  1526.8949 229.0350 685.1583
v  1515.4379 253.1450 685.1583
v  1508.2418 279.3205 685.1583
v  1505.7449 307.1226 685.1583
v  1508.2418 334.9247 685.1583
v  1515.4379 361.1002 685.1583
v  1526.8949 385.2101 685.1583
v  1542.1738 406.8154 685.1583
v  1560.8350 425.4770 685.1583
v  1582.4403 440.7558 685.1583
v  1606.5503 452.2129 685.1583
v  1632.7258 459.4091 685.1583
v  1660.5278 461.9054 685.1583
v  1688.3298 459.4091 685.1583
v  1714.5055 452.2129 685.1583
v  1738.6154 440.7559 685.1583
v  1760.2207 425.4770 685.1583
v  1778.8822 406.8154 685.1583
v  1794.1611 385.2101 685.1583
v  1805.6182 361.1002 685.1583
v  1660.5278 307.1226 685.1583
v  1955.6187 360.9956 -645.9167
v  1960.4558 307.1226 -645.9167
v  1960.4558 307.1226 -834.6290
v  1955.6187 360.9956 -834.6290
v  1941.6743 411.7169 -645.9167
v  1941.6743 411.7169 -834.6290
v  1919.4736 458.4355 -645.9167
v  1919.4736 458.4355 -834.6290
v  1889.8672 500.3008 -645.9167
v  1889.8672 500.3008 -834.6291
v  1853.7061 536.4620 -645.9167
v  1853.7061 536.4620 -834.6291
v  1811.8408 566.0684 -645.9167
v  1811.8408 566.0684 -834.6291
v  1765.1221 588.2690 -645.9167
v  1765.1221 588.2690 -834.6291
v  1714.4009 602.2134 -645.9167
v  1714.4009 602.2134 -834.6291
v  1660.5278 607.0505 -645.9167
v  1660.5278 607.0505 -834.6291
v  1606.6548 602.2134 -645.9167
v  1606.6548 602.2134 -834.6291
v  1555.9338 588.2691 -645.9167
v  1555.9338 588.2690 -834.6291
v  1509.2148 566.0684 -645.9167
v  1509.2148 566.0683 -834.6291
v  1467.3499 536.4620 -645.9167
v  1467.3499 536.4620 -834.6291
v  1431.1879 500.3008 -645.9167
v  1431.1879 500.3008 -834.6291
v  1401.5819 458.4355 -645.9167
v  1401.5819 458.4355 -834.6290
v  1379.3809 411.7168 -645.9167
v  1379.3809 411.7168 -834.6290
v  1365.4369 360.9956 -645.9167
v  1365.4369 360.9956 -834.6290
v  1360.5999 307.1226 -645.9167
v  1360.5999 307.1226 -834.6290
v  1365.4369 253.2495 -645.9167
v  1365.4369 253.2495 -834.6290
v  1379.3809 202.5283 -645.9167
v  1379.3809 202.5283 -834.6290
v  1401.5819 155.8096 -645.9166
v  1401.5819 155.8096 -834.6290
v  1431.1879 113.9443 -645.9166
v  1431.1879 113.9443 -834.6288
v  1467.3499 77.7831 -645.9166
v  1467.3499 77.7831 -834.6288
v  1509.2148 48.1768 -645.9166
v  1509.2148 48.1768 -834.6288
v  1555.9338 25.9761 -645.9166
v  1555.9338 25.9761 -834.6288
v  1606.6548 12.0318 -645.9166
v  1606.6548 12.0317 -834.6288
v  1660.5278 7.1946 -645.9166
v  1660.5278 7.1946 -834.6288
v  1714.4009 12.0317 -645.9166
v  1714.4009 12.0317 -834.6288
v  1765.1222 25.9761 -645.9166
v  1765.1222 25.9760 -834.6288
v  1811.8408 48.1768 -645.9166
v  1811.8408 48.1768 -834.6288
v  1853.7061 77.7831 -645.9166
v  1853.7061 77.7831 -834.6288
v  1889.8672 113.9444 -645.9166
v  1889.8672 113.9444 -834.6288
v  1919.4736 155.8097 -645.9166
v  1919.4736 155.8096 -834.6290
v  1941.6743 202.5283 -645.9167
v  1941.6743 202.5283 -834.6290
v  1955.6187 253.2495 -645.9167
v  1955.6187 253.2495 -834.6290
v  1944.0002 307.1226 -851.9493
v  1939.4285 358.0399 -851.9493
v  1926.2493 405.9783 -851.9493
v  1905.2665 450.1337 -851.9493
v  1877.2847 489.7021 -851.9493
v  1843.1073 523.8793 -851.9493
v  1803.5391 551.8613 -851.9493
v  1759.3835 572.8439 -851.9493
v  1711.4452 586.0232 -851.9493
v  1660.5278 590.5950 -851.9493
v  1609.6106 586.0232 -851.9493
v  1561.6719 572.8439 -851.9493
v  1517.5168 551.8612 -851.9493
v  1477.9479 523.8793 -851.9493
v  1443.7709 489.7020 -851.9493
v  1415.7888 450.1337 -851.9493
v  1394.8069 405.9782 -851.9493
v  1381.6268 358.0399 -851.9493
v  1377.0559 307.1226 -851.9493
v  1381.6268 256.2053 -851.9493
v  1394.8069 208.2668 -851.9493
v  1415.7888 164.1114 -851.9493
v  1443.7709 124.5431 -851.9493
v  1477.9479 90.3659 -851.9493
v  1517.5168 62.3839 -851.9493
v  1561.6719 41.4012 -851.9493
v  1609.6106 28.2219 -851.9493
v  1660.5278 23.6502 -851.9493
v  1711.4452 28.2219 -851.9493
v  1759.3835 41.4012 -851.9493
v  1803.5391 62.3839 -851.9493
v  1843.1074 90.3658 -851.9493
v  1877.2847 124.5431 -851.9493
v  1905.2666 164.1115 -851.9493
v  1926.2493 208.2669 -851.9493
v  1939.4285 256.2053 -851.9493
v  1923.6357 307.1226 -854.6403
v  1919.3923 354.3820 -854.6403
v  1907.1599 398.8765 -854.6403
v  1887.6846 439.8598 -854.6403
v  1861.7129 476.5856 -854.6403
v  1829.9910 508.3076 -854.6403
v  1793.2651 534.2794 -854.6404
v  1752.2817 553.7546 -854.6404
v  1707.7874 565.9871 -854.6404
v  1660.5278 570.2304 -854.6404
v  1613.2686 565.9871 -854.6404
v  1568.7739 553.7546 -854.6404
v  1527.7909 534.2793 -854.6404
v  1491.0648 508.3076 -854.6403
v  1459.3429 476.5856 -854.6403
v  1433.3708 439.8598 -854.6403
v  1413.8959 398.8765 -854.6403
v  1401.6638 354.3820 -854.6403
v  1397.4199 307.1226 -854.6403
v  1401.6638 259.8631 -854.6403
v  1413.8959 215.3686 -854.6403
v  1433.3708 174.3853 -854.6403
v  1459.3429 137.6595 -854.6403
v  1491.0648 105.9376 -854.6403
v  1527.7909 79.9658 -854.6402
v  1568.7739 60.4905 -854.6402
v  1613.2686 48.2580 -854.6402
v  1660.5278 44.0147 -854.6402
v  1707.7874 48.2580 -854.6402
v  1752.2817 60.4905 -854.6402
v  1793.2651 79.9659 -854.6402
v  1829.9910 105.9375 -854.6403
v  1861.7129 137.6595 -854.6403
v  1887.6847 174.3853 -854.6403
v  1907.1599 215.3686 -854.6403
v  1919.3923 259.8632 -854.6403
v  1879.5706 307.1226 -854.6176
v  1876.0378 346.4670 -854.6176
v  1865.8540 383.5096 -854.6176
v  1849.6404 417.6290 -854.6176
v  1828.0186 448.2040 -854.6176
v  1801.6093 474.6132 -854.6176
v  1771.0343 496.2352 -854.6176
v  1736.9148 512.4487 -854.6176
v  1699.8723 522.6326 -854.6176
v  1660.5278 526.1652 -854.6176
v  1621.1833 522.6326 -854.6176
v  1584.1409 512.4487 -854.6176
v  1550.0209 496.2352 -854.6176
v  1519.4459 474.6132 -854.6176
v  1493.0369 448.2040 -854.6176
v  1471.4149 417.6290 -854.6176
v  1455.2019 383.5096 -854.6176
v  1445.0178 346.4670 -854.6176
v  1441.4849 307.1226 -854.6176
v  1445.0178 267.7781 -854.6176
v  1455.2019 230.7355 -854.6176
v  1471.4149 196.6161 -854.6176
v  1493.0369 166.0411 -854.6176
v  1519.4459 139.6320 -854.6176
v  1550.0209 118.0099 -854.6176
v  1584.1409 101.7964 -854.6176
v  1621.1833 91.6126 -854.6176
v  1660.5278 88.0800 -854.6176
v  1699.8723 91.6126 -854.6176
v  1736.9148 101.7964 -854.6176
v  1771.0343 118.0100 -854.6176
v  1801.6093 139.6320 -854.6176
v  1828.0186 166.0411 -854.6176
v  1849.6405 196.6161 -854.6176
v  1865.8540 230.7356 -854.6176
v  1876.0378 267.7781 -854.6176
v  1869.7355 307.1226 -846.1037
v  1866.3615 344.7004 -846.1037
v  1856.6349 380.0799 -846.1037
v  1841.1493 412.6673 -846.1037
v  1820.4982 441.8695 -846.1037
v  1795.2747 467.0929 -846.1037
v  1766.0725 487.7441 -846.1037
v  1733.4851 503.2296 -846.1037
v  1698.1057 512.9562 -846.1037
v  1660.5278 516.3302 -846.1037
v  1622.9500 512.9562 -846.1037
v  1587.5706 503.2297 -846.1037
v  1554.9829 487.7440 -846.1037
v  1525.7809 467.0929 -846.1037
v  1500.5579 441.8695 -846.1037
v  1479.9059 412.6673 -846.1037
v  1464.4209 380.0798 -846.1037
v  1454.6938 344.7004 -846.1037
v  1451.3198 307.1226 -846.1037
v  1454.6938 269.5447 -846.1037
v  1464.4209 234.1653 -846.1037
v  1479.9059 201.5778 -846.1037
v  1500.5579 172.3757 -846.1037
v  1525.7809 147.1523 -846.1037
v  1554.9829 126.5011 -846.1037
v  1587.5706 111.0155 -846.1037
v  1622.9500 101.2890 -846.1037
v  1660.5278 97.9149 -846.1037
v  1698.1057 101.2889 -846.1037
v  1733.4851 111.0155 -846.1037
v  1766.0725 126.5011 -846.1037
v  1795.2748 147.1523 -846.1037
v  1820.4980 172.3757 -846.1037
v  1841.1494 201.5778 -846.1037
v  1856.6349 234.1653 -846.1037
v  1866.3615 269.5447 -846.1037
v  1854.7061 307.1226 -846.0807
v  1851.5745 342.0009 -846.0807
v  1842.5466 374.8386 -846.0807
v  1828.1735 405.0851 -846.0807
v  1809.0060 432.1893 -846.0807
v  1785.5946 455.6006 -846.0807
v  1758.4902 474.7683 -846.0807
v  1728.2439 489.1414 -846.0807
v  1695.4060 498.1692 -846.0807
v  1660.5278 501.3008 -846.0807
v  1625.6497 498.1692 -846.0807
v  1592.8118 489.1414 -846.0807
v  1562.5649 474.7683 -846.0807
v  1535.4609 455.6007 -846.0807
v  1512.0499 432.1893 -846.0807
v  1492.8818 405.0850 -846.0807
v  1478.5089 374.8386 -846.0807
v  1469.4808 342.0008 -846.0807
v  1466.3499 307.1226 -846.0807
v  1469.4808 272.2443 -846.0807
v  1478.5089 239.4065 -846.0807
v  1492.8818 209.1601 -846.0807
v  1512.0499 182.0558 -846.0807
v  1535.4609 158.6445 -846.0807
v  1562.5649 139.4768 -846.0807
v  1592.8118 125.1037 -846.0807
v  1625.6497 116.0760 -846.0807
v  1660.5278 112.9443 -846.0807
v  1695.4060 116.0759 -846.0807
v  1728.2439 125.1037 -846.0807
v  1758.4902 139.4769 -846.0807
v  1785.5946 158.6445 -846.0807
v  1809.0059 182.0558 -846.0807
v  1828.1736 209.1601 -846.0807
v  1842.5466 239.4066 -846.0807
v  1851.5745 272.2443 -846.0807
v  1852.8455 307.1226 -834.4974
v  1849.7438 341.6666 -834.4974
v  1840.8025 374.1898 -834.4974
v  1826.5671 404.1463 -834.4974
v  1807.5833 430.9909 -834.4974
v  1784.3960 454.1779 -834.4974
v  1757.5515 473.1619 -834.4974
v  1727.5950 487.3972 -834.4974
v  1695.0719 496.3385 -834.4974
v  1660.5278 499.4402 -834.4974
v  1625.9838 496.3386 -834.4974
v  1593.4607 487.3972 -834.4974
v  1563.5039 473.1618 -834.4974
v  1536.6599 454.1779 -834.4974
v  1513.4729 430.9909 -834.4974
v  1494.4889 404.1463 -834.4974
v  1480.2529 374.1897 -834.4974
v  1471.3119 341.6666 -834.4974
v  1468.2098 307.1226 -834.4974
v  1471.3119 272.5785 -834.4973
v  1480.2529 240.0554 -834.4973
v  1494.4889 210.0988 -834.4973
v  1513.4729 183.2542 -834.4973
v  1536.6599 160.0672 -834.4973
v  1563.5039 141.0833 -834.4973
v  1593.4607 126.8479 -834.4973
v  1625.9838 117.9066 -834.4973
v  1660.5278 114.8050 -834.4973
v  1695.0719 117.9066 -834.4973
v  1727.5950 126.8479 -834.4973
v  1757.5515 141.0833 -834.4973
v  1784.3962 160.0672 -834.4973
v  1807.5833 183.2542 -834.4973
v  1826.5671 210.0988 -834.4973
v  1840.8025 240.0554 -834.4973
v  1849.7438 272.5785 -834.4973
v  1720.4148 307.1226 -834.4974
v  1719.4491 317.8795 -834.4974
v  1716.6648 328.0071 -834.4974
v  1712.2319 337.3354 -834.4974
v  1706.3203 345.6948 -834.4974
v  1699.1001 352.9151 -834.4974
v  1690.7407 358.8267 -834.4974
v  1681.4124 363.2595 -834.4974
v  1671.2848 366.0438 -834.4974
v  1660.5278 367.0096 -834.4974
v  1649.7710 366.0438 -834.4974
v  1639.6433 363.2595 -834.4974
v  1630.3149 358.8267 -834.4974
v  1621.9556 352.9151 -834.4974
v  1614.7354 345.6948 -834.4974
v  1608.8237 337.3354 -834.4974
v  1604.3909 328.0070 -834.4974
v  1601.6066 317.8795 -834.4974
v  1600.6409 307.1226 -834.4974
v  1601.6066 296.3656 -834.4974
v  1604.3909 286.2381 -834.4974
v  1608.8237 276.9097 -834.4974
v  1614.7354 268.5504 -834.4974
v  1621.9556 261.3300 -834.4974
v  1630.3149 255.4185 -834.4974
v  1639.6433 250.9856 -834.4974
v  1649.7710 248.2013 -834.4974
v  1660.5278 247.2355 -834.4974
v  1671.2848 248.2013 -834.4974
v  1681.4124 250.9856 -834.4974
v  1690.7407 255.4185 -834.4974
v  1699.1001 261.3300 -834.4974
v  1706.3203 268.5504 -834.4974
v  1712.2319 276.9097 -834.4974
v  1716.6648 286.2381 -834.4974
v  1719.4491 296.3657 -834.4974
v  1703.7053 307.1226 -836.7449
v  1703.0088 314.8781 -836.7449
v  1701.0015 322.1799 -836.7449
v  1697.8054 328.9055 -836.7449
v  1693.5435 334.9324 -836.7449
v  1688.3376 340.1381 -836.7449
v  1682.3108 344.4002 -836.7449
v  1675.5852 347.5962 -836.7449
v  1668.2834 349.6036 -836.7449
v  1660.5278 350.3000 -836.7449
v  1652.7722 349.6036 -836.7449
v  1645.4705 347.5962 -836.7449
v  1638.7450 344.4002 -836.7449
v  1632.7180 340.1381 -836.7449
v  1627.5122 334.9324 -836.7449
v  1623.2502 328.9055 -836.7449
v  1620.0542 322.1799 -836.7449
v  1618.0468 314.8781 -836.7449
v  1617.3503 307.1226 -836.7449
v  1618.0468 299.3670 -836.7449
v  1620.0542 292.0652 -836.7449
v  1623.2502 285.3397 -836.7449
v  1627.5122 279.3127 -836.7449
v  1632.7180 274.1070 -836.7449
v  1638.7450 269.8449 -836.7449
v  1645.4705 266.6489 -836.7449
v  1652.7722 264.6415 -836.7449
v  1660.5278 263.9452 -836.7449
v  1668.2834 264.6415 -836.7449
v  1675.5852 266.6489 -836.7449
v  1682.3108 269.8449 -836.7449
v  1688.3376 274.1070 -836.7449
v  1693.5435 279.3127 -836.7449
v  1697.8054 285.3397 -836.7449
v  1701.0015 292.0652 -836.7449
v  1703.0088 299.3670 -836.7449
v  1660.5278 307.1226 -836.7450
v  1952.7910 360.4794 -633.9784
v  1957.5818 307.1226 -633.9784
v  1952.7910 253.7658 -633.9784
v  1938.9802 203.5306 -633.9784
v  1916.9922 157.2596 -633.9784
v  1887.6697 115.7955 -633.9783
v  1851.8550 79.9807 -633.9783
v  1810.3909 50.6582 -633.9783
v  1764.1199 28.6701 -633.9783
v  1713.8848 14.8594 -633.9783
v  1660.5278 10.0687 -633.9783
v  1607.1709 14.8595 -633.9783
v  1556.9358 28.6702 -633.9783
v  1510.6649 50.6581 -633.9783
v  1469.2009 79.9807 -633.9783
v  1433.3859 115.7954 -633.9783
v  1404.0629 157.2596 -633.9784
v  1382.0748 203.5305 -633.9784
v  1368.2649 253.7657 -633.9784
v  1363.4739 307.1226 -633.9784
v  1368.2649 360.4794 -633.9784
v  1382.0759 410.7146 -633.9784
v  1404.0629 456.9855 -633.9784
v  1433.3859 498.4497 -633.9784
v  1469.2009 534.2645 -633.9784
v  1510.6649 563.5870 -633.9784
v  1556.9358 585.5751 -633.9784
v  1607.1709 599.3858 -633.9784
v  1660.5278 604.1766 -633.9784
v  1713.8848 599.3857 -633.9784
v  1764.1198 585.5751 -633.9784
v  1810.3909 563.5872 -633.9784
v  1851.8549 534.2644 -633.9784
v  1887.6697 498.4498 -633.9784
v  1916.9922 456.9856 -633.9784
v  1938.9805 410.7146 -633.9784
v  1947.2432 359.4666 -627.9348
v  1951.9429 307.1226 -627.9348
v  1947.2432 254.7786 -627.9348
v  1933.6945 205.4970 -627.9348
v  1912.1240 160.1044 -627.9348
v  1883.3579 119.4274 -627.9348
v  1848.2231 84.2925 -627.9348
v  1807.5459 55.5266 -627.9348
v  1762.1533 33.9559 -627.9348
v  1712.8718 20.4074 -627.9348
v  1660.5278 15.7076 -627.9348
v  1608.1838 20.4074 -627.9348
v  1558.9019 33.9559 -627.9348
v  1513.5099 55.5265 -627.9348
v  1472.8329 84.2925 -627.9348
v  1437.6979 119.4273 -627.9348
v  1408.9319 160.1044 -627.9348
v  1387.3608 205.4970 -627.9348
v  1373.8129 254.7786 -627.9348
v  1369.1129 307.1226 -627.9348
v  1373.8129 359.4665 -627.9348
v  1387.3608 408.7481 -627.9348
v  1408.9319 454.1407 -627.9348
v  1437.6979 494.8178 -627.9348
v  1472.8329 529.9527 -627.9348
v  1513.5099 558.7186 -627.9348
v  1558.9019 580.2893 -627.9348
v  1608.1838 593.8379 -627.9348
v  1660.5278 598.5377 -627.9348
v  1712.8718 593.8378 -627.9348
v  1762.1533 580.2893 -627.9348
v  1807.5459 558.7188 -627.9348
v  1848.2229 529.9526 -627.9348
v  1883.3579 494.8178 -627.9348
v  1912.1239 454.1408 -627.9348
v  1933.6945 408.7482 -627.9348
v  1934.0132 357.0512 -624.7452
v  1938.4961 307.1226 -624.7452
v  1934.0132 257.1939 -624.7452
v  1921.0898 210.1863 -624.7452
v  1900.5146 166.8882 -624.7451
v  1873.0759 128.0882 -624.7451
v  1839.5623 94.5745 -624.7451
v  1800.7622 67.1359 -624.7451
v  1757.4641 46.5606 -624.7451
v  1710.4565 33.6372 -624.7451
v  1660.5278 29.1543 -624.7451
v  1610.5991 33.6373 -624.7451
v  1563.5918 46.5606 -624.7451
v  1520.2938 67.1359 -624.7451
v  1481.4929 94.5745 -624.7451
v  1447.9799 128.0881 -624.7451
v  1420.5409 166.8882 -624.7451
v  1399.9658 210.1863 -624.7452
v  1387.0428 257.1939 -624.7452
v  1382.5599 307.1226 -624.7452
v  1387.0428 357.0512 -624.7452
v  1399.9658 404.0588 -624.7452
v  1420.5409 447.3569 -624.7452
v  1447.9799 486.1570 -624.7452
v  1481.4929 519.6707 -624.7452
v  1520.2938 547.1093 -624.7452
v  1563.5918 567.6846 -624.7452
v  1610.5991 580.6080 -624.7452
v  1660.5278 585.0909 -624.7452
v  1710.4565 580.6080 -624.7452
v  1757.4641 567.6846 -624.7452
v  1800.7622 547.1094 -624.7452
v  1839.5623 519.6707 -624.7452
v  1873.0759 486.1570 -624.7452
v  1900.5144 447.3569 -624.7452
v  1921.0898 404.0589 -624.7452
v  1869.3591 345.2477 -624.7452
v  1872.7822 307.1226 -624.7452
v  1869.3590 268.9975 -624.7452
v  1859.4910 233.1028 -624.7452
v  1843.7798 200.0408 -624.7452
v  1822.8278 170.4134 -624.7451
v  1797.2371 144.8226 -624.7451
v  1767.6096 123.8707 -624.7451
v  1734.5476 108.1596 -624.7451
v  1698.6530 98.2914 -624.7451
v  1660.5278 94.8682 -624.7451
v  1622.4026 98.2914 -624.7451
v  1586.5081 108.1596 -624.7451
v  1553.4458 123.8707 -624.7451
v  1523.8188 144.8226 -624.7451
v  1498.2279 170.4133 -624.7451
v  1477.2759 200.0408 -624.7452
v  1461.5648 233.1028 -624.7452
v  1451.6969 268.9974 -624.7452
v  1448.2739 307.1226 -624.7452
v  1451.6969 345.2477 -624.7452
v  1461.5648 381.1423 -624.7452
v  1477.2759 414.2044 -624.7452
v  1498.2279 443.8318 -624.7452
v  1523.8188 469.4226 -624.7452
v  1553.4458 490.3745 -624.7452
v  1586.5081 506.0856 -624.7452
v  1622.4026 515.9539 -624.7452
v  1660.5278 519.3770 -624.7452
v  1698.6530 515.9538 -624.7452
v  1734.5476 506.0856 -624.7452
v  1767.6096 490.3745 -624.7452
v  1797.2371 469.4226 -624.7452
v  1822.8278 443.8318 -624.7452
v  1843.7797 414.2044 -624.7452
v  1859.4910 381.1423 -624.7452
v  1865.4688 344.5375 -631.5439
v  1868.8281 307.1226 -631.5438
v  1865.4688 269.7077 -631.5438
v  1855.7844 234.4818 -631.5438
v  1840.3660 202.0356 -631.5438
v  1819.8042 172.9601 -631.5438
v  1794.6904 147.8461 -631.5438
v  1765.6147 127.2845 -631.5438
v  1733.1687 111.8661 -631.5438
v  1697.9427 102.1817 -631.5438
v  1660.5278 98.8223 -631.5438
v  1623.1130 102.1817 -631.5438
v  1587.8870 111.8661 -631.5438
v  1555.4409 127.2845 -631.5438
v  1526.3658 147.8461 -631.5438
v  1501.2518 172.9601 -631.5438
v  1480.6898 202.0356 -631.5438
v  1465.2709 234.4817 -631.5438
v  1455.5869 269.7077 -631.5438
v  1452.2279 307.1226 -631.5438
v  1455.5869 344.5374 -631.5439
v  1465.2709 379.7634 -631.5439
v  1480.6898 412.2096 -631.5439
v  1501.2518 441.2851 -631.5439
v  1526.3658 466.3991 -631.5439
v  1555.4409 486.9607 -631.5439
v  1587.8870 502.3792 -631.5439
v  1623.1128 512.0635 -631.5439
v  1660.5278 515.4229 -631.5439
v  1697.9426 512.0635 -631.5439
v  1733.1687 502.3792 -631.5439
v  1765.6147 486.9608 -631.5439
v  1794.6903 466.3991 -631.5439
v  1819.8042 441.2851 -631.5439
v  1840.3660 412.2096 -631.5439
v  1855.7844 379.7634 -631.5439
v  1852.4695 342.1643 -632.1590
v  1855.6160 307.1226 -632.1590
v  1852.4695 272.0809 -632.1590
v  1843.3994 239.0893 -632.1590
v  1828.9590 208.7012 -632.1590
v  1809.7017 181.4699 -632.1590
v  1786.1807 157.9489 -632.1590
v  1758.9492 138.6915 -632.1589
v  1728.5610 124.2510 -632.1589
v  1695.5695 115.1809 -632.1589
v  1660.5278 112.0346 -632.1589
v  1625.4862 115.1810 -632.1589
v  1592.4946 124.2510 -632.1589
v  1562.1069 138.6915 -632.1589
v  1534.8749 157.9489 -632.1590
v  1511.3539 181.4699 -632.1590
v  1492.0969 208.7012 -632.1590
v  1477.6559 239.0893 -632.1590
v  1468.5859 272.0809 -632.1590
v  1465.4398 307.1226 -632.1590
v  1468.5859 342.1642 -632.1590
v  1477.6559 375.1559 -632.1590
v  1492.0969 405.5440 -632.1590
v  1511.3539 432.7753 -632.1590
v  1534.8749 456.2963 -632.1590
v  1562.1069 475.5537 -632.1590
v  1592.4945 489.9942 -632.1590
v  1625.4862 499.0643 -632.1590
v  1660.5278 502.2106 -632.1590
v  1695.5695 499.0643 -632.1590
v  1728.5610 489.9942 -632.1590
v  1758.9492 475.5538 -632.1590
v  1786.1804 456.2963 -632.1590
v  1809.7017 432.7753 -632.1590
v  1828.9590 405.5440 -632.1590
v  1843.3994 375.1559 -632.1590
v  1848.8259 341.4991 -646.3502
v  1851.9126 307.1226 -646.3502
v  1848.8259 272.7461 -646.3502
v  1839.9280 240.3808 -646.3502
v  1825.7617 210.5695 -646.3502
v  1806.8698 183.8552 -646.3502
v  1783.7953 160.7806 -646.3502
v  1757.0811 141.8888 -646.3502
v  1727.2697 127.7224 -646.3502
v  1694.9043 118.8245 -646.3502
v  1660.5278 115.7379 -646.3502
v  1626.1514 118.8245 -646.3502
v  1593.7859 127.7224 -646.3502
v  1563.9749 141.8887 -646.3502
v  1537.2609 160.7806 -646.3502
v  1514.1859 183.8551 -646.3502
v  1495.2938 210.5695 -646.3502
v  1481.1279 240.3807 -646.3502
v  1472.2299 272.7461 -646.3502
v  1469.1428 307.1226 -646.3502
v  1472.2299 341.4991 -646.3502
v  1481.1279 373.8644 -646.3503
v  1495.2938 403.6757 -646.3503
v  1514.1859 430.3900 -646.3503
v  1537.2609 453.4646 -646.3503
v  1563.9749 472.3564 -646.3503
v  1593.7859 486.5228 -646.3503
v  1626.1514 495.4207 -646.3503
v  1660.5278 498.5073 -646.3503
v  1694.9043 495.4207 -646.3503
v  1727.2697 486.5228 -646.3503
v  1757.0811 472.3565 -646.3503
v  1783.7952 453.4646 -646.3503
v  1806.8698 430.3901 -646.3503
v  1825.7617 403.6757 -646.3503
v  1839.9280 373.8644 -646.3503
v  1832.2151 338.4666 -652.9734
v  1835.0295 307.1226 -652.9734
v  1832.2151 275.7786 -652.9734
v  1824.1022 246.2684 -652.9734
v  1811.1855 219.0869 -652.9734
v  1793.9602 194.7292 -652.9734
v  1772.9213 173.6902 -652.9734
v  1748.5635 156.4649 -652.9734
v  1721.3820 143.5482 -652.9734
v  1691.8718 135.4352 -652.9734
v  1660.5278 132.6209 -652.9734
v  1629.1838 135.4353 -652.9734
v  1599.6737 143.5482 -652.9734
v  1572.4922 156.4649 -652.9734
v  1548.1349 173.6902 -652.9734
v  1527.0958 194.7292 -652.9734
v  1509.8699 219.0869 -652.9734
v  1496.9539 246.2684 -652.9734
v  1488.8408 275.7786 -652.9734
v  1486.0259 307.1226 -652.9734
v  1488.8408 338.4666 -652.9734
v  1496.9539 367.9768 -652.9734
v  1509.8699 395.1582 -652.9734
v  1527.0958 419.5160 -652.9734
v  1548.1349 440.5550 -652.9734
v  1572.4922 457.7803 -652.9734
v  1599.6737 470.6970 -652.9734
v  1629.1838 478.8100 -652.9736
v  1660.5278 481.6243 -652.9736
v  1691.8718 478.8099 -652.9736
v  1721.3820 470.6970 -652.9734
v  1748.5635 457.7803 -652.9734
v  1772.9211 440.5550 -652.9734
v  1793.9602 419.5160 -652.9734
v  1811.1855 395.1583 -652.9734
v  1824.1022 367.9768 -652.9734
v  1827.5481 337.6145 -673.0820
v  1830.2859 307.1226 -673.0820
v  1827.5481 276.6307 -673.0820
v  1819.6558 247.9227 -673.0820
v  1807.0901 221.4801 -673.0820
v  1790.3330 197.7845 -673.0820
v  1769.8660 177.3174 -673.0820
v  1746.1704 160.5603 -673.0820
v  1719.7278 147.9948 -673.0820
v  1691.0198 140.1024 -673.0820
v  1660.5278 137.3646 -673.0820
v  1630.0359 140.1024 -673.0820
v  1601.3279 147.9948 -673.0820
v  1574.8853 160.5603 -673.0820
v  1551.1899 177.3174 -673.0820
v  1530.7229 197.7845 -673.0820
v  1513.9658 221.4801 -673.0820
v  1501.3999 247.9226 -673.0820
v  1493.5079 276.6306 -673.0820
v  1490.7699 307.1226 -673.0820
v  1493.5079 337.6145 -673.0820
v  1501.3999 366.3225 -673.0820
v  1513.9658 392.7651 -673.0820
v  1530.7229 416.4607 -673.0820
v  1551.1899 436.9278 -673.0821
v  1574.8853 453.6849 -673.0821
v  1601.3279 466.2504 -673.0820
v  1630.0359 474.1428 -673.0821
v  1660.5278 476.8806 -673.0821
v  1691.0198 474.1428 -673.0821
v  1719.7278 466.2504 -673.0820
v  1746.1704 453.6849 -673.0821
v  1769.8660 436.9278 -673.0821
v  1790.3330 416.4607 -673.0820
v  1807.0901 392.7651 -673.0820
v  1819.6558 366.3225 -673.0820
v  1827.5481 337.6145 -726.1689
v  1830.2859 307.1226 -726.1689
v  1827.5481 276.6307 -726.1689
v  1819.6558 247.9227 -726.1689
v  1807.0901 221.4801 -726.1689
v  1790.3330 197.7845 -726.1689
v  1769.8660 177.3174 -726.1689
v  1746.1704 160.5603 -726.1689
v  1719.7278 147.9948 -726.1689
v  1691.0198 140.1024 -726.1689
v  1660.5278 137.3645 -726.1689
v  1630.0359 140.1024 -726.1689
v  1601.3279 147.9948 -726.1689
v  1574.8853 160.5603 -726.1689
v  1551.1899 177.3174 -726.1689
v  1530.7229 197.7845 -726.1689
v  1513.9658 221.4801 -726.1689
v  1501.3999 247.9226 -726.1689
v  1493.5079 276.6306 -726.1689
v  1490.7699 307.1226 -726.1689
v  1493.5079 337.6145 -726.1689
v  1501.3999 366.3225 -726.1689
v  1513.9658 392.7651 -726.1689
v  1530.7229 416.4607 -726.1689
v  1551.1899 436.9278 -726.1689
v  1574.8853 453.6848 -726.1689
v  1601.3279 466.2504 -726.1689
v  1630.0359 474.1428 -726.1689
v  1660.5278 476.8806 -726.1689
v  1691.0198 474.1428 -726.1689
v  1719.7278 466.2504 -726.1689
v  1746.1704 453.6849 -726.1689
v  1769.8660 436.9278 -726.1689
v  1790.3330 416.4607 -726.1689
v  1807.0901 392.7651 -726.1689
v  1819.6558 366.3225 -726.1689
v  1812.8145 334.9247 -727.3263
v  1815.3107 307.1226 -727.3263
v  1812.8145 279.3205 -727.3263
v  1805.6182 253.1450 -727.3263
v  1794.1611 229.0350 -727.3263
v  1778.8822 207.4298 -727.3263
v  1760.2207 188.7682 -727.3263
v  1738.6154 173.4893 -727.3263
v  1714.5055 162.0323 -727.3263
v  1688.3298 154.8361 -727.3263
v  1660.5278 152.3398 -727.3263
v  1632.7258 154.8361 -727.3263
v  1606.5503 162.0323 -727.3263
v  1582.4403 173.4893 -727.3263
v  1560.8350 188.7682 -727.3263
v  1542.1738 207.4297 -727.3263
v  1526.8949 229.0350 -727.3263
v  1515.4379 253.1450 -727.3263
v  1508.2418 279.3205 -727.3263
v  1505.7449 307.1226 -727.3263
v  1508.2418 334.9247 -727.3263
v  1515.4379 361.1002 -727.3263
v  1526.8949 385.2101 -727.3263
v  1542.1738 406.8154 -727.3263
v  1560.8350 425.4770 -727.3263
v  1582.4403 440.7558 -727.3263
v  1606.5503 452.2129 -727.3263
v  1632.7258 459.4091 -727.3263
v  1660.5278 461.9054 -727.3263
v  1688.3298 459.4091 -727.3263
v  1714.5055 452.2129 -727.3263
v  1738.6154 440.7559 -727.3263
v  1760.2207 425.4770 -727.3263
v  1778.8822 406.8154 -727.3263
v  1794.1611 385.2101 -727.3263
v  1805.6182 361.1002 -727.3263
v  1660.5278 307.1226 -727.3263
# 1516 vertices

vn 0.9773 0.1768 -0.1171
vn 0.9166 0.1658 0.3638
vn 0.9315 0.0000 0.3637
vn 0.9931 0.0000 -0.1171
vn 0.9309 0.3461 -0.1171
vn 0.8730 0.3246 0.3639
vn 0.8571 0.5017 -0.1171
vn 0.8038 0.4705 0.3640
vn 0.7593 0.6401 -0.1171
vn 0.7121 0.6003 0.3641
vn 0.6401 0.7593 -0.1171
vn 0.6003 0.7121 0.3641
vn 0.5017 0.8571 -0.1171
vn 0.4705 0.8038 0.3640
vn 0.3461 0.9309 -0.1171
vn 0.3246 0.8730 0.3639
vn 0.1768 0.9773 -0.1171
vn 0.1658 0.9166 0.3638
vn 0.0000 0.9931 -0.1171
vn 0.0000 0.9315 0.3637
vn -0.1768 0.9773 -0.1171
vn -0.1658 0.9166 0.3638
vn -0.3461 0.9309 -0.1171
vn -0.3246 0.8730 0.3639
vn -0.5017 0.8571 -0.1171
vn -0.4705 0.8038 0.3640
vn -0.6401 0.7593 -0.1171
vn -0.6003 0.7121 0.3640
vn -0.7593 0.6401 -0.1171
vn -0.7121 0.6003 0.3641
vn -0.8571 0.5017 -0.1171
vn -0.8038 0.4705 0.3640
vn -0.9309 0.3461 -0.1171
vn -0.8730 0.3246 0.3640
vn -0.9773 0.1767 -0.1171
vn -0.9166 0.1658 0.3638
vn -0.9931 -0.0000 -0.1171
vn -0.9315 -0.0000 0.3638
vn -0.9773 -0.1767 -0.1171
vn -0.9166 -0.1658 0.3638
vn -0.9309 -0.3461 -0.1171
vn -0.8730 -0.3246 0.3640
vn -0.8571 -0.5017 -0.1171
vn -0.8038 -0.4705 0.3640
vn -0.7593 -0.6401 -0.1171
vn -0.7121 -0.6003 0.3641
vn -0.6401 -0.7593 -0.1171
vn -0.6003 -0.7121 0.3640
vn -0.5017 -0.8571 -0.1171
vn -0.4705 -0.8038 0.3640
vn -0.3461 -0.9309 -0.1171
vn -0.3246 -0.8730 0.3639
vn -0.1768 -0.9773 -0.1171
vn -0.1658 -0.9166 0.3638
vn -0.0000 -0.9931 -0.1171
vn 0.0000 -0.9315 0.3637
vn 0.1768 -0.9773 -0.1171
vn 0.1658 -0.9166 0.3638
vn 0.3461 -0.9309 -0.1171
vn 0.3246 -0.8730 0.3639
vn 0.5017 -0.8571 -0.1171
vn 0.4705 -0.8038 0.3640
vn 0.6401 -0.7593 -0.1171
vn 0.6003 -0.7121 0.3640
vn 0.7593 -0.6401 -0.1171
vn 0.7121 -0.6003 0.3640
vn 0.8571 -0.5017 -0.1171
vn 0.8038 -0.4705 0.3640
vn 0.9309 -0.3461 -0.1171
vn 0.8730 -0.3246 0.3639
vn 0.9773 -0.1768 -0.1171
vn 0.9166 -0.1658 0.3638
vn 0.4612 0.0834 0.8834
vn 0.4688 -0.0000 0.8833
vn 0.4391 0.1632 0.8835
vn 0.4041 0.2365 0.8836
vn 0.3579 0.3017 0.8837
vn 0.3017 0.3579 0.8837
vn 0.2365 0.4041 0.8836
vn 0.1632 0.4391 0.8835
vn 0.0834 0.4612 0.8834
vn 0.0000 0.4688 0.8833
vn -0.0834 0.4612 0.8834
vn -0.1632 0.4391 0.8835
vn -0.2365 0.4041 0.8836
vn -0.3017 0.3579 0.8837
vn -0.3579 0.3017 0.8837
vn -0.4041 0.2365 0.8836
vn -0.4390 0.1632 0.8835
vn -0.4612 0.0834 0.8834
vn -0.4688 -0.0000 0.8833
vn -0.4612 -0.0834 0.8834
vn -0.4390 -0.1632 0.8835
vn -0.4041 -0.2365 0.8836
vn -0.3579 -0.3017 0.8837
vn -0.3017 -0.3579 0.8837
vn -0.2365 -0.4041 0.8836
vn -0.1632 -0.4391 0.8835
vn -0.0834 -0.4612 0.8834
vn 0.0000 -0.4688 0.8833
vn 0.0834 -0.4612 0.8834
vn 0.1632 -0.4391 0.8835
vn 0.2365 -0.4041 0.8836
vn 0.3017 -0.3579 0.8837
vn 0.3579 -0.3017 0.8837
vn 0.4041 -0.2365 0.8836
vn 0.4391 -0.1632 0.8835
vn 0.4612 -0.0834 0.8834
vn 0.0680 0.0123 0.9976
vn 0.0691 0.0000 0.9976
vn 0.0647 0.0241 0.9976
vn 0.0595 0.0348 0.9976
vn 0.0527 0.0444 0.9976
vn 0.0444 0.0527 0.9976
vn 0.0348 0.0595 0.9976
vn 0.0241 0.0647 0.9976
vn 0.0123 0.0680 0.9976
vn 0.0000 0.0691 0.9976
vn -0.0123 0.0680 0.9976
vn -0.0241 0.0647 0.9976
vn -0.0348 0.0595 0.9976
vn -0.0444 0.0527 0.9976
vn -0.0527 0.0444 0.9976
vn -0.0595 0.0348 0.9976
vn -0.0647 0.0241 0.9976
vn -0.0680 0.0123 0.9976
vn -0.0691 0.0000 0.9976
vn -0.0680 -0.0123 0.9976
vn -0.0647 -0.0241 0.9976
vn -0.0595 -0.0348 0.9976
vn -0.0527 -0.0444 0.9976
vn -0.0444 -0.0527 0.9976
vn -0.0348 -0.0595 0.9976
vn -0.0241 -0.0647 0.9976
vn -0.0123 -0.0680 0.9976
vn 0.0000 -0.0691 0.9976
vn 0.0123 -0.0680 0.9976
vn 0.0241 -0.0647 0.9976
vn 0.0348 -0.0595 0.9976
vn 0.0444 -0.0527 0.9976
vn 0.0527 -0.0444 0.9976
vn 0.0595 -0.0348 0.9976
vn 0.0647 -0.0241 0.9976
vn 0.0680 -0.0123 0.9976
vn -0.3265 -0.0591 0.9434
vn -0.3318 0.0000 0.9434
vn -0.3113 -0.1157 0.9432
vn -0.2870 -0.1680 0.9431
vn -0.2544 -0.2145 0.9430
vn -0.2145 -0.2544 0.9430
vn -0.1680 -0.2870 0.9431
vn -0.1157 -0.3113 0.9432
vn -0.0591 -0.3265 0.9434
vn -0.0000 -0.3318 0.9434
vn 0.0591 -0.3265 0.9434
vn 0.1157 -0.3113 0.9432
vn 0.1680 -0.2870 0.9431
vn 0.2145 -0.2544 0.9430
vn 0.2544 -0.2145 0.9430
vn 0.2870 -0.1680 0.9431
vn 0.3113 -0.1157 0.9432
vn 0.3265 -0.0591 0.9434
vn 0.3318 -0.0000 0.9434
vn 0.3265 0.0591 0.9434
vn 0.3113 0.1157 0.9432
vn 0.2870 0.1680 0.9431
vn 0.2544 0.2145 0.9430
vn 0.2145 0.2544 0.9430
vn 0.1680 0.2870 0.9431
vn 0.1157 0.3113 0.9432
vn 0.0591 0.3265 0.9434
vn -0.0000 0.3318 0.9434
vn -0.0591 0.3265 0.9434
vn -0.1157 0.3113 0.9432
vn -0.1680 0.2870 0.9431
vn -0.2145 0.2544 0.9430
vn -0.2544 0.2145 0.9430
vn -0.2870 0.1680 0.9431
vn -0.3113 0.1157 0.9432
vn -0.3265 0.0591 0.9434
vn -0.3612 -0.0653 0.9302
vn -0.3671 -0.0000 0.9302
vn -0.3438 -0.1278 0.9303
vn -0.3163 -0.1851 0.9304
vn -0.2801 -0.2361 0.9305
vn -0.2361 -0.2801 0.9305
vn -0.1851 -0.3163 0.9304
vn -0.1278 -0.3438 0.9303
vn -0.0653 -0.3612 0.9302
vn -0.0000 -0.3671 0.9302
vn 0.0653 -0.3612 0.9302
vn 0.1278 -0.3438 0.9303
vn 0.1851 -0.3163 0.9304
vn 0.2361 -0.2801 0.9305
vn 0.2801 -0.2361 0.9305
vn 0.3163 -0.1851 0.9304
vn 0.3438 -0.1278 0.9303
vn 0.3612 -0.0653 0.9302
vn 0.3671 -0.0000 0.9302
vn 0.3612 0.0653 0.9302
vn 0.3438 0.1278 0.9303
vn 0.3163 0.1851 0.9304
vn 0.2801 0.2361 0.9305
vn 0.2361 0.2801 0.9305
vn 0.1851 0.3163 0.9304
vn 0.1278 0.3438 0.9303
vn 0.0653 0.3612 0.9302
vn 0.0000 0.3672 0.9302
vn -0.0653 0.3612 0.9302
vn -0.1278 0.3438 0.9303
vn -0.1851 0.3163 0.9304
vn -0.2361 0.2801 0.9305
vn -0.2801 0.2361 0.9305
vn -0.3163 0.1851 0.9304
vn -0.3438 0.1278 0.9303
vn -0.3612 0.0653 0.9302
vn -0.6168 -0.1116 0.7792
vn -0.6268 -0.0000 0.7792
vn -0.5880 -0.2186 0.7788
vn -0.5418 -0.3171 0.7784
vn -0.4801 -0.4048 0.7782
vn -0.4048 -0.4801 0.7782
vn -0.3171 -0.5418 0.7784
vn -0.2186 -0.5880 0.7788
vn -0.1116 -0.6168 0.7792
vn -0.0000 -0.6268 0.7792
vn 0.1116 -0.6168 0.7792
vn 0.2186 -0.5880 0.7788
vn 0.3171 -0.5417 0.7784
vn 0.4048 -0.4801 0.7782
vn 0.4801 -0.4048 0.7782
vn 0.5417 -0.3171 0.7784
vn 0.5880 -0.2186 0.7788
vn 0.6168 -0.1116 0.7792
vn 0.6268 -0.0000 0.7792
vn 0.6168 0.1116 0.7792
vn 0.5880 0.2186 0.7788
vn 0.5417 0.3171 0.7784
vn 0.4801 0.4048 0.7782
vn 0.4048 0.4801 0.7782
vn 0.3171 0.5417 0.7784
vn 0.2186 0.5880 0.7788
vn 0.1116 0.6168 0.7792
vn 0.0000 0.6268 0.7792
vn -0.1116 0.6168 0.7792
vn -0.2186 0.5880 0.7788
vn -0.3171 0.5418 0.7784
vn -0.4048 0.4801 0.7782
vn -0.4801 0.4048 0.7782
vn -0.5418 0.3171 0.7784
vn -0.5880 0.2186 0.7788
vn -0.6168 0.1116 0.7792
vn -0.6583 -0.1190 0.7433
vn -0.6690 -0.0000 0.7432
vn -0.6267 -0.2330 0.7436
vn -0.5767 -0.3376 0.7439
vn -0.5108 -0.4306 0.7441
vn -0.4306 -0.5108 0.7441
vn -0.3376 -0.5767 0.7439
vn -0.2330 -0.6267 0.7436
vn -0.1191 -0.6583 0.7433
vn -0.0000 -0.6690 0.7432
vn 0.1191 -0.6583 0.7433
vn 0.2330 -0.6267 0.7436
vn 0.3376 -0.5767 0.7439
vn 0.4306 -0.5107 0.7441
vn 0.5107 -0.4306 0.7441
vn 0.5767 -0.3376 0.7439
vn 0.6267 -0.2330 0.7436
vn 0.6583 -0.1190 0.7433
vn 0.6691 -0.0000 0.7432
vn 0.6583 0.1190 0.7433
vn 0.6267 0.2330 0.7436
vn 0.5767 0.3376 0.7439
vn 0.5107 0.4306 0.7441
vn 0.4306 0.5107 0.7441
vn 0.3376 0.5767 0.7439
vn 0.2330 0.6267 0.7436
vn 0.1190 0.6583 0.7433
vn -0.0000 0.6690 0.7432
vn -0.1190 0.6583 0.7433
vn -0.2330 0.6267 0.7436
vn -0.3376 0.5767 0.7439
vn -0.4306 0.5108 0.7441
vn -0.5108 0.4306 0.7441
vn -0.5767 0.3376 0.7439
vn -0.6267 0.2330 0.7436
vn -0.6583 0.1190 0.7433
vn 0.0620 0.0112 0.9980
vn 0.0630 0.0000 0.9980
vn 0.0591 0.0220 0.9980
vn 0.0545 0.0319 0.9980
vn 0.0483 0.0407 0.9980
vn 0.0407 0.0483 0.9980
vn 0.0319 0.0545 0.9980
vn 0.0220 0.0591 0.9980
vn 0.0112 0.0620 0.9980
vn 0.0000 0.0630 0.9980
vn -0.0112 0.0620 0.9980
vn -0.0220 0.0591 0.9980
vn -0.0319 0.0545 0.9980
vn -0.0407 0.0483 0.9980
vn -0.0483 0.0407 0.9980
vn -0.0545 0.0319 0.9980
vn -0.0591 0.0220 0.9980
vn -0.0620 0.0112 0.9980
vn -0.0630 0.0000 0.9980
vn -0.0620 -0.0112 0.9980
vn -0.0591 -0.0220 0.9980
vn -0.0545 -0.0319 0.9980
vn -0.0483 -0.0407 0.9980
vn -0.0407 -0.0483 0.9980
vn -0.0319 -0.0545 0.9980
vn -0.0220 -0.0591 0.9980
vn -0.0112 -0.0620 0.9980
vn 0.0000 -0.0630 0.9980
vn 0.0112 -0.0620 0.9980
vn 0.0220 -0.0591 0.9980
vn 0.0319 -0.0545 0.9980
vn 0.0407 -0.0483 0.9980
vn 0.0483 -0.0407 0.9980
vn 0.0545 -0.0319 0.9980
vn 0.0591 -0.0220 0.9980
vn 0.0620 -0.0112 0.9980
vn 0.0694 0.0126 0.9975
vn 0.0706 0.0000 0.9975
vn 0.0661 0.0246 0.9975
vn 0.0608 0.0356 0.9975
vn 0.0538 0.0454 0.9975
vn 0.0454 0.0538 0.9975
vn 0.0356 0.0608 0.9975
vn 0.0246 0.0661 0.9975
vn 0.0126 0.0694 0.9975
vn 0.0000 0.0706 0.9975
vn -0.0126 0.0694 0.9975
vn -0.0246 0.0661 0.9975
vn -0.0356 0.0608 0.9975
vn -0.0454 0.0538 0.9975
vn -0.0538 0.0454 0.9975
vn -0.0608 0.0356 0.9975
vn -0.0661 0.0246 0.9975
vn -0.0694 0.0126 0.9975
vn -0.0706 0.0000 0.9975
vn -0.0694 -0.0126 0.9975
vn -0.0661 -0.0246 0.9975
vn -0.0608 -0.0356 0.9975
vn -0.0538 -0.0454 0.9975
vn -0.0454 -0.0538 0.9975
vn -0.0356 -0.0608 0.9975
vn -0.0246 -0.0661 0.9975
vn -0.0126 -0.0694 0.9975
vn 0.0000 -0.0706 0.9975
vn 0.0126 -0.0694 0.9975
vn 0.0246 -0.0661 0.9975
vn 0.0356 -0.0608 0.9975
vn 0.0454 -0.0538 0.9975
vn 0.0538 -0.0454 0.9975
vn 0.0608 -0.0356 0.9975
vn 0.0661 -0.0246 0.9975
vn 0.0694 -0.0126 0.9975
vn 0.0000 0.0000 1.0000
vn 0.8839 -0.0000 -0.4678
vn 0.8697 0.1573 -0.4678
vn 0.8697 -0.1573 -0.4678
vn 0.8284 -0.3080 -0.4679
vn 0.7627 -0.4464 -0.4680
vn 0.6757 -0.5696 -0.4680
vn 0.5696 -0.6757 -0.4680
vn 0.4464 -0.7627 -0.4680
vn 0.3080 -0.8284 -0.4679
vn 0.1573 -0.8697 -0.4678
vn -0.0000 -0.8838 -0.4678
vn -0.1573 -0.8697 -0.4678
vn -0.3080 -0.8284 -0.4679
vn -0.4464 -0.7627 -0.4680
vn -0.5696 -0.6757 -0.4680
vn -0.6756 -0.5696 -0.4680
vn -0.7627 -0.4464 -0.4680
vn -0.8284 -0.3080 -0.4679
vn -0.8697 -0.1573 -0.4678
vn -0.8838 0.0000 -0.4678
vn -0.8697 0.1573 -0.4678
vn -0.8284 0.3080 -0.4679
vn -0.7627 0.4464 -0.4680
vn -0.6756 0.5696 -0.4680
vn -0.5696 0.6757 -0.4680
vn -0.4464 0.7627 -0.4680
vn -0.3080 0.8284 -0.4679
vn -0.1573 0.8697 -0.4678
vn 0.0000 0.8839 -0.4678
vn 0.1573 0.8697 -0.4678
vn 0.3080 0.8284 -0.4679
vn 0.4464 0.7627 -0.4680
vn 0.5696 0.6757 -0.4680
vn 0.6757 0.5696 -0.4680
vn 0.7627 0.4464 -0.4680
vn 0.8284 0.3080 -0.4679
vn 0.5146 -0.0000 -0.8574
vn 0.5063 0.0916 -0.8575
vn 0.5063 -0.0916 -0.8575
vn 0.4821 -0.1792 -0.8576
vn 0.4437 -0.2597 -0.8577
vn 0.3930 -0.3314 -0.8578
vn 0.3314 -0.3930 -0.8578
vn 0.2597 -0.4437 -0.8577
vn 0.1792 -0.4821 -0.8576
vn 0.0916 -0.5063 -0.8575
vn 0.0000 -0.5146 -0.8574
vn -0.0916 -0.5063 -0.8575
vn -0.1792 -0.4821 -0.8576
vn -0.2597 -0.4437 -0.8577
vn -0.3314 -0.3930 -0.8578
vn -0.3930 -0.3314 -0.8578
vn -0.4437 -0.2597 -0.8577
vn -0.4821 -0.1792 -0.8576
vn -0.5063 -0.0916 -0.8575
vn -0.5146 0.0000 -0.8574
vn -0.5063 0.0916 -0.8575
vn -0.4821 0.1792 -0.8576
vn -0.4437 0.2597 -0.8577
vn -0.3930 0.3314 -0.8578
vn -0.3314 0.3930 -0.8578
vn -0.2597 0.4437 -0.8577
vn -0.1792 0.4821 -0.8576
vn -0.0916 0.5063 -0.8575
vn 0.0000 0.5146 -0.8574
vn 0.0916 0.5063 -0.8575
vn 0.1792 0.4821 -0.8576
vn 0.2597 0.4437 -0.8577
vn 0.3314 0.3930 -0.8578
vn 0.3930 0.3314 -0.8578
vn 0.4437 0.2597 -0.8577
vn 0.4821 0.1792 -0.8576
vn 0.1227 0.0000 -0.9924
vn 0.1207 0.0218 -0.9924
vn 0.1207 -0.0218 -0.9924
vn 0.1149 -0.0427 -0.9925
vn 0.1057 -0.0619 -0.9925
vn 0.0936 -0.0789 -0.9925
vn 0.0789 -0.0936 -0.9925
vn 0.0619 -0.1057 -0.9925
vn 0.0427 -0.1149 -0.9925
vn 0.0218 -0.1207 -0.9924
vn -0.0000 -0.1227 -0.9924
vn -0.0218 -0.1207 -0.9924
vn -0.0427 -0.1149 -0.9925
vn -0.0619 -0.1057 -0.9925
vn -0.0789 -0.0936 -0.9925
vn -0.0936 -0.0789 -0.9925
vn -0.1057 -0.0619 -0.9925
vn -0.1149 -0.0427 -0.9925
vn -0.1207 -0.0218 -0.9924
vn -0.1227 0.0000 -0.9924
vn -0.1207 0.0218 -0.9924
vn -0.1149 0.0427 -0.9925
vn -0.1057 0.0619 -0.9925
vn -0.0936 0.0789 -0.9925
vn -0.0789 0.0936 -0.9925
vn -0.0619 0.1057 -0.9925
vn -0.0427 0.1149 -0.9925
vn -0.0218 0.1207 -0.9924
vn 0.0000 0.1227 -0.9924
vn 0.0218 0.1207 -0.9924
vn 0.0427 0.1149 -0.9925
vn 0.0619 0.1057 -0.9925
vn 0.0789 0.0936 -0.9925
vn 0.0936 0.0789 -0.9925
vn 0.1057 0.0619 -0.9925
vn 0.1149 0.0427 -0.9925
vn -0.4767 0.0000 -0.8791
vn -0.4691 -0.0849 -0.8791
vn -0.4691 0.0849 -0.8791
vn -0.4472 0.1663 -0.8788
vn -0.4122 0.2413 -0.8786
vn -0.3654 0.3080 -0.8784
vn -0.3080 0.3654 -0.8784
vn -0.2413 0.4122 -0.8786
vn -0.1663 0.4472 -0.8788
vn -0.0849 0.4691 -0.8791
vn -0.0000 0.4767 -0.8791
vn 0.0849 0.4691 -0.8791
vn 0.1663 0.4472 -0.8788
vn 0.2412 0.4122 -0.8786
vn 0.3080 0.3654 -0.8784
vn 0.3653 0.3080 -0.8784
vn 0.4122 0.2412 -0.8786
vn 0.4472 0.1663 -0.8788
vn 0.4691 0.0849 -0.8791
vn 0.4767 -0.0000 -0.8791
vn 0.4691 -0.0849 -0.8791
vn 0.4472 -0.1663 -0.8788
vn 0.4122 -0.2412 -0.8786
vn 0.3654 -0.3080 -0.8784
vn 0.3080 -0.3654 -0.8784
vn 0.2412 -0.4122 -0.8786
vn 0.1663 -0.4472 -0.8788
vn 0.0849 -0.4691 -0.8791
vn -0.0000 -0.4767 -0.8791
vn -0.0849 -0.4691 -0.8791
vn -0.1663 -0.4472 -0.8788
vn -0.2413 -0.4122 -0.8786
vn -0.3080 -0.3654 -0.8784
vn -0.3654 -0.3080 -0.8784
vn -0.4122 -0.2413 -0.8786
vn -0.4472 -0.1663 -0.8788
vn -0.5380 0.0000 -0.8429
vn -0.5294 -0.0957 -0.8430
vn -0.5294 0.0957 -0.8430
vn -0.5039 0.1873 -0.8432
vn -0.4637 0.2714 -0.8434
vn -0.4106 0.3462 -0.8435
vn -0.3462 0.4106 -0.8435
vn -0.2714 0.4637 -0.8434
vn -0.1873 0.5039 -0.8432
vn -0.0957 0.5294 -0.8430
vn -0.0000 0.5380 -0.8429
vn 0.0957 0.5294 -0.8430
vn 0.1873 0.5039 -0.8432
vn 0.2714 0.4637 -0.8434
vn 0.3462 0.4106 -0.8435
vn 0.4106 0.3462 -0.8435
vn 0.4637 0.2714 -0.8434
vn 0.5039 0.1873 -0.8432
vn 0.5294 0.0957 -0.8430
vn 0.5380 0.0000 -0.8429
vn 0.5294 -0.0957 -0.8430
vn 0.5039 -0.1873 -0.8432
vn 0.4637 -0.2714 -0.8434
vn 0.4106 -0.3462 -0.8435
vn 0.3462 -0.4106 -0.8435
vn 0.2714 -0.4637 -0.8434
vn 0.1873 -0.5039 -0.8432
vn 0.0957 -0.5294 -0.8430
vn -0.0000 -0.5380 -0.8429
vn -0.0957 -0.5294 -0.8430
vn -0.1873 -0.5039 -0.8432
vn -0.2714 -0.4637 -0.8434
vn -0.3462 -0.4106 -0.8435
vn -0.4106 -0.3462 -0.8435
vn -0.4637 -0.2714 -0.8434
vn -0.5039 -0.1873 -0.8432
vn -0.6083 0.0000 -0.7937
vn -0.5986 -0.1083 -0.7937
vn -0.5986 0.1083 -0.7937
vn -0.5706 0.2122 -0.7933
vn -0.5258 0.3078 -0.7930
vn -0.4660 0.3929 -0.7928
vn -0.3929 0.4660 -0.7928
vn -0.3078 0.5258 -0.7930
vn -0.2122 0.5706 -0.7933
vn -0.1083 0.5986 -0.7937
vn 0.0000 0.6083 -0.7937
vn 0.1083 0.5986 -0.7937
vn 0.2122 0.5706 -0.7933
vn 0.3078 0.5258 -0.7930
vn 0.3929 0.4660 -0.7928
vn 0.4660 0.3929 -0.7928
vn 0.5258 0.3078 -0.7930
vn 0.5706 0.2121 -0.7934
vn 0.5986 0.1083 -0.7937
vn 0.6083 -0.0000 -0.7937
vn 0.5986 -0.1083 -0.7937
vn 0.5706 -0.2121 -0.7934
vn 0.5258 -0.3078 -0.7930
vn 0.4660 -0.3929 -0.7928
vn 0.3929 -0.4660 -0.7928
vn 0.3078 -0.5258 -0.7930
vn 0.2122 -0.5706 -0.7933
vn 0.1083 -0.5986 -0.7937
vn -0.0000 -0.6083 -0.7937
vn -0.1083 -0.5986 -0.7937
vn -0.2122 -0.5706 -0.7933
vn -0.3078 -0.5258 -0.7930
vn -0.3929 -0.4660 -0.7928
vn -0.4660 -0.3929 -0.7928
vn -0.5258 -0.3078 -0.7930
vn -0.5706 -0.2122 -0.7933
vn -0.7587 0.0000 -0.6514
vn -0.7466 -0.1350 -0.6514
vn -0.7466 0.1350 -0.6514
vn -0.7109 0.2643 -0.6517
vn -0.6545 0.3831 -0.6519
vn -0.5797 0.4887 -0.6520
vn -0.4887 0.5797 -0.6520
vn -0.3831 0.6545 -0.6519
vn -0.2643 0.7109 -0.6517
vn -0.1350 0.7466 -0.6514
vn -0.0000 0.7587 -0.6514
vn 0.1350 0.7466 -0.6514
vn 0.2643 0.7109 -0.6517
vn 0.3831 0.6545 -0.6519
vn 0.4887 0.5797 -0.6520
vn 0.5797 0.4887 -0.6520
vn 0.6545 0.3831 -0.6519
vn 0.7109 0.2643 -0.6517
vn 0.7466 0.1350 -0.6515
vn 0.7587 0.0000 -0.6514
vn 0.7466 -0.1350 -0.6515
vn 0.7109 -0.2643 -0.6517
vn 0.6545 -0.3831 -0.6519
vn 0.5797 -0.4887 -0.6520
vn 0.4887 -0.5797 -0.6520
vn 0.3831 -0.6545 -0.6519
vn 0.2643 -0.7109 -0.6517
vn 0.1350 -0.7466 -0.6514
vn -0.0000 -0.7587 -0.6514
vn -0.1350 -0.7466 -0.6514
vn -0.2643 -0.7109 -0.6517
vn -0.3831 -0.6545 -0.6519
vn -0.4887 -0.5797 -0.6520
vn -0.5797 -0.4887 -0.6520
vn -0.6545 -0.3831 -0.6519
vn -0.7109 -0.2643 -0.6517
vn -0.7437 0.0000 -0.6685
vn -0.7319 -0.1324 -0.6685
vn -0.7319 0.1324 -0.6685
vn -0.6973 0.2593 -0.6682
vn -0.6423 0.3760 -0.6679
vn -0.5691 0.4798 -0.6677
vn -0.4798 0.5691 -0.6677
vn -0.3760 0.6423 -0.6679
vn -0.2593 0.6973 -0.6682
vn -0.1324 0.7319 -0.6685
vn 0.0000 0.7437 -0.6685
vn 0.1324 0.7319 -0.6685
vn 0.2593 0.6973 -0.6682
vn 0.3760 0.6423 -0.6679
vn 0.4798 0.5691 -0.6677
vn 0.5691 0.4798 -0.6677
vn 0.6423 0.3760 -0.6679
vn 0.6973 0.2593 -0.6682
vn 0.7319 0.1324 -0.6685
vn 0.7437 -0.0000 -0.6685
vn 0.7319 -0.1324 -0.6685
vn 0.6973 -0.2593 -0.6682
vn 0.6423 -0.3760 -0.6679
vn 0.5691 -0.4798 -0.6677
vn 0.4798 -0.5691 -0.6677
vn 0.3760 -0.6423 -0.6679
vn 0.2593 -0.6973 -0.6682
vn 0.1324 -0.7319 -0.6685
vn -0.0000 -0.7437 -0.6685
vn -0.1324 -0.7319 -0.6685
vn -0.2593 -0.6973 -0.6682
vn -0.3760 -0.6423 -0.6679
vn -0.4798 -0.5691 -0.6677
vn -0.5691 -0.4798 -0.6677
vn -0.6423 -0.3760 -0.6679
vn -0.6973 -0.2593 -0.6682
vn -0.9932 0.0000 -0.1163
vn -0.9774 -0.1767 -0.1164
vn -0.9774 0.1767 -0.1164
vn -0.9309 0.3461 -0.1163
vn -0.8572 0.5017 -0.1163
vn -0.7594 0.6402 -0.1163
vn -0.6402 0.7594 -0.1163
vn -0.5017 0.8572 -0.1163
vn -0.3461 0.9309 -0.1163
vn -0.1767 0.9774 -0.1164
vn -0.0000 0.9932 -0.1163
vn 0.1767 0.9774 -0.1164
vn 0.3461 0.9309 -0.1163
vn 0.5017 0.8572 -0.1163
vn 0.6402 0.7594 -0.1163
vn 0.7594 0.6402 -0.1163
vn 0.8572 0.5017 -0.1163
vn 0.9310 0.3461 -0.1163
vn 0.9774 0.1767 -0.1164
vn 0.9932 -0.0000 -0.1164
vn 0.9774 -0.1767 -0.1164
vn 0.9310 -0.3461 -0.1163
vn 0.8572 -0.5017 -0.1163
vn 0.7594 -0.6402 -0.1163
vn 0.6402 -0.7594 -0.1163
vn 0.5017 -0.8572 -0.1163
vn 0.3461 -0.9310 -0.1163
vn 0.1768 -0.9774 -0.1163
vn 0.0000 -0.9932 -0.1163
vn -0.1768 -0.9774 -0.1163
vn -0.3461 -0.9309 -0.1163
vn -0.5017 -0.8572 -0.1163
vn -0.6402 -0.7594 -0.1163
vn -0.7594 -0.6402 -0.1163
vn -0.8572 -0.5017 -0.1163
vn -0.9309 -0.3461 -0.1163
vn -0.7507 0.0000 -0.6606
vn -0.7387 -0.1336 -0.6607
vn -0.7387 0.1336 -0.6607
vn -0.7033 0.2615 -0.6610
vn -0.6474 0.3789 -0.6613
vn -0.5734 0.4834 -0.6615
vn -0.4834 0.5734 -0.6615
vn -0.3789 0.6473 -0.6614
vn -0.2615 0.7033 -0.6611
vn -0.1336 0.7387 -0.6607
vn -0.0000 0.7507 -0.6606
vn 0.1336 0.7387 -0.6607
vn 0.2615 0.7033 -0.6610
vn 0.3789 0.6474 -0.6613
vn 0.4834 0.5734 -0.6615
vn 0.5734 0.4834 -0.6615
vn 0.6473 0.3789 -0.6614
vn 0.7033 0.2615 -0.6610
vn 0.7387 0.1336 -0.6607
vn 0.7507 -0.0000 -0.6606
vn 0.7387 -0.1336 -0.6606
vn 0.7034 -0.2615 -0.6610
vn 0.6474 -0.3789 -0.6613
vn 0.5734 -0.4834 -0.6615
vn 0.4834 -0.5734 -0.6615
vn 0.3789 -0.6474 -0.6613
vn 0.2615 -0.7033 -0.6610
vn 0.1336 -0.7387 -0.6607
vn 0.0000 -0.7507 -0.6606
vn -0.1336 -0.7387 -0.6607
vn -0.2615 -0.7033 -0.6610
vn -0.3789 -0.6474 -0.6613
vn -0.4834 -0.5733 -0.6616
vn -0.5733 -0.4834 -0.6616
vn -0.6474 -0.3789 -0.6613
vn -0.7033 -0.2615 -0.6610
vn -0.0408 0.0000 -0.9992
vn -0.0401 -0.0072 -0.9992
vn -0.0401 0.0072 -0.9992
vn -0.0381 0.0142 -0.9992
vn -0.0351 0.0205 -0.9992
vn -0.0311 0.0262 -0.9992
vn -0.0262 0.0311 -0.9992
vn -0.0205 0.0351 -0.9992
vn -0.0142 0.0381 -0.9992
vn -0.0072 0.0401 -0.9992
vn -0.0000 0.0408 -0.9992
vn 0.0072 0.0401 -0.9992
vn 0.0142 0.0381 -0.9992
vn 0.0205 0.0351 -0.9992
vn 0.0262 0.0311 -0.9992
vn 0.0311 0.0262 -0.9992
vn 0.0351 0.0205 -0.9992
vn 0.0381 0.0142 -0.9992
vn 0.0401 0.0072 -0.9992
vn 0.0408 0.0000 -0.9992
vn 0.0401 -0.0072 -0.9992
vn 0.0381 -0.0142 -0.9992
vn 0.0351 -0.0205 -0.9992
vn 0.0311 -0.0262 -0.9992
vn 0.0262 -0.0311 -0.9992
vn 0.0205 -0.0351 -0.9992
vn 0.0142 -0.0381 -0.9992
vn 0.0072 -0.0401 -0.9992
vn -0.0000 -0.0408 -0.9992
vn -0.0072 -0.0401 -0.9992
vn -0.0142 -0.0381 -0.9992
vn -0.0205 -0.0351 -0.9992
vn -0.0262 -0.0311 -0.9992
vn -0.0311 -0.0262 -0.9992
vn -0.0351 -0.0205 -0.9992
vn -0.0381 -0.0142 -0.9992
vn 0.0000 0.0000 -1.0000
vn 0.9773 0.1768 0.1171
vn 0.9931 0.0000 0.1171
vn 0.9315 0.0000 -0.3637
vn 0.9166 0.1658 -0.3638
vn 0.9309 0.3461 0.1171
vn 0.8730 0.3246 -0.3639
vn 0.8571 0.5017 0.1171
vn 0.8038 0.4705 -0.3640
vn 0.7593 0.6401 0.1171
vn 0.7121 0.6003 -0.3641
vn 0.6401 0.7593 0.1171
vn 0.6003 0.7121 -0.3641
vn 0.5017 0.8571 0.1171
vn 0.4705 0.8038 -0.3640
vn 0.3461 0.9309 0.1171
vn 0.3246 0.8730 -0.3639
vn 0.1768 0.9773 0.1171
vn 0.1658 0.9166 -0.3638
vn 0.0000 0.9931 0.1171
vn 0.0000 0.9315 -0.3637
vn -0.1768 0.9773 0.1171
vn -0.1658 0.9166 -0.3638
vn -0.3461 0.9309 0.1171
vn -0.3246 0.8730 -0.3639
vn -0.5017 0.8571 0.1171
vn -0.4705 0.8038 -0.3640
vn -0.6401 0.7593 0.1171
vn -0.6003 0.7121 -0.3640
vn -0.7593 0.6401 0.1171
vn -0.7121 0.6003 -0.3641
vn -0.8571 0.5017 0.1171
vn -0.8038 0.4705 -0.3640
vn -0.9309 0.3461 0.1171
vn -0.8730 0.3246 -0.3640
vn -0.9773 0.1767 0.1171
vn -0.9166 0.1658 -0.3638
vn -0.9931 -0.0000 0.1171
vn -0.9315 -0.0000 -0.3638
vn -0.9773 -0.1767 0.1171
vn -0.9166 -0.1658 -0.3638
vn -0.9309 -0.3461 0.1171
vn -0.8730 -0.3246 -0.3640
vn -0.8571 -0.5017 0.1171
vn -0.8038 -0.4705 -0.3640
vn -0.7593 -0.6401 0.1171
vn -0.7121 -0.6003 -0.3641
vn -0.6401 -0.7593 0.1171
vn -0.6003 -0.7121 -0.3640
vn -0.5017 -0.8571 0.1171
vn -0.4705 -0.8038 -0.3640
vn -0.3461 -0.9309 0.1171
vn -0.3246 -0.8730 -0.3639
vn -0.1768 -0.9773 0.1171
vn -0.1658 -0.9166 -0.3638
vn -0.0000 -0.9931 0.1171
vn 0.0000 -0.9315 -0.3637
vn 0.1768 -0.9773 0.1171
vn 0.1658 -0.9166 -0.3638
vn 0.3461 -0.9309 0.1171
vn 0.3246 -0.8730 -0.3639
vn 0.5017 -0.8571 0.1171
vn 0.4705 -0.8038 -0.3640
vn 0.6401 -0.7593 0.1171
vn 0.6003 -0.7121 -0.3640
vn 0.7593 -0.6401 0.1171
vn 0.7121 -0.6003 -0.3640
vn 0.8571 -0.5017 0.1171
vn 0.8038 -0.4705 -0.3640
vn 0.9309 -0.3461 0.1171
vn 0.8730 -0.3246 -0.3639
vn 0.9773 -0.1768 0.1171
vn 0.9166 -0.1658 -0.3638
vn 0.4688 -0.0000 -0.8833
vn 0.4612 0.0834 -0.8834
vn 0.4391 0.1632 -0.8835
vn 0.4041 0.2365 -0.8836
vn 0.3579 0.3017 -0.8837
vn 0.3017 0.3579 -0.8837
vn 0.2365 0.4041 -0.8836
vn 0.1632 0.4391 -0.8835
vn 0.0834 0.4612 -0.8834
vn 0.0000 0.4688 -0.8833
vn -0.0834 0.4612 -0.8834
vn -0.1632 0.4391 -0.8835
vn -0.2365 0.4041 -0.8836
vn -0.3017 0.3579 -0.8837
vn -0.3579 0.3017 -0.8837
vn -0.4041 0.2365 -0.8836
vn -0.4390 0.1632 -0.8835
vn -0.4612 0.0834 -0.8834
vn -0.4688 -0.0000 -0.8833
vn -0.4612 -0.0834 -0.8834
vn -0.4390 -0.1632 -0.8835
vn -0.4041 -0.2365 -0.8836
vn -0.3579 -0.3017 -0.8837
vn -0.3017 -0.3579 -0.8837
vn -0.2365 -0.4041 -0.8836
vn -0.1632 -0.4391 -0.8835
vn -0.0834 -0.4612 -0.8834
vn 0.0000 -0.4688 -0.8833
vn 0.0834 -0.4612 -0.8834
vn 0.1632 -0.4391 -0.8835
vn 0.2365 -0.4041 -0.8836
vn 0.3017 -0.3579 -0.8837
vn 0.3579 -0.3017 -0.8837
vn 0.4041 -0.2365 -0.8836
vn 0.4391 -0.1632 -0.8835
vn 0.4612 -0.0834 -0.8834
vn 0.0691 0.0000 -0.9976
vn 0.0680 0.0123 -0.9976
vn 0.0647 0.0241 -0.9976
vn 0.0595 0.0348 -0.9976
vn 0.0527 0.0444 -0.9976
vn 0.0444 0.0527 -0.9976
vn 0.0348 0.0595 -0.9976
vn 0.0241 0.0647 -0.9976
vn 0.0123 0.0680 -0.9976
vn 0.0000 0.0691 -0.9976
vn -0.0123 0.0680 -0.9976
vn -0.0241 0.0647 -0.9976
vn -0.0348 0.0595 -0.9976
vn -0.0444 0.0527 -0.9976
vn -0.0527 0.0444 -0.9976
vn -0.0595 0.0348 -0.9976
vn -0.0647 0.0241 -0.9976
vn -0.0680 0.0123 -0.9976
vn -0.0691 0.0000 -0.9976
vn -0.0680 -0.0123 -0.9976
vn -0.0647 -0.0241 -0.9976
vn -0.0595 -0.0348 -0.9976
vn -0.0527 -0.0444 -0.9976
vn -0.0444 -0.0527 -0.9976
vn -0.0348 -0.0595 -0.9976
vn -0.0241 -0.0647 -0.9976
vn -0.0123 -0.0680 -0.9976
vn 0.0000 -0.0691 -0.9976
vn 0.0123 -0.0680 -0.9976
vn 0.0241 -0.0647 -0.9976
vn 0.0348 -0.0595 -0.9976
vn 0.0444 -0.0527 -0.9976
vn 0.0527 -0.0444 -0.9976
vn 0.0595 -0.0348 -0.9976
vn 0.0647 -0.0241 -0.9976
vn 0.0680 -0.0123 -0.9976
vn -0.3318 0.0000 -0.9434
vn -0.3265 -0.0591 -0.9434
vn -0.3113 -0.1157 -0.9432
vn -0.2870 -0.1680 -0.9431
vn -0.2544 -0.2145 -0.9430
vn -0.2145 -0.2544 -0.9430
vn -0.1680 -0.2870 -0.9431
vn -0.1157 -0.3113 -0.9432
vn -0.0591 -0.3265 -0.9434
vn -0.0000 -0.3318 -0.9434
vn 0.0591 -0.3265 -0.9434
vn 0.1157 -0.3113 -0.9432
vn 0.1680 -0.2870 -0.9431
vn 0.2145 -0.2544 -0.9430
vn 0.2544 -0.2145 -0.9430
vn 0.2870 -0.1680 -0.9431
vn 0.3113 -0.1157 -0.9432
vn 0.3265 -0.0591 -0.9434
vn 0.3318 -0.0000 -0.9434
vn 0.3265 0.0591 -0.9434
vn 0.3113 0.1157 -0.9432
vn 0.2870 0.1680 -0.9431
vn 0.2544 0.2145 -0.9430
vn 0.2145 0.2544 -0.9430
vn 0.1680 0.2870 -0.9431
vn 0.1157 0.3113 -0.9432
vn 0.0591 0.3265 -0.9434
vn -0.0000 0.3318 -0.9434
vn -0.0591 0.3265 -0.9434
vn -0.1157 0.3113 -0.9432
vn -0.1680 0.2870 -0.9431
vn -0.2145 0.2544 -0.9430
vn -0.2544 0.2145 -0.9430
vn -0.2870 0.1680 -0.9431
vn -0.3113 0.1157 -0.9432
vn -0.3265 0.0591 -0.9434
vn -0.3671 -0.0000 -0.9302
vn -0.3612 -0.0653 -0.9302
vn -0.3438 -0.1278 -0.9303
vn -0.3163 -0.1851 -0.9304
vn -0.2801 -0.2361 -0.9305
vn -0.2361 -0.2801 -0.9305
vn -0.1851 -0.3163 -0.9304
vn -0.1278 -0.3438 -0.9303
vn -0.0653 -0.3612 -0.9302
vn -0.0000 -0.3671 -0.9302
vn 0.0653 -0.3612 -0.9302
vn 0.1278 -0.3438 -0.9303
vn 0.1851 -0.3163 -0.9304
vn 0.2361 -0.2801 -0.9305
vn 0.2801 -0.2361 -0.9305
vn 0.3163 -0.1851 -0.9304
vn 0.3438 -0.1278 -0.9303
vn 0.3612 -0.0653 -0.9302
vn 0.3671 -0.0000 -0.9302
vn 0.3612 0.0653 -0.9302
vn 0.3438 0.1278 -0.9303
vn 0.3163 0.1851 -0.9304
vn 0.2801 0.2361 -0.9305
vn 0.2361 0.2801 -0.9305
vn 0.1851 0.3163 -0.9304
vn 0.1278 0.3438 -0.9303
vn 0.0653 0.3612 -0.9302
vn 0.0000 0.3672 -0.9302
vn -0.0653 0.3612 -0.9302
vn -0.1278 0.3438 -0.9303
vn -0.1851 0.3163 -0.9304
vn -0.2361 0.2801 -0.9305
vn -0.2801 0.2361 -0.9305
vn -0.3163 0.1851 -0.9304
vn -0.3438 0.1278 -0.9303
vn -0.3612 0.0653 -0.9302
vn -0.6268 -0.0000 -0.7792
vn -0.6168 -0.1116 -0.7792
vn -0.5880 -0.2186 -0.7788
vn -0.5418 -0.3171 -0.7784
vn -0.4801 -0.4048 -0.7782
vn -0.4048 -0.4801 -0.7782
vn -0.3171 -0.5418 -0.7784
vn -0.2186 -0.5880 -0.7788
vn -0.1116 -0.6168 -0.7792
vn -0.0000 -0.6268 -0.7792
vn 0.1116 -0.6168 -0.7792
vn 0.2186 -0.5880 -0.7788
vn 0.3171 -0.5417 -0.7784
vn 0.4048 -0.4801 -0.7782
vn 0.4801 -0.4048 -0.7782
vn 0.5417 -0.3171 -0.7784
vn 0.5880 -0.2186 -0.7788
vn 0.6168 -0.1116 -0.7792
vn 0.6268 -0.0000 -0.7792
vn 0.6168 0.1116 -0.7792
vn 0.5880 0.2186 -0.7788
vn 0.5417 0.3171 -0.7784
vn 0.4801 0.4048 -0.7782
vn 0.4048 0.4801 -0.7782
vn 0.3171 0.5417 -0.7784
vn 0.2186 0.5880 -0.7788
vn 0.1116 0.6168 -0.7792
vn 0.0000 0.6268 -0.7792
vn -0.1116 0.6168 -0.7792
vn -0.2186 0.5880 -0.7788
vn -0.3171 0.5418 -0.7784
vn -0.4048 0.4801 -0.7782
vn -0.4801 0.4048 -0.7782
vn -0.5418 0.3171 -0.7784
vn -0.5880 0.2186 -0.7788
vn -0.6168 0.1116 -0.7792
vn -0.6690 -0.0000 -0.7432
vn -0.6583 -0.1190 -0.7433
vn -0.6267 -0.2330 -0.7436
vn -0.5767 -0.3376 -0.7439
vn -0.5108 -0.4306 -0.7441
vn -0.4306 -0.5108 -0.7441
vn -0.3376 -0.5767 -0.7439
vn -0.2330 -0.6267 -0.7436
vn -0.1191 -0.6583 -0.7433
vn -0.0000 -0.6690 -0.7432
vn 0.1191 -0.6583 -0.7433
vn 0.2330 -0.6267 -0.7436
vn 0.3376 -0.5767 -0.7439
vn 0.4306 -0.5107 -0.7441
vn 0.5107 -0.4306 -0.7441
vn 0.5767 -0.3376 -0.7439
vn 0.6267 -0.2330 -0.7436
vn 0.6583 -0.1190 -0.7433
vn 0.6691 -0.0000 -0.7432
vn 0.6583 0.1190 -0.7433
vn 0.6267 0.2330 -0.7436
vn 0.5767 0.3376 -0.7439
vn 0.5107 0.4306 -0.7441
vn 0.4306 0.5107 -0.7441
vn 0.3376 0.5767 -0.7439
vn 0.2330 0.6267 -0.7436
vn 0.1190 0.6583 -0.7433
vn -0.0000 0.6690 -0.7432
vn -0.1190 0.6583 -0.7433
vn -0.2330 0.6267 -0.7436
vn -0.3376 0.5767 -0.7439
vn -0.4306 0.5108 -0.7441
vn -0.5108 0.4306 -0.7441
vn -0.5767 0.3376 -0.7439
vn -0.6267 0.2330 -0.7436
vn -0.6583 0.1190 -0.7433
vn 0.0630 0.0000 -0.9980
vn 0.0620 0.0112 -0.9980
vn 0.0591 0.0220 -0.9980
vn 0.0545 0.0319 -0.9980
vn 0.0483 0.0407 -0.9980
vn 0.0407 0.0483 -0.9980
vn 0.0319 0.0545 -0.9980
vn 0.0220 0.0591 -0.9980
vn 0.0112 0.0620 -0.9980
vn 0.0000 0.0630 -0.9980
vn -0.0112 0.0620 -0.9980
vn -0.0220 0.0591 -0.9980
vn -0.0319 0.0545 -0.9980
vn -0.0407 0.0483 -0.9980
vn -0.0483 0.0407 -0.9980
vn -0.0545 0.0319 -0.9980
vn -0.0591 0.0220 -0.9980
vn -0.0620 0.0112 -0.9980
vn -0.0630 0.0000 -0.9980
vn -0.0620 -0.0112 -0.9980
vn -0.0591 -0.0220 -0.9980
vn -0.0545 -0.0319 -0.9980
vn -0.0483 -0.0407 -0.9980
vn -0.0407 -0.0483 -0.9980
vn -0.0319 -0.0545 -0.9980
vn -0.0220 -0.0591 -0.9980
vn -0.0112 -0.0620 -0.9980
vn 0.0000 -0.0630 -0.9980
vn 0.0112 -0.0620 -0.9980
vn 0.0220 -0.0591 -0.9980
vn 0.0319 -0.0545 -0.9980
vn 0.0407 -0.0483 -0.9980
vn 0.0483 -0.0407 -0.9980
vn 0.0545 -0.0319 -0.9980
vn 0.0591 -0.0220 -0.9980
vn 0.0620 -0.0112 -0.9980
vn 0.0706 0.0000 -0.9975
vn 0.0694 0.0126 -0.9975
vn 0.0661 0.0246 -0.9975
vn 0.0608 0.0356 -0.9975
vn 0.0538 0.0454 -0.9975
vn 0.0454 0.0538 -0.9975
vn 0.0356 0.0608 -0.9975
vn 0.0246 0.0661 -0.9975
vn 0.0126 0.0694 -0.9975
vn 0.0000 0.0706 -0.9975
vn -0.0126 0.0694 -0.9975
vn -0.0246 0.0661 -0.9975
vn -0.0356 0.0608 -0.9975
vn -0.0454 0.0538 -0.9975
vn -0.0538 0.0454 -0.9975
vn -0.0608 0.0356 -0.9975
vn -0.0661 0.0246 -0.9975
vn -0.0694 0.0126 -0.9975
vn -0.0706 0.0000 -0.9975
vn -0.0694 -0.0126 -0.9975
vn -0.0661 -0.0246 -0.9975
vn -0.0608 -0.0356 -0.9975
vn -0.0538 -0.0454 -0.9975
vn -0.0454 -0.0538 -0.9975
vn -0.0356 -0.0608 -0.9975
vn -0.0246 -0.0661 -0.9975
vn -0.0126 -0.0694 -0.9975
vn 0.0000 -0.0706 -0.9975
vn 0.0126 -0.0694 -0.9975
vn 0.0246 -0.0661 -0.9975
vn 0.0356 -0.0608 -0.9975
vn 0.0454 -0.0538 -0.9975
vn 0.0538 -0.0454 -0.9975
vn 0.0608 -0.0356 -0.9975
vn 0.0661 -0.0246 -0.9975
vn 0.0694 -0.0126 -0.9975
vn 0.8697 0.1573 0.4678
vn 0.8839 -0.0000 0.4678
vn 0.8697 -0.1573 0.4678
vn 0.8284 -0.3080 0.4679
vn 0.7627 -0.4464 0.4680
vn 0.6757 -0.5696 0.4680
vn 0.5696 -0.6757 0.4680
vn 0.4464 -0.7627 0.4680
vn 0.3080 -0.8284 0.4679
vn 0.1573 -0.8697 0.4678
vn -0.0000 -0.8838 0.4678
vn -0.1573 -0.8697 0.4678
vn -0.3080 -0.8284 0.4679
vn -0.4464 -0.7627 0.4680
vn -0.5696 -0.6757 0.4680
vn -0.6756 -0.5696 0.4680
vn -0.7627 -0.4464 0.4680
vn -0.8284 -0.3080 0.4679
vn -0.8697 -0.1573 0.4678
vn -0.8838 0.0000 0.4678
vn -0.8697 0.1573 0.4678
vn -0.8284 0.3080 0.4679
vn -0.7627 0.4464 0.4680
vn -0.6756 0.5696 0.4680
vn -0.5696 0.6757 0.4680
vn -0.4464 0.7627 0.4680
vn -0.3080 0.8284 0.4679
vn -0.1573 0.8697 0.4678
vn 0.0000 0.8839 0.4678
vn 0.1573 0.8697 0.4678
vn 0.3080 0.8284 0.4679
vn 0.4464 0.7627 0.4680
vn 0.5696 0.6757 0.4680
vn 0.6757 0.5696 0.4680
vn 0.7627 0.4464 0.4680
vn 0.8284 0.3080 0.4679
vn 0.5063 0.0916 0.8575
vn 0.5146 -0.0000 0.8574
vn 0.5063 -0.0916 0.8575
vn 0.4821 -0.1792 0.8576
vn 0.4437 -0.2597 0.8577
vn 0.3930 -0.3314 0.8578
vn 0.3314 -0.3930 0.8578
vn 0.2597 -0.4437 0.8577
vn 0.1792 -0.4821 0.8576
vn 0.0916 -0.5063 0.8575
vn 0.0000 -0.5146 0.8574
vn -0.0916 -0.5063 0.8575
vn -0.1792 -0.4821 0.8576
vn -0.2597 -0.4437 0.8577
vn -0.3314 -0.3930 0.8578
vn -0.3930 -0.3314 0.8578
vn -0.4437 -0.2597 0.8577
vn -0.4821 -0.1792 0.8576
vn -0.5063 -0.0916 0.8575
vn -0.5146 0.0000 0.8574
vn -0.5063 0.0916 0.8575
vn -0.4821 0.1792 0.8576
vn -0.4437 0.2597 0.8577
vn -0.3930 0.3314 0.8578
vn -0.3314 0.3930 0.8578
vn -0.2597 0.4437 0.8577
vn -0.1792 0.4821 0.8576
vn -0.0916 0.5063 0.8575
vn 0.0000 0.5146 0.8574
vn 0.0916 0.5063 0.8575
vn 0.1792 0.4821 0.8576
vn 0.2597 0.4437 0.8577
vn 0.3314 0.3930 0.8578
vn 0.3930 0.3314 0.8578
vn 0.4437 0.2597 0.8577
vn 0.4821 0.1792 0.8576
vn 0.1207 0.0218 0.9924
vn 0.1227 0.0000 0.9924
vn 0.1207 -0.0218 0.9924
vn 0.1149 -0.0427 0.9925
vn 0.1057 -0.0619 0.9925
vn 0.0936 -0.0789 0.9925
vn 0.0789 -0.0936 0.9925
vn 0.0619 -0.1057 0.9925
vn 0.0427 -0.1149 0.9925
vn 0.0218 -0.1207 0.9924
vn -0.0000 -0.1227 0.9924
vn -0.0218 -0.1207 0.9924
vn -0.0427 -0.1149 0.9925
vn -0.0619 -0.1057 0.9925
vn -0.0789 -0.0936 0.9925
vn -0.0936 -0.0789 0.9925
vn -0.1057 -0.0619 0.9925
vn -0.1149 -0.0427 0.9925
vn -0.1207 -0.0218 0.9924
vn -0.1227 0.0000 0.9924
vn -0.1207 0.0218 0.9924
vn -0.1149 0.0427 0.9925
vn -0.1057 0.0619 0.9925
vn -0.0936 0.0789 0.9925
vn -0.0789 0.0936 0.9925
vn -0.0619 0.1057 0.9925
vn -0.0427 0.1149 0.9925
vn -0.0218 0.1207 0.9924
vn 0.0000 0.1227 0.9924
vn 0.0218 0.1207 0.9924
vn 0.0427 0.1149 0.9925
vn 0.0619 0.1057 0.9925
vn 0.0789 0.0936 0.9925
vn 0.0936 0.0789 0.9925
vn 0.1057 0.0619 0.9925
vn 0.1149 0.0427 0.9925
vn -0.4691 -0.0849 0.8791
vn -0.4767 0.0000 0.8791
vn -0.4691 0.0849 0.8791
vn -0.4472 0.1663 0.8788
vn -0.4122 0.2413 0.8786
vn -0.3654 0.3080 0.8784
vn -0.3080 0.3654 0.8784
vn -0.2413 0.4122 0.8786
vn -0.1663 0.4472 0.8788
vn -0.0849 0.4691 0.8791
vn -0.0000 0.4767 0.8791
vn 0.0849 0.4691 0.8791
vn 0.1663 0.4472 0.8788
vn 0.2412 0.4122 0.8786
vn 0.3080 0.3654 0.8784
vn 0.3653 0.3080 0.8784
vn 0.4122 0.2412 0.8786
vn 0.4472 0.1663 0.8788
vn 0.4691 0.0849 0.8791
vn 0.4767 -0.0000 0.8791
vn 0.4691 -0.0849 0.8791
vn 0.4472 -0.1663 0.8788
vn 0.4122 -0.2412 0.8786
vn 0.3654 -0.3080 0.8784
vn 0.3080 -0.3654 0.8784
vn 0.2412 -0.4122 0.8786
vn 0.1663 -0.4472 0.8788
vn 0.0849 -0.4691 0.8791
vn -0.0000 -0.4767 0.8791
vn -0.0849 -0.4691 0.8791
vn -0.1663 -0.4472 0.8788
vn -0.2413 -0.4122 0.8786
vn -0.3080 -0.3654 0.8784
vn -0.3654 -0.3080 0.8784
vn -0.4122 -0.2413 0.8786
vn -0.4472 -0.1663 0.8788
vn -0.5294 -0.0957 0.8430
vn -0.5380 0.0000 0.8429
vn -0.5294 0.0957 0.8430
vn -0.5039 0.1873 0.8432
vn -0.4637 0.2714 0.8434
vn -0.4106 0.3462 0.8435
vn -0.3462 0.4106 0.8435
vn -0.2714 0.4637 0.8434
vn -0.1873 0.5039 0.8432
vn -0.0957 0.5294 0.8430
vn -0.0000 0.5380 0.8429
vn 0.0957 0.5294 0.8430
vn 0.1873 0.5039 0.8432
vn 0.2714 0.4637 0.8434
vn 0.3462 0.4106 0.8435
vn 0.4106 0.3462 0.8435
vn 0.4637 0.2714 0.8434
vn 0.5039 0.1873 0.8432
vn 0.5294 0.0957 0.8430
vn 0.5380 0.0000 0.8429
vn 0.5294 -0.0957 0.8430
vn 0.5039 -0.1873 0.8432
vn 0.4637 -0.2714 0.8434
vn 0.4106 -0.3462 0.8435
vn 0.3462 -0.4106 0.8435
vn 0.2714 -0.4637 0.8434
vn 0.1873 -0.5039 0.8432
vn 0.0957 -0.5294 0.8430
vn -0.0000 -0.5380 0.8429
vn -0.0957 -0.5294 0.8430
vn -0.1873 -0.5039 0.8432
vn -0.2714 -0.4637 0.8434
vn -0.3462 -0.4106 0.8435
vn -0.4106 -0.3462 0.8435
vn -0.4637 -0.2714 0.8434
vn -0.5039 -0.1873 0.8432
vn -0.5986 -0.1083 0.7937
vn -0.6083 0.0000 0.7937
vn -0.5986 0.1083 0.7937
vn -0.5706 0.2122 0.7933
vn -0.5258 0.3078 0.7930
vn -0.4660 0.3929 0.7928
vn -0.3929 0.4660 0.7928
vn -0.3078 0.5258 0.7930
vn -0.2122 0.5706 0.7933
vn -0.1083 0.5986 0.7937
vn 0.0000 0.6083 0.7937
vn 0.1083 0.5986 0.7937
vn 0.2122 0.5706 0.7933
vn 0.3078 0.5258 0.7930
vn 0.3929 0.4660 0.7928
vn 0.4660 0.3929 0.7928
vn 0.5258 0.3078 0.7930
vn 0.5706 0.2121 0.7934
vn 0.5986 0.1083 0.7937
vn 0.6083 -0.0000 0.7937
vn 0.5986 -0.1083 0.7937
vn 0.5706 -0.2121 0.7934
vn 0.5258 -0.3078 0.7930
vn 0.4660 -0.3929 0.7928
vn 0.3929 -0.4660 0.7928
vn 0.3078 -0.5258 0.7930
vn 0.2122 -0.5706 0.7933
vn 0.1083 -0.5986 0.7937
vn -0.0000 -0.6083 0.7937
vn -0.1083 -0.5986 0.7937
vn -0.2122 -0.5706 0.7933
vn -0.3078 -0.5258 0.7930
vn -0.3929 -0.4660 0.7928
vn -0.4660 -0.3929 0.7928
vn -0.5258 -0.3078 0.7930
vn -0.5706 -0.2122 0.7933
vn -0.7466 -0.1350 0.6514
vn -0.7587 0.0000 0.6514
vn -0.7466 0.1350 0.6514
vn -0.7109 0.2643 0.6517
vn -0.6545 0.3831 0.6519
vn -0.5797 0.4887 0.6520
vn -0.4887 0.5797 0.6520
vn -0.3831 0.6545 0.6519
vn -0.2643 0.7109 0.6517
vn -0.1350 0.7466 0.6514
vn -0.0000 0.7587 0.6514
vn 0.1350 0.7466 0.6514
vn 0.2643 0.7109 0.6517
vn 0.3831 0.6545 0.6519
vn 0.4887 0.5797 0.6520
vn 0.5797 0.4887 0.6520
vn 0.6545 0.3831 0.6519
vn 0.7109 0.2643 0.6517
vn 0.7466 0.1350 0.6515
vn 0.7587 0.0000 0.6514
vn 0.7466 -0.1350 0.6515
vn 0.7109 -0.2643 0.6517
vn 0.6545 -0.3831 0.6519
vn 0.5797 -0.4887 0.6520
vn 0.4887 -0.5797 0.6520
vn 0.3831 -0.6545 0.6519
vn 0.2643 -0.7109 0.6517
vn 0.1350 -0.7466 0.6514
vn -0.0000 -0.7587 0.6514
vn -0.1350 -0.7466 0.6514
vn -0.2643 -0.7109 0.6517
vn -0.3831 -0.6545 0.6519
vn -0.4887 -0.5797 0.6520
vn -0.5797 -0.4887 0.6520
vn -0.6545 -0.3831 0.6519
vn -0.7109 -0.2643 0.6517
vn -0.7319 -0.1324 0.6685
vn -0.7437 0.0000 0.6685
vn -0.7319 0.1324 0.6685
vn -0.6973 0.2593 0.6682
vn -0.6423 0.3760 0.6679
vn -0.5691 0.4798 0.6677
vn -0.4798 0.5691 0.6677
vn -0.3760 0.6423 0.6679
vn -0.2593 0.6973 0.6682
vn -0.1324 0.7319 0.6685
vn 0.0000 0.7437 0.6685
vn 0.1324 0.7319 0.6685
vn 0.2593 0.6973 0.6682
vn 0.3760 0.6423 0.6679
vn 0.4798 0.5691 0.6677
vn 0.5691 0.4798 0.6677
vn 0.6423 0.3760 0.6679
vn 0.6973 0.2593 0.6682
vn 0.7319 0.1324 0.6685
vn 0.7437 -0.0000 0.6685
vn 0.7319 -0.1324 0.6685
vn 0.6973 -0.2593 0.6682
vn 0.6423 -0.3760 0.6679
vn 0.5691 -0.4798 0.6677
vn 0.4798 -0.5691 0.6677
vn 0.3760 -0.6423 0.6679
vn 0.2593 -0.6973 0.6682
vn 0.1324 -0.7319 0.6685
vn -0.0000 -0.7437 0.6685
vn -0.1324 -0.7319 0.6685
vn -0.2593 -0.6973 0.6682
vn -0.3760 -0.6423 0.6679
vn -0.4798 -0.5691 0.6677
vn -0.5691 -0.4798 0.6677
vn -0.6423 -0.3760 0.6679
vn -0.6973 -0.2593 0.6682
vn -0.9774 -0.1767 0.1164
vn -0.9932 0.0000 0.1163
vn -0.9774 0.1767 0.1164
vn -0.9309 0.3461 0.1163
vn -0.8572 0.5017 0.1163
vn -0.7594 0.6402 0.1163
vn -0.6402 0.7594 0.1163
vn -0.5017 0.8572 0.1163
vn -0.3461 0.9309 0.1163
vn -0.1767 0.9774 0.1164
vn -0.0000 0.9932 0.1163
vn 0.1767 0.9774 0.1164
vn 0.3461 0.9309 0.1163
vn 0.5017 0.8572 0.1163
vn 0.6402 0.7594 0.1163
vn 0.7594 0.6402 0.1163
vn 0.8572 0.5017 0.1163
vn 0.9310 0.3461 0.1163
vn 0.9774 0.1767 0.1164
vn 0.9932 -0.0000 0.1164
vn 0.9774 -0.1767 0.1164
vn 0.9310 -0.3461 0.1163
vn 0.8572 -0.5017 0.1163
vn 0.7594 -0.6402 0.1163
vn 0.6402 -0.7594 0.1163
vn 0.5017 -0.8572 0.1163
vn 0.3461 -0.9310 0.1163
vn 0.1768 -0.9774 0.1163
vn 0.0000 -0.9932 0.1163
vn -0.1768 -0.9774 0.1163
vn -0.3461 -0.9309 0.1163
vn -0.5017 -0.8572 0.1163
vn -0.6402 -0.7594 0.1163
vn -0.7594 -0.6402 0.1163
vn -0.8572 -0.5017 0.1163
vn -0.9309 -0.3461 0.1163
vn -0.7387 -0.1336 0.6607
vn -0.7507 0.0000 0.6606
vn -0.7387 0.1336 0.6607
vn -0.7033 0.2615 0.6610
vn -0.6474 0.3789 0.6613
vn -0.5734 0.4834 0.6615
vn -0.4834 0.5734 0.6615
vn -0.3789 0.6473 0.6614
vn -0.2615 0.7033 0.6611
vn -0.1336 0.7387 0.6607
vn -0.0000 0.7507 0.6606
vn 0.1336 0.7387 0.6607
vn 0.2615 0.7033 0.6610
vn 0.3789 0.6474 0.6613
vn 0.4834 0.5734 0.6615
vn 0.5734 0.4834 0.6615
vn 0.6473 0.3789 0.6614
vn 0.7033 0.2615 0.6610
vn 0.7387 0.1336 0.6607
vn 0.7507 -0.0000 0.6606
vn 0.7387 -0.1336 0.6606
vn 0.7034 -0.2615 0.6610
vn 0.6474 -0.3789 0.6613
vn 0.5734 -0.4834 0.6615
vn 0.4834 -0.5734 0.6615
vn 0.3789 -0.6474 0.6613
vn 0.2615 -0.7033 0.6610
vn 0.1336 -0.7387 0.6607
vn 0.0000 -0.7507 0.6606
vn -0.1336 -0.7387 0.6607
vn -0.2615 -0.7033 0.6610
vn -0.3789 -0.6474 0.6613
vn -0.4834 -0.5733 0.6616
vn -0.5733 -0.4834 0.6616
vn -0.6474 -0.3789 0.6613
vn -0.7033 -0.2615 0.6610
vn -0.0401 -0.0072 0.9992
vn -0.0408 0.0000 0.9992
vn -0.0401 0.0072 0.9992
vn -0.0381 0.0142 0.9992
vn -0.0351 0.0205 0.9992
vn -0.0311 0.0262 0.9992
vn -0.0262 0.0311 0.9992
vn -0.0205 0.0351 0.9992
vn -0.0142 0.0381 0.9992
vn -0.0072 0.0401 0.9992
vn -0.0000 0.0408 0.9992
vn 0.0072 0.0401 0.9992
vn 0.0142 0.0381 0.9992
vn 0.0205 0.0351 0.9992
vn 0.0262 0.0311 0.9992
vn 0.0311 0.0262 0.9992
vn 0.0351 0.0205 0.9992
vn 0.0381 0.0142 0.9992
vn 0.0401 0.0072 0.9992
vn 0.0408 0.0000 0.9992
vn 0.0401 -0.0072 0.9992
vn 0.0381 -0.0142 0.9992
vn 0.0351 -0.0205 0.9992
vn 0.0311 -0.0262 0.9992
vn 0.0262 -0.0311 0.9992
vn 0.0205 -0.0351 0.9992
vn 0.0142 -0.0381 0.9992
vn 0.0072 -0.0401 0.9992
vn -0.0000 -0.0408 0.9992
vn -0.0072 -0.0401 0.9992
vn -0.0142 -0.0381 0.9992
vn -0.0205 -0.0351 0.9992
vn -0.0262 -0.0311 0.9992
vn -0.0311 -0.0262 0.9992
vn -0.0351 -0.0205 0.9992
vn -0.0381 -0.0142 0.9992
# 1514 vertex normals

vt 0.1655 0.5000 0.0000
vt 0.0554 0.5000 0.0000
vt 0.0554 0.4715 0.0000
vt 0.1655 0.4715 0.0000
vt 0.1655 0.5277 0.0000
vt 0.0554 0.5277 0.0000
vt 0.1655 0.5550 0.0000
vt 0.0554 0.5550 0.0000
vt 0.1655 0.5820 0.0000
vt 0.0554 0.5820 0.0000
vt 0.1655 0.6090 0.0000
vt 0.0554 0.6090 0.0000
vt 0.1655 0.6360 0.0000
vt 0.0554 0.6360 0.0000
vt 0.1655 0.6633 0.0000
vt 0.0554 0.6633 0.0000
vt 0.1655 0.6910 0.0000
vt 0.0554 0.6910 0.0000
vt 0.1655 0.7195 0.0000
vt 0.0554 0.7195 0.0000
vt 0.1655 0.7480 0.0000
vt 0.0554 0.7480 0.0000
vt 0.1655 0.7758 0.0000
vt 0.0554 0.7758 0.0000
vt 0.1655 0.8030 0.0000
vt 0.0554 0.8030 0.0000
vt 0.1655 0.8301 0.0000
vt 0.0554 0.8301 0.0000
vt 0.1655 0.8570 0.0000
vt 0.0554 0.8570 0.0000
vt 0.1655 0.8841 0.0000
vt 0.0554 0.8841 0.0000
vt 0.1655 0.9113 0.0000
vt 0.0554 0.9113 0.0000
vt 0.1655 0.9391 0.0000
vt 0.0554 0.9391 0.0000
vt 0.1655 0.9676 0.0000
vt 0.0554 0.9676 0.0000
vt 0.1655 0.9961 0.0000
vt 0.0554 0.9961 0.0000
vt 0.1655 0.0316 0.0000
vt 0.0554 0.0316 0.0000
vt 0.0554 0.0039 0.0000
vt 0.1655 0.0039 0.0000
vt 0.1655 0.0589 0.0000
vt 0.0554 0.0589 0.0000
vt 0.1655 0.0859 0.0000
vt 0.0554 0.0859 0.0000
vt 0.1655 0.1129 0.0000
vt 0.0554 0.1129 0.0000
vt 0.1655 0.1399 0.0000
vt 0.0554 0.1399 0.0000
vt 0.1655 0.1672 0.0000
vt 0.0554 0.1672 0.0000
vt 0.1655 0.1949 0.0000
vt 0.0554 0.1949 0.0000
vt 0.1655 0.2234 0.0000
vt 0.0554 0.2234 0.0000
vt 0.1655 0.2520 0.0000
vt 0.0554 0.2520 0.0000
vt 0.1655 0.2797 0.0000
vt 0.0554 0.2797 0.0000
vt 0.1655 0.3070 0.0000
vt 0.0554 0.3070 0.0000
vt 0.1655 0.3340 0.0000
vt 0.0554 0.3340 0.0000
vt 0.1655 0.3609 0.0000
vt 0.0554 0.3609 0.0000
vt 0.1655 0.3880 0.0000
vt 0.0554 0.3880 0.0000
vt 0.1655 0.4152 0.0000
vt 0.0554 0.4152 0.0000
vt 0.1655 0.4430 0.0000
vt 0.0554 0.4430 0.0000
vt 0.0415 0.5000 0.0000
vt 0.0415 0.4715 0.0000
vt 0.0415 0.5277 0.0000
vt 0.0415 0.5550 0.0000
vt 0.0415 0.5820 0.0000
vt 0.0415 0.6090 0.0000
vt 0.0415 0.6360 0.0000
vt 0.0415 0.6633 0.0000
vt 0.0415 0.6910 0.0000
vt 0.0415 0.7195 0.0000
vt 0.0415 0.7480 0.0000
vt 0.0415 0.7758 0.0000
vt 0.0415 0.8030 0.0000
vt 0.0415 0.8301 0.0000
vt 0.0415 0.8570 0.0000
vt 0.0415 0.8841 0.0000
vt 0.0415 0.9113 0.0000
vt 0.0415 0.9391 0.0000
vt 0.0415 0.9676 0.0000
vt 0.0415 0.9961 0.0000
vt 0.0415 0.0316 0.0000
vt 0.0415 0.0039 0.0000
vt 0.0415 0.0589 0.0000
vt 0.0415 0.0859 0.0000
vt 0.0415 0.1129 0.0000
vt 0.0415 0.1399 0.0000
vt 0.0415 0.1672 0.0000
vt 0.0415 0.1949 0.0000
vt 0.0415 0.2234 0.0000
vt 0.0415 0.2520 0.0000
vt 0.0415 0.2797 0.0000
vt 0.0415 0.3070 0.0000
vt 0.0415 0.3340 0.0000
vt 0.0415 0.3609 0.0000
vt 0.0415 0.3880 0.0000
vt 0.0415 0.4152 0.0000
vt 0.0415 0.4430 0.0000
vt 0.0295 0.5000 0.0000
vt 0.0295 0.4715 0.0000
vt 0.0295 0.5277 0.0000
vt 0.0295 0.5550 0.0000
vt 0.0295 0.5820 0.0000
vt 0.0295 0.6090 0.0000
vt 0.0295 0.6360 0.0000
vt 0.0295 0.6633 0.0000
vt 0.0295 0.6910 0.0000
vt 0.0295 0.7195 0.0000
vt 0.0295 0.7480 0.0000
vt 0.0295 0.7758 0.0000
vt 0.0295 0.8030 0.0000
vt 0.0295 0.8301 0.0000
vt 0.0295 0.8570 0.0000
vt 0.0295 0.8841 0.0000
vt 0.0295 0.9113 0.0000
vt 0.0295 0.9391 0.0000
vt 0.0295 0.9676 0.0000
vt 0.0295 0.9961 0.0000
vt 0.0295 0.0316 0.0000
vt 0.0295 0.0039 0.0000
vt 0.0295 0.0589 0.0000
vt 0.0295 0.0859 0.0000
vt 0.0295 0.1129 0.0000
vt 0.0295 0.1399 0.0000
vt 0.0295 0.1672 0.0000
vt 0.0295 0.1949 0.0000
vt 0.0295 0.2234 0.0000
vt 0.0295 0.2520 0.0000
vt 0.0295 0.2797 0.0000
vt 0.0295 0.3070 0.0000
vt 0.0295 0.3340 0.0000
vt 0.0295 0.3609 0.0000
vt 0.0295 0.3880 0.0000
vt 0.0295 0.4152 0.0000
vt 0.0295 0.4430 0.0000
vt 0.0039 0.5000 0.0000
vt 0.0039 0.4715 0.0000
vt 0.0039 0.5277 0.0000
vt 0.0039 0.5550 0.0000
vt 0.0039 0.5820 0.0000
vt 0.0039 0.6090 0.0000
vt 0.0039 0.6360 0.0000
vt 0.0039 0.6633 0.0000
vt 0.0039 0.6910 0.0000
vt 0.0039 0.7195 0.0000
vt 0.0039 0.7480 0.0000
vt 0.0039 0.7758 0.0000
vt 0.0039 0.8030 0.0000
vt 0.0039 0.8301 0.0000
vt 0.0039 0.8570 0.0000
vt 0.0039 0.8841 0.0000
vt 0.0039 0.9113 0.0000
vt 0.0039 0.9391 0.0000
vt 0.0039 0.9676 0.0000
vt 0.0039 0.9961 0.0000
vt 0.0039 0.0316 0.0000
vt 0.0039 0.0039 0.0000
vt 0.0039 0.0589 0.0000
vt 0.0039 0.0859 0.0000
vt 0.0039 0.1129 0.0000
vt 0.0039 0.1399 0.0000
vt 0.0039 0.1672 0.0000
vt 0.0039 0.1949 0.0000
vt 0.0039 0.2234 0.0000
vt 0.0039 0.2520 0.0000
vt 0.0039 0.2797 0.0000
vt 0.0039 0.3070 0.0000
vt 0.0039 0.3340 0.0000
vt 0.0039 0.3609 0.0000
vt 0.0039 0.3880 0.0000
vt 0.0039 0.4152 0.0000
vt 0.0039 0.4430 0.0000
vt 0.7030 0.9389 0.0000
vt 0.7064 0.9262 0.0000
vt 0.7453 0.9333 0.0000
vt 0.7441 0.9463 0.0000
vt 0.6649 0.9246 0.0000
vt 0.6705 0.9128 0.0000
vt 0.6304 0.9043 0.0000
vt 0.6380 0.8936 0.0000
vt 0.6002 0.8786 0.0000
vt 0.6094 0.8694 0.0000
vt 0.5748 0.8482 0.0000
vt 0.5855 0.8407 0.0000
vt 0.5549 0.8139 0.0000
vt 0.5667 0.8084 0.0000
vt 0.5411 0.7764 0.0000
vt 0.5537 0.7729 0.0000
vt 0.5338 0.7364 0.0000
vt 0.5469 0.7352 0.0000
vt 0.5338 0.6946 0.0000
vt 0.5469 0.6957 0.0000
vt 0.5413 0.6534 0.0000
vt 0.5539 0.6569 0.0000
vt 0.5555 0.6153 0.0000
vt 0.5673 0.6209 0.0000
vt 0.5758 0.5808 0.0000
vt 0.5865 0.5884 0.0000
vt 0.6015 0.5506 0.0000
vt 0.6107 0.5599 0.0000
vt 0.6319 0.5253 0.0000
vt 0.6394 0.5360 0.0000
vt 0.6662 0.5054 0.0000
vt 0.6718 0.5172 0.0000
vt 0.7037 0.4915 0.0000
vt 0.7072 0.5041 0.0000
vt 0.7438 0.4843 0.0000
vt 0.7450 0.4973 0.0000
vt 0.7856 0.4843 0.0000
vt 0.7844 0.4973 0.0000
vt 0.8267 0.4917 0.0000
vt 0.8232 0.5044 0.0000
vt 0.8648 0.5060 0.0000
vt 0.8592 0.5178 0.0000
vt 0.8993 0.5263 0.0000
vt 0.8917 0.5370 0.0000
vt 0.9295 0.5520 0.0000
vt 0.9202 0.5612 0.0000
vt 0.9549 0.5824 0.0000
vt 0.9442 0.5899 0.0000
vt 0.9748 0.6167 0.0000
vt 0.9629 0.6222 0.0000
vt 0.9886 0.6542 0.0000
vt 0.9760 0.6577 0.0000
vt 0.9958 0.6942 0.0000
vt 0.9828 0.6954 0.0000
vt 0.9958 0.7360 0.0000
vt 0.9828 0.7349 0.0000
vt 0.9884 0.7772 0.0000
vt 0.9758 0.7737 0.0000
vt 0.9742 0.8153 0.0000
vt 0.9623 0.8097 0.0000
vt 0.9538 0.8498 0.0000
vt 0.9432 0.8422 0.0000
vt 0.9281 0.8800 0.0000
vt 0.9189 0.8707 0.0000
vt 0.8978 0.9053 0.0000
vt 0.8903 0.8946 0.0000
vt 0.8635 0.9252 0.0000
vt 0.8579 0.9134 0.0000
vt 0.8259 0.9391 0.0000
vt 0.8225 0.9265 0.0000
vt 0.7859 0.9463 0.0000
vt 0.7847 0.9333 0.0000
vt 0.7105 0.9117 0.0000
vt 0.7466 0.9183 0.0000
vt 0.6770 0.8992 0.0000
vt 0.6467 0.8814 0.0000
vt 0.6201 0.8588 0.0000
vt 0.5979 0.8321 0.0000
vt 0.5804 0.8020 0.0000
vt 0.5682 0.7690 0.0000
vt 0.5619 0.7338 0.0000
vt 0.5619 0.6971 0.0000
vt 0.5684 0.6609 0.0000
vt 0.5809 0.6274 0.0000
vt 0.5988 0.5971 0.0000
vt 0.6213 0.5706 0.0000
vt 0.6480 0.5483 0.0000
vt 0.6782 0.5308 0.0000
vt 0.7111 0.5187 0.0000
vt 0.7463 0.5123 0.0000
vt 0.7831 0.5123 0.0000
vt 0.8192 0.5189 0.0000
vt 0.8527 0.5314 0.0000
vt 0.8830 0.5492 0.0000
vt 0.9095 0.5718 0.0000
vt 0.9318 0.5985 0.0000
vt 0.9493 0.6286 0.0000
vt 0.9615 0.6616 0.0000
vt 0.9678 0.6968 0.0000
vt 0.9678 0.7335 0.0000
vt 0.9613 0.7697 0.0000
vt 0.9488 0.8032 0.0000
vt 0.9309 0.8335 0.0000
vt 0.9083 0.8600 0.0000
vt 0.8817 0.8823 0.0000
vt 0.8515 0.8998 0.0000
vt 0.8185 0.9119 0.0000
vt 0.7833 0.9183 0.0000
vt 0.7136 0.9004 0.0000
vt 0.7476 0.9066 0.0000
vt 0.6820 0.8886 0.0000
vt 0.6535 0.8718 0.0000
vt 0.6284 0.8505 0.0000
vt 0.6074 0.8254 0.0000
vt 0.5910 0.7970 0.0000
vt 0.5795 0.7659 0.0000
vt 0.5735 0.7328 0.0000
vt 0.5735 0.6981 0.0000
vt 0.5797 0.6640 0.0000
vt 0.5915 0.6325 0.0000
vt 0.6083 0.6039 0.0000
vt 0.6296 0.5789 0.0000
vt 0.6547 0.5579 0.0000
vt 0.6832 0.5414 0.0000
vt 0.7142 0.5300 0.0000
vt 0.7474 0.5240 0.0000
vt 0.7820 0.5240 0.0000
vt 0.8161 0.5302 0.0000
vt 0.8477 0.5420 0.0000
vt 0.8762 0.5588 0.0000
vt 0.9012 0.5801 0.0000
vt 0.9222 0.6052 0.0000
vt 0.9387 0.6336 0.0000
vt 0.9502 0.6647 0.0000
vt 0.9561 0.6978 0.0000
vt 0.9561 0.7325 0.0000
vt 0.9500 0.7666 0.0000
vt 0.9382 0.7981 0.0000
vt 0.9214 0.8267 0.0000
vt 0.9001 0.8517 0.0000
vt 0.8749 0.8727 0.0000
vt 0.8465 0.8892 0.0000
vt 0.8154 0.9006 0.0000
vt 0.7823 0.9066 0.0000
vt 0.7489 0.7730 0.0000
vt 0.7595 0.7749 0.0000
vt 0.7390 0.7693 0.0000
vt 0.7301 0.7641 0.0000
vt 0.7223 0.7574 0.0000
vt 0.7158 0.7496 0.0000
vt 0.7107 0.7408 0.0000
vt 0.7071 0.7311 0.0000
vt 0.7052 0.7207 0.0000
vt 0.7052 0.7099 0.0000
vt 0.7071 0.6993 0.0000
vt 0.7108 0.6895 0.0000
vt 0.7161 0.6806 0.0000
vt 0.7227 0.6728 0.0000
vt 0.7305 0.6663 0.0000
vt 0.7394 0.6611 0.0000
vt 0.7491 0.6575 0.0000
vt 0.7594 0.6557 0.0000
vt 0.7702 0.6557 0.0000
vt 0.7808 0.6576 0.0000
vt 0.7907 0.6613 0.0000
vt 0.7995 0.6665 0.0000
vt 0.8073 0.6732 0.0000
vt 0.8139 0.6810 0.0000
vt 0.8190 0.6898 0.0000
vt 0.8226 0.6995 0.0000
vt 0.8245 0.7099 0.0000
vt 0.8245 0.7207 0.0000
vt 0.8225 0.7313 0.0000
vt 0.8189 0.7411 0.0000
vt 0.8136 0.7500 0.0000
vt 0.8070 0.7578 0.0000
vt 0.7991 0.7643 0.0000
vt 0.7903 0.7695 0.0000
vt 0.7806 0.7731 0.0000
vt 0.7703 0.7749 0.0000
vt 0.7533 0.7568 0.0000
vt 0.7610 0.7582 0.0000
vt 0.7463 0.7541 0.0000
vt 0.7399 0.7504 0.0000
vt 0.7343 0.7456 0.0000
vt 0.7296 0.7400 0.0000
vt 0.7259 0.7336 0.0000
vt 0.7233 0.7266 0.0000
vt 0.7220 0.7192 0.0000
vt 0.7220 0.7114 0.0000
vt 0.7233 0.7038 0.0000
vt 0.7260 0.6967 0.0000
vt 0.7298 0.6903 0.0000
vt 0.7345 0.6847 0.0000
vt 0.7402 0.6800 0.0000
vt 0.7465 0.6763 0.0000
vt 0.7535 0.6738 0.0000
vt 0.7609 0.6724 0.0000
vt 0.7687 0.6724 0.0000
vt 0.7763 0.6738 0.0000
vt 0.7834 0.6765 0.0000
vt 0.7898 0.6802 0.0000
vt 0.7954 0.6850 0.0000
vt 0.8001 0.6906 0.0000
vt 0.8038 0.6970 0.0000
vt 0.8064 0.7040 0.0000
vt 0.8077 0.7114 0.0000
vt 0.8077 0.7192 0.0000
vt 0.8063 0.7268 0.0000
vt 0.8037 0.7339 0.0000
vt 0.7999 0.7403 0.0000
vt 0.7951 0.7459 0.0000
vt 0.7895 0.7506 0.0000
vt 0.7831 0.7543 0.0000
vt 0.7762 0.7568 0.0000
vt 0.7687 0.7582 0.0000
vt 0.7648 0.7153 0.0000
vt 0.1727 0.4715 0.0000
vt 0.1727 0.5000 0.0000
vt 0.1727 0.4430 0.0000
vt 0.1727 0.4152 0.0000
vt 0.1727 0.3880 0.0000
vt 0.1727 0.3609 0.0000
vt 0.1727 0.3340 0.0000
vt 0.1727 0.3070 0.0000
vt 0.1727 0.2797 0.0000
vt 0.1727 0.2520 0.0000
vt 0.1727 0.2234 0.0000
vt 0.1727 0.1949 0.0000
vt 0.1727 0.1672 0.0000
vt 0.1727 0.1399 0.0000
vt 0.1727 0.1129 0.0000
vt 0.1727 0.0859 0.0000
vt 0.1727 0.0589 0.0000
vt 0.1727 0.0316 0.0000
vt 0.1727 0.0039 0.0000
vt 0.1727 0.9676 0.0000
vt 0.1727 0.9961 0.0000
vt 0.1727 0.9391 0.0000
vt 0.1727 0.9113 0.0000
vt 0.1727 0.8841 0.0000
vt 0.1727 0.8570 0.0000
vt 0.1727 0.8301 0.0000
vt 0.1727 0.8030 0.0000
vt 0.1727 0.7758 0.0000
vt 0.1727 0.7480 0.0000
vt 0.1727 0.7195 0.0000
vt 0.1727 0.6910 0.0000
vt 0.1727 0.6633 0.0000
vt 0.1727 0.6360 0.0000
vt 0.1727 0.6090 0.0000
vt 0.1727 0.5820 0.0000
vt 0.1727 0.5550 0.0000
vt 0.1727 0.5277 0.0000
vt 0.1775 0.4715 0.0000
vt 0.1775 0.5000 0.0000
vt 0.1775 0.4430 0.0000
vt 0.1775 0.4152 0.0000
vt 0.1775 0.3880 0.0000
vt 0.1775 0.3609 0.0000
vt 0.1775 0.3340 0.0000
vt 0.1775 0.3070 0.0000
vt 0.1775 0.2797 0.0000
vt 0.1775 0.2520 0.0000
vt 0.1775 0.2234 0.0000
vt 0.1775 0.1949 0.0000
vt 0.1775 0.1672 0.0000
vt 0.1775 0.1399 0.0000
vt 0.1775 0.1129 0.0000
vt 0.1775 0.0859 0.0000
vt 0.1775 0.0589 0.0000
vt 0.1775 0.0316 0.0000
vt 0.1775 0.0039 0.0000
vt 0.1775 0.9676 0.0000
vt 0.1775 0.9961 0.0000
vt 0.1775 0.9391 0.0000
vt 0.1775 0.9113 0.0000
vt 0.1775 0.8841 0.0000
vt 0.1775 0.8570 0.0000
vt 0.1775 0.8301 0.0000
vt 0.1775 0.8030 0.0000
vt 0.1775 0.7758 0.0000
vt 0.1775 0.7480 0.0000
vt 0.1775 0.7195 0.0000
vt 0.1775 0.6910 0.0000
vt 0.1775 0.6633 0.0000
vt 0.1775 0.6360 0.0000
vt 0.1775 0.6090 0.0000
vt 0.1775 0.5820 0.0000
vt 0.1775 0.5550 0.0000
vt 0.1775 0.5277 0.0000
vt 0.1855 0.4715 0.0000
vt 0.1855 0.5000 0.0000
vt 0.1855 0.4430 0.0000
vt 0.1855 0.4152 0.0000
vt 0.1855 0.3880 0.0000
vt 0.1855 0.3609 0.0000
vt 0.1855 0.3340 0.0000
vt 0.1855 0.3070 0.0000
vt 0.1855 0.2797 0.0000
vt 0.1855 0.2520 0.0000
vt 0.1855 0.2234 0.0000
vt 0.1855 0.1949 0.0000
vt 0.1855 0.1672 0.0000
vt 0.1855 0.1399 0.0000
vt 0.1855 0.1129 0.0000
vt 0.1855 0.0859 0.0000
vt 0.1855 0.0589 0.0000
vt 0.1855 0.0316 0.0000
vt 0.1855 0.0039 0.0000
vt 0.1855 0.9676 0.0000
vt 0.1855 0.9961 0.0000
vt 0.1855 0.9391 0.0000
vt 0.1855 0.9113 0.0000
vt 0.1855 0.8841 0.0000
vt 0.1855 0.8570 0.0000
vt 0.1855 0.8301 0.0000
vt 0.1855 0.8030 0.0000
vt 0.1855 0.7758 0.0000
vt 0.1855 0.7480 0.0000
vt 0.1855 0.7195 0.0000
vt 0.1855 0.6910 0.0000
vt 0.1855 0.6633 0.0000
vt 0.1855 0.6360 0.0000
vt 0.1855 0.6090 0.0000
vt 0.1855 0.5820 0.0000
vt 0.1855 0.5550 0.0000
vt 0.1855 0.5277 0.0000
vt 0.2237 0.4715 0.0000
vt 0.2237 0.5000 0.0000
vt 0.2237 0.4430 0.0000
vt 0.2237 0.4152 0.0000
vt 0.2237 0.3880 0.0000
vt 0.2237 0.3609 0.0000
vt 0.2237 0.3340 0.0000
vt 0.2237 0.3070 0.0000
vt 0.2237 0.2797 0.0000
vt 0.2237 0.2520 0.0000
vt 0.2237 0.2234 0.0000
vt 0.2237 0.1949 0.0000
vt 0.2237 0.1672 0.0000
vt 0.2237 0.1399 0.0000
vt 0.2237 0.1129 0.0000
vt 0.2237 0.0859 0.0000
vt 0.2237 0.0589 0.0000
vt 0.2237 0.0316 0.0000
vt 0.2237 0.0039 0.0000
vt 0.2237 0.9676 0.0000
vt 0.2237 0.9961 0.0000
vt 0.2237 0.9391 0.0000
vt 0.2237 0.9113 0.0000
vt 0.2237 0.8841 0.0000
vt 0.2237 0.8570 0.0000
vt 0.2237 0.8301 0.0000
vt 0.2237 0.8030 0.0000
vt 0.2237 0.7758 0.0000
vt 0.2237 0.7480 0.0000
vt 0.2237 0.7195 0.0000
vt 0.2237 0.6910 0.0000
vt 0.2237 0.6633 0.0000
vt 0.2237 0.6360 0.0000
vt 0.2237 0.6090 0.0000
vt 0.2237 0.5820 0.0000
vt 0.2237 0.5550 0.0000
vt 0.2237 0.5277 0.0000
vt 0.2283 0.4715 0.0000
vt 0.2283 0.5000 0.0000
vt 0.2283 0.4430 0.0000
vt 0.2283 0.4152 0.0000
vt 0.2283 0.3880 0.0000
vt 0.2283 0.3609 0.0000
vt 0.2283 0.3340 0.0000
vt 0.2283 0.3070 0.0000
vt 0.2283 0.2797 0.0000
vt 0.2283 0.2520 0.0000
vt 0.2283 0.2234 0.0000
vt 0.2283 0.1949 0.0000
vt 0.2283 0.1672 0.0000
vt 0.2283 0.1399 0.0000
vt 0.2283 0.1129 0.0000
vt 0.2283 0.0859 0.0000
vt 0.2283 0.0589 0.0000
vt 0.2283 0.0316 0.0000
vt 0.2283 0.0039 0.0000
vt 0.2283 0.9676 0.0000
vt 0.2283 0.9961 0.0000
vt 0.2283 0.9391 0.0000
vt 0.2283 0.9113 0.0000
vt 0.2283 0.8841 0.0000
vt 0.2283 0.8570 0.0000
vt 0.2283 0.8301 0.0000
vt 0.2283 0.8030 0.0000
vt 0.2283 0.7758 0.0000
vt 0.2283 0.7480 0.0000
vt 0.2283 0.7195 0.0000
vt 0.2283 0.6910 0.0000
vt 0.2283 0.6633 0.0000
vt 0.2283 0.6360 0.0000
vt 0.2283 0.6090 0.0000
vt 0.2283 0.5820 0.0000
vt 0.2283 0.5550 0.0000
vt 0.2283 0.5277 0.0000
vt 0.4840 0.5404 0.0000
vt 0.4852 0.5269 0.0000
vt 0.5313 0.5269 0.0000
vt 0.5325 0.5404 0.0000
vt 0.4362 0.5317 0.0000
vt 0.4398 0.5187 0.0000
vt 0.3920 0.5152 0.0000
vt 0.3978 0.5030 0.0000
vt 0.3520 0.4916 0.0000
vt 0.3598 0.4806 0.0000
vt 0.3169 0.4617 0.0000
vt 0.3265 0.4522 0.0000
vt 0.2874 0.4264 0.0000
vt 0.2985 0.4187 0.0000
vt 0.2644 0.3866 0.0000
vt 0.2766 0.3809 0.0000
vt 0.2483 0.3430 0.0000
vt 0.2613 0.3394 0.0000
vt 0.2399 0.2965 0.0000
vt 0.2534 0.2953 0.0000
vt 0.2399 0.2479 0.0000
vt 0.2534 0.2492 0.0000
vt 0.2486 0.2002 0.0000
vt 0.2616 0.2038 0.0000
vt 0.2652 0.1559 0.0000
vt 0.2773 0.1618 0.0000
vt 0.2888 0.1159 0.0000
vt 0.2998 0.1238 0.0000
vt 0.3186 0.0809 0.0000
vt 0.3281 0.0904 0.0000
vt 0.3539 0.0514 0.0000
vt 0.3616 0.0625 0.0000
vt 0.3937 0.0283 0.0000
vt 0.3995 0.0406 0.0000
vt 0.4373 0.0123 0.0000
vt 0.4409 0.0253 0.0000
vt 0.4838 0.0039 0.0000
vt 0.4850 0.0173 0.0000
vt 0.5324 0.0039 0.0000
vt 0.5311 0.0173 0.0000
vt 0.5801 0.0126 0.0000
vt 0.5765 0.0256 0.0000
vt 0.6244 0.0291 0.0000
vt 0.6185 0.0413 0.0000
vt 0.6644 0.0527 0.0000
vt 0.6566 0.0637 0.0000
vt 0.6995 0.0826 0.0000
vt 0.6899 0.0921 0.0000
vt 0.7289 0.1179 0.0000
vt 0.7178 0.1256 0.0000
vt 0.7520 0.1577 0.0000
vt 0.7398 0.1634 0.0000
vt 0.7680 0.2013 0.0000
vt 0.7550 0.2048 0.0000
vt 0.7764 0.2478 0.0000
vt 0.7630 0.2490 0.0000
vt 0.7764 0.2963 0.0000
vt 0.7630 0.2951 0.0000
vt 0.7677 0.3441 0.0000
vt 0.7547 0.3405 0.0000
vt 0.7512 0.3884 0.0000
vt 0.7390 0.3825 0.0000
vt 0.7276 0.4284 0.0000
vt 0.7166 0.4205 0.0000
vt 0.6977 0.4634 0.0000
vt 0.6882 0.4539 0.0000
vt 0.6625 0.4929 0.0000
vt 0.6547 0.4818 0.0000
vt 0.6226 0.5160 0.0000
vt 0.6169 0.5037 0.0000
vt 0.5790 0.5320 0.0000
vt 0.5755 0.5190 0.0000
vt 0.4865 0.5124 0.0000
vt 0.5300 0.5124 0.0000
vt 0.4437 0.5046 0.0000
vt 0.4041 0.4898 0.0000
vt 0.3682 0.4686 0.0000
vt 0.3368 0.4419 0.0000
vt 0.3105 0.4103 0.0000
vt 0.2898 0.3746 0.0000
vt 0.2754 0.3356 0.0000
vt 0.2679 0.2940 0.0000
vt 0.2679 0.2505 0.0000
vt 0.2757 0.2077 0.0000
vt 0.2906 0.1681 0.0000
vt 0.3117 0.1322 0.0000
vt 0.3384 0.1008 0.0000
vt 0.3700 0.0745 0.0000
vt 0.4057 0.0538 0.0000
vt 0.4447 0.0394 0.0000
vt 0.4864 0.0319 0.0000
vt 0.5299 0.0319 0.0000
vt 0.5727 0.0397 0.0000
vt 0.6123 0.0545 0.0000
vt 0.6481 0.0757 0.0000
vt 0.6795 0.1024 0.0000
vt 0.7059 0.1340 0.0000
vt 0.7265 0.1697 0.0000
vt 0.7409 0.2087 0.0000
vt 0.7484 0.2503 0.0000
vt 0.7484 0.2938 0.0000
vt 0.7406 0.3366 0.0000
vt 0.7258 0.3762 0.0000
vt 0.7046 0.4121 0.0000
vt 0.6779 0.4435 0.0000
vt 0.6463 0.4698 0.0000
vt 0.6106 0.4905 0.0000
vt 0.5716 0.5049 0.0000
vt 0.4881 0.4947 0.0000
vt 0.5284 0.4947 0.0000
vt 0.4484 0.4875 0.0000
vt 0.4117 0.4738 0.0000
vt 0.3785 0.4542 0.0000
vt 0.3494 0.4294 0.0000
vt 0.3250 0.4002 0.0000
vt 0.3058 0.3671 0.0000
vt 0.2925 0.3309 0.0000
vt 0.2856 0.2923 0.0000
vt 0.2856 0.2520 0.0000
vt 0.2928 0.2124 0.0000
vt 0.3065 0.1757 0.0000
vt 0.3261 0.1425 0.0000
vt 0.3509 0.1134 0.0000
vt 0.3801 0.0890 0.0000
vt 0.4132 0.0698 0.0000
vt 0.4494 0.0565 0.0000
vt 0.4880 0.0496 0.0000
vt 0.5283 0.0496 0.0000
vt 0.5679 0.0568 0.0000
vt 0.6046 0.0705 0.0000
vt 0.6378 0.0901 0.0000
vt 0.6669 0.1149 0.0000
vt 0.6913 0.1441 0.0000
vt 0.7105 0.1772 0.0000
vt 0.7238 0.2134 0.0000
vt 0.7307 0.2520 0.0000
vt 0.7308 0.2922 0.0000
vt 0.7235 0.3319 0.0000
vt 0.7098 0.3686 0.0000
vt 0.6902 0.4018 0.0000
vt 0.6654 0.4309 0.0000
vt 0.6362 0.4553 0.0000
vt 0.6031 0.4745 0.0000
vt 0.5669 0.4878 0.0000
vt 0.4898 0.4753 0.0000
vt 0.5266 0.4753 0.0000
vt 0.4536 0.4687 0.0000
vt 0.4201 0.4562 0.0000
vt 0.3898 0.4383 0.0000
vt 0.3632 0.4157 0.0000
vt 0.3409 0.3890 0.0000
vt 0.3235 0.3588 0.0000
vt 0.3113 0.3258 0.0000
vt 0.3050 0.2905 0.0000
vt 0.3050 0.2538 0.0000
vt 0.3116 0.2176 0.0000
vt 0.3241 0.1841 0.0000
vt 0.3420 0.1538 0.0000
vt 0.3646 0.1272 0.0000
vt 0.3913 0.1049 0.0000
vt 0.4215 0.0875 0.0000
vt 0.4545 0.0753 0.0000
vt 0.4898 0.0690 0.0000
vt 0.5266 0.0690 0.0000
vt 0.5627 0.0756 0.0000
vt 0.5963 0.0881 0.0000
vt 0.6266 0.1060 0.0000
vt 0.6531 0.1286 0.0000
vt 0.6754 0.1553 0.0000
vt 0.6929 0.1855 0.0000
vt 0.7050 0.2185 0.0000
vt 0.7113 0.2537 0.0000
vt 0.7113 0.2905 0.0000
vt 0.7048 0.3267 0.0000
vt 0.6922 0.3602 0.0000
vt 0.6743 0.3905 0.0000
vt 0.6517 0.4171 0.0000
vt 0.6250 0.4394 0.0000
vt 0.5948 0.4568 0.0000
vt 0.5618 0.4690 0.0000
vt 0.4939 0.4276 0.0000
vt 0.5221 0.4277 0.0000
vt 0.4662 0.4225 0.0000
vt 0.4406 0.4129 0.0000
vt 0.4174 0.3992 0.0000
vt 0.3971 0.3818 0.0000
vt 0.3801 0.3614 0.0000
vt 0.3667 0.3383 0.0000
vt 0.3575 0.3130 0.0000
vt 0.3526 0.2860 0.0000
vt 0.3527 0.2579 0.0000
vt 0.3578 0.2302 0.0000
vt 0.3674 0.2046 0.0000
vt 0.3811 0.1814 0.0000
vt 0.3985 0.1611 0.0000
vt 0.4189 0.1441 0.0000
vt 0.4420 0.1307 0.0000
vt 0.4673 0.1214 0.0000
vt 0.4943 0.1166 0.0000
vt 0.5224 0.1167 0.0000
vt 0.5501 0.1218 0.0000
vt 0.5757 0.1314 0.0000
vt 0.5989 0.1451 0.0000
vt 0.6192 0.1624 0.0000
vt 0.6362 0.1829 0.0000
vt 0.6496 0.2060 0.0000
vt 0.6589 0.2313 0.0000
vt 0.6637 0.2582 0.0000
vt 0.6636 0.2864 0.0000
vt 0.6585 0.3141 0.0000
vt 0.6489 0.3397 0.0000
vt 0.6352 0.3629 0.0000
vt 0.6179 0.3832 0.0000
vt 0.5974 0.4002 0.0000
vt 0.5743 0.4136 0.0000
vt 0.5490 0.4228 0.0000
vt 0.4952 0.4139 0.0000
vt 0.5208 0.4139 0.0000
vt 0.4699 0.4092 0.0000
vt 0.4466 0.4004 0.0000
vt 0.4254 0.3879 0.0000
vt 0.4069 0.3721 0.0000
vt 0.3914 0.3535 0.0000
vt 0.3793 0.3324 0.0000
vt 0.3708 0.3094 0.0000
vt 0.3664 0.2848 0.0000
vt 0.3665 0.2591 0.0000
vt 0.3711 0.2339 0.0000
vt 0.3799 0.2105 0.0000
vt 0.3924 0.1894 0.0000
vt 0.4082 0.1709 0.0000
vt 0.4268 0.1554 0.0000
vt 0.4479 0.1432 0.0000
vt 0.4709 0.1348 0.0000
vt 0.4955 0.1304 0.0000
vt 0.5212 0.1304 0.0000
vt 0.5464 0.1351 0.0000
vt 0.5698 0.1439 0.0000
vt 0.5909 0.1564 0.0000
vt 0.6094 0.1722 0.0000
vt 0.6249 0.1908 0.0000
vt 0.6371 0.2119 0.0000
vt 0.6455 0.2349 0.0000
vt 0.6499 0.2595 0.0000
vt 0.6499 0.2852 0.0000
vt 0.6452 0.3104 0.0000
vt 0.6365 0.3338 0.0000
vt 0.6239 0.3549 0.0000
vt 0.6082 0.3734 0.0000
vt 0.5895 0.3889 0.0000
vt 0.5684 0.4011 0.0000
vt 0.5454 0.4095 0.0000
vt 0.5082 0.2721 0.0000
# 840 texture coords

o LowTire001
g LowTire001
usemtl Tire
s 1
f 5478/4943/5193 5479/4944/5194 5480/4945/5195 5481/4946/5196 
f 5482/4947/5197 5483/4948/5198 5479/4944/5194 5478/4943/5193 
f 5484/4949/5199 5485/4950/5200 5483/4948/5198 5482/4947/5197 
f 5486/4951/5201 5487/4952/5202 5485/4950/5200 5484/4949/5199 
f 5488/4953/5203 5489/4954/5204 5487/4952/5202 5486/4951/5201 
f 5490/4955/5205 5491/4956/5206 5489/4954/5204 5488/4953/5203 
f 5492/4957/5207 5493/4958/5208 5491/4956/5206 5490/4955/5205 
f 5494/4959/5209 5495/4960/5210 5493/4958/5208 5492/4957/5207 
f 5496/4961/5211 5497/4962/5212 5495/4960/5210 5494/4959/5209 
f 5498/4963/5213 5499/4964/5214 5497/4962/5212 5496/4961/5211 
f 5500/4965/5215 5501/4966/5216 5499/4964/5214 5498/4963/5213 
f 5502/4967/5217 5503/4968/5218 5501/4966/5216 5500/4965/5215 
f 5504/4969/5219 5505/4970/5220 5503/4968/5218 5502/4967/5217 
f 5506/4971/5221 5507/4972/5222 5505/4970/5220 5504/4969/5219 
f 5508/4973/5223 5509/4974/5224 5507/4972/5222 5506/4971/5221 
f 5510/4975/5225 5511/4976/5226 5509/4974/5224 5508/4973/5223 
f 5512/4977/5227 5513/4978/5228 5511/4976/5226 5510/4975/5225 
f 5514/4979/5229 5515/4980/5230 5513/4978/5228 5512/4977/5227 
f 5516/4981/5231 5517/4982/5232 5515/4980/5230 5514/4979/5229 
f 5518/4983/5233 5519/4984/5234 5517/4985/5232 5516/4986/5231 
f 5520/4987/5235 5521/4988/5236 5519/4984/5234 5518/4983/5233 
f 5522/4989/5237 5523/4990/5238 5521/4988/5236 5520/4987/5235 
f 5524/4991/5239 5525/4992/5240 5523/4990/5238 5522/4989/5237 
f 5526/4993/5241 5527/4994/5242 5525/4992/5240 5524/4991/5239 
f 5528/4995/5243 5529/4996/5244 5527/4994/5242 5526/4993/5241 
f 5530/4997/5245 5531/4998/5246 5529/4996/5244 5528/4995/5243 
f 5532/4999/5247 5533/5000/5248 5531/4998/5246 5530/4997/5245 
f 5534/5001/5249 5535/5002/5250 5533/5000/5248 5532/4999/5247 
f 5536/5003/5251 5537/5004/5252 5535/5002/5250 5534/5001/5249 
f 5538/5005/5253 5539/5006/5254 5537/5004/5252 5536/5003/5251 
f 5540/5007/5255 5541/5008/5256 5539/5006/5254 5538/5005/5253 
f 5542/5009/5257 5543/5010/5258 5541/5008/5256 5540/5007/5255 
f 5544/5011/5259 5545/5012/5260 5543/5010/5258 5542/5009/5257 
f 5546/5013/5261 5547/5014/5262 5545/5012/5260 5544/5011/5259 
f 5548/5015/5263 5549/5016/5264 5547/5014/5262 5546/5013/5261 
f 5481/4946/5196 5480/4945/5195 5549/5016/5264 5548/5015/5263 
s 2
f 5479/4944/5194 5550/5017/5265 5551/5018/5266 5480/4945/5195 
f 5483/4948/5198 5552/5019/5267 5550/5017/5265 5479/4944/5194 
f 5485/4950/5200 5553/5020/5268 5552/5019/5267 5483/4948/5198 
f 5487/4952/5202 5554/5021/5269 5553/5020/5268 5485/4950/5200 
f 5489/4954/5204 5555/5022/5270 5554/5021/5269 5487/4952/5202 
f 5491/4956/5206 5556/5023/5271 5555/5022/5270 5489/4954/5204 
f 5493/4958/5208 5557/5024/5272 5556/5023/5271 5491/4956/5206 
f 5495/4960/5210 5558/5025/5273 5557/5024/5272 5493/4958/5208 
f 5497/4962/5212 5559/5026/5274 5558/5025/5273 5495/4960/5210 
f 5499/4964/5214 5560/5027/5275 5559/5026/5274 5497/4962/5212 
f 5501/4966/5216 5561/5028/5276 5560/5027/5275 5499/4964/5214 
f 5503/4968/5218 5562/5029/5277 5561/5028/5276 5501/4966/5216 
f 5505/4970/5220 5563/5030/5278 5562/5029/5277 5503/4968/5218 
f 5507/4972/5222 5564/5031/5279 5563/5030/5278 5505/4970/5220 
f 5509/4974/5224 5565/5032/5280 5564/5031/5279 5507/4972/5222 
f 5511/4976/5226 5566/5033/5281 5565/5032/5280 5509/4974/5224 
f 5513/4978/5228 5567/5034/5282 5566/5033/5281 5511/4976/5226 
f 5515/4980/5230 5568/5035/5283 5567/5034/5282 5513/4978/5228 
f 5517/4982/5232 5569/5036/5284 5568/5035/5283 5515/4980/5230 
f 5519/4984/5234 5570/5037/5285 5569/5038/5284 5517/4985/5232 
f 5521/4988/5236 5571/5039/5286 5570/5037/5285 5519/4984/5234 
f 5523/4990/5238 5572/5040/5287 5571/5039/5286 5521/4988/5236 
f 5525/4992/5240 5573/5041/5288 5572/5040/5287 5523/4990/5238 
f 5527/4994/5242 5574/5042/5289 5573/5041/5288 5525/4992/5240 
f 5529/4996/5244 5575/5043/5290 5574/5042/5289 5527/4994/5242 
f 5531/4998/5246 5576/5044/5291 5575/5043/5290 5529/4996/5244 
f 5533/5000/5248 5577/5045/5292 5576/5044/5291 5531/4998/5246 
f 5535/5002/5250 5578/5046/5293 5577/5045/5292 5533/5000/5248 
f 5537/5004/5252 5579/5047/5294 5578/5046/5293 5535/5002/5250 
f 5539/5006/5254 5580/5048/5295 5579/5047/5294 5537/5004/5252 
f 5541/5008/5256 5581/5049/5296 5580/5048/5295 5539/5006/5254 
f 5543/5010/5258 5582/5050/5297 5581/5049/5296 5541/5008/5256 
f 5545/5012/5260 5583/5051/5298 5582/5050/5297 5543/5010/5258 
f 5547/5014/5262 5584/5052/5299 5583/5051/5298 5545/5012/5260 
f 5549/5016/5264 5585/5053/5300 5584/5052/5299 5547/5014/5262 
f 5480/4945/5195 5551/5018/5266 5585/5053/5300 5549/5016/5264 
s 1
f 5550/5017/5265 5586/5054/5301 5587/5055/5302 5551/5018/5266 
f 5552/5019/5267 5588/5056/5303 5586/5054/5301 5550/5017/5265 
f 5553/5020/5268 5589/5057/5304 5588/5056/5303 5552/5019/5267 
f 5554/5021/5269 5590/5058/5305 5589/5057/5304 5553/5020/5268 
f 5555/5022/5270 5591/5059/5306 5590/5058/5305 5554/5021/5269 
f 5556/5023/5271 5592/5060/5307 5591/5059/5306 5555/5022/5270 
f 5557/5024/5272 5593/5061/5308 5592/5060/5307 5556/5023/5271 
f 5558/5025/5273 5594/5062/5309 5593/5061/5308 5557/5024/5272 
f 5559/5026/5274 5595/5063/5310 5594/5062/5309 5558/5025/5273 
f 5560/5027/5275 5596/5064/5311 5595/5063/5310 5559/5026/5274 
f 5561/5028/5276 5597/5065/5312 5596/5064/5311 5560/5027/5275 
f 5562/5029/5277 5598/5066/5313 5597/5065/5312 5561/5028/5276 
f 5563/5030/5278 5599/5067/5314 5598/5066/5313 5562/5029/5277 
f 5564/5031/5279 5600/5068/5315 5599/5067/5314 5563/5030/5278 
f 5565/5032/5280 5601/5069/5316 5600/5068/5315 5564/5031/5279 
f 5566/5033/5281 5602/5070/5317 5601/5069/5316 5565/5032/5280 
f 5567/5034/5282 5603/5071/5318 5602/5070/5317 5566/5033/5281 
f 5568/5035/5283 5604/5072/5319 5603/5071/5318 5567/5034/5282 
f 5569/5036/5284 5605/5073/5320 5604/5072/5319 5568/5035/5283 
f 5570/5037/5285 5606/5074/5321 5605/5075/5320 5569/5038/5284 
f 5571/5039/5286 5607/5076/5322 5606/5074/5321 5570/5037/5285 
f 5572/5040/5287 5608/5077/5323 5607/5076/5322 5571/5039/5286 
f 5573/5041/5288 5609/5078/5324 5608/5077/5323 5572/5040/5287 
f 5574/5042/5289 5610/5079/5325 5609/5078/5324 5573/5041/5288 
f 5575/5043/5290 5611/5080/5326 5610/5079/5325 5574/5042/5289 
f 5576/5044/5291 5612/5081/5327 5611/5080/5326 5575/5043/5290 
f 5577/5045/5292 5613/5082/5328 5612/5081/5327 5576/5044/5291 
f 5578/5046/5293 5614/5083/5329 5613/5082/5328 5577/5045/5292 
f 5579/5047/5294 5615/5084/5330 5614/5083/5329 5578/5046/5293 
f 5580/5048/5295 5616/5085/5331 5615/5084/5330 5579/5047/5294 
f 5581/5049/5296 5617/5086/5332 5616/5085/5331 5580/5048/5295 
f 5582/5050/5297 5618/5087/5333 5617/5086/5332 5581/5049/5296 
f 5583/5051/5298 5619/5088/5334 5618/5087/5333 5582/5050/5297 
f 5584/5052/5299 5620/5089/5335 5619/5088/5334 5583/5051/5298 
f 5585/5053/5300 5621/5090/5336 5620/5089/5335 5584/5052/5299 
f 5551/5018/5266 5587/5055/5302 5621/5090/5336 5585/5053/5300 
f 5586/5054/5301 5622/5091/5337 5623/5092/5338 5587/5055/5302 
f 5588/5056/5303 5624/5093/5339 5622/5091/5337 5586/5054/5301 
f 5589/5057/5304 5625/5094/5340 5624/5093/5339 5588/5056/5303 
f 5590/5058/5305 5626/5095/5341 5625/5094/5340 5589/5057/5304 
f 5591/5059/5306 5627/5096/5342 5626/5095/5341 5590/5058/5305 
f 5592/5060/5307 5628/5097/5343 5627/5096/5342 5591/5059/5306 
f 5593/5061/5308 5629/5098/5344 5628/5097/5343 5592/5060/5307 
f 5594/5062/5309 5630/5099/5345 5629/5098/5344 5593/5061/5308 
f 5595/5063/5310 5631/5100/5346 5630/5099/5345 5594/5062/5309 
f 5596/5064/5311 5632/5101/5347 5631/5100/5346 5595/5063/5310 
f 5597/5065/5312 5633/5102/5348 5632/5101/5347 5596/5064/5311 
f 5598/5066/5313 5634/5103/5349 5633/5102/5348 5597/5065/5312 
f 5599/5067/5314 5635/5104/5350 5634/5103/5349 5598/5066/5313 
f 5600/5068/5315 5636/5105/5351 5635/5104/5350 5599/5067/5314 
f 5601/5069/5316 5637/5106/5352 5636/5105/5351 5600/5068/5315 
f 5602/5070/5317 5638/5107/5353 5637/5106/5352 5601/5069/5316 
f 5603/5071/5318 5639/5108/5354 5638/5107/5353 5602/5070/5317 
f 5604/5072/5319 5640/5109/5355 5639/5108/5354 5603/5071/5318 
f 5605/5073/5320 5641/5110/5356 5640/5109/5355 5604/5072/5319 
f 5606/5074/5321 5642/5111/5357 5641/5112/5356 5605/5075/5320 
f 5607/5076/5322 5643/5113/5358 5642/5111/5357 5606/5074/5321 
f 5608/5077/5323 5644/5114/5359 5643/5113/5358 5607/5076/5322 
f 5609/5078/5324 5645/5115/5360 5644/5114/5359 5608/5077/5323 
f 5610/5079/5325 5646/5116/5361 5645/5115/5360 5609/5078/5324 
f 5611/5080/5326 5647/5117/5362 5646/5116/5361 5610/5079/5325 
f 5612/5081/5327 5648/5118/5363 5647/5117/5362 5611/5080/5326 
f 5613/5082/5328 5649/5119/5364 5648/5118/5363 5612/5081/5327 
f 5614/5083/5329 5650/5120/5365 5649/5119/5364 5613/5082/5328 
f 5615/5084/5330 5651/5121/5366 5650/5120/5365 5614/5083/5329 
f 5616/5085/5331 5652/5122/5367 5651/5121/5366 5615/5084/5330 
f 5617/5086/5332 5653/5123/5368 5652/5122/5367 5616/5085/5331 
f 5618/5087/5333 5654/5124/5369 5653/5123/5368 5617/5086/5332 
f 5619/5088/5334 5655/5125/5370 5654/5124/5369 5618/5087/5333 
f 5620/5089/5335 5656/5126/5371 5655/5125/5370 5619/5088/5334 
f 5621/5090/5336 5657/5127/5372 5656/5126/5371 5620/5089/5335 
f 5587/5055/5302 5623/5092/5338 5657/5127/5372 5621/5090/5336 
s 2
f 5622/5128/5337 5658/5129/5373 5659/5130/5374 5623/5131/5338 
f 5624/5132/5339 5660/5133/5375 5658/5129/5373 5622/5128/5337 
f 5625/5134/5340 5661/5135/5376 5660/5133/5375 5624/5132/5339 
f 5626/5136/5341 5662/5137/5377 5661/5135/5376 5625/5134/5340 
f 5627/5138/5342 5663/5139/5378 5662/5137/5377 5626/5136/5341 
f 5628/5140/5343 5664/5141/5379 5663/5139/5378 5627/5138/5342 
f 5629/5142/5344 5665/5143/5380 5664/5141/5379 5628/5140/5343 
f 5630/5144/5345 5666/5145/5381 5665/5143/5380 5629/5142/5344 
f 5631/5146/5346 5667/5147/5382 5666/5145/5381 5630/5144/5345 
f 5632/5148/5347 5668/5149/5383 5667/5147/5382 5631/5146/5346 
f 5633/5150/5348 5669/5151/5384 5668/5149/5383 5632/5148/5347 
f 5634/5152/5349 5670/5153/5385 5669/5151/5384 5633/5150/5348 
f 5635/5154/5350 5671/5155/5386 5670/5153/5385 5634/5152/5349 
f 5636/5156/5351 5672/5157/5387 5671/5155/5386 5635/5154/5350 
f 5637/5158/5352 5673/5159/5388 5672/5157/5387 5636/5156/5351 
f 5638/5160/5353 5674/5161/5389 5673/5159/5388 5637/5158/5352 
f 5639/5162/5354 5675/5163/5390 5674/5161/5389 5638/5160/5353 
f 5640/5164/5355 5676/5165/5391 5675/5163/5390 5639/5162/5354 
f 5641/5166/5356 5677/5167/5392 5676/5165/5391 5640/5164/5355 
f 5642/5168/5357 5678/5169/5393 5677/5167/5392 5641/5166/5356 
f 5643/5170/5358 5679/5171/5394 5678/5169/5393 5642/5168/5357 
f 5644/5172/5359 5680/5173/5395 5679/5171/5394 5643/5170/5358 
f 5645/5174/5360 5681/5175/5396 5680/5173/5395 5644/5172/5359 
f 5646/5176/5361 5682/5177/5397 5681/5175/5396 5645/5174/5360 
f 5647/5178/5362 5683/5179/5398 5682/5177/5397 5646/5176/5361 
f 5648/5180/5363 5684/5181/5399 5683/5179/5398 5647/5178/5362 
f 5649/5182/5364 5685/5183/5400 5684/5181/5399 5648/5180/5363 
f 5650/5184/5365 5686/5185/5401 5685/5183/5400 5649/5182/5364 
f 5651/5186/5366 5687/5187/5402 5686/5185/5401 5650/5184/5365 
f 5652/5188/5367 5688/5189/5403 5687/5187/5402 5651/5186/5366 
f 5653/5190/5368 5689/5191/5404 5688/5189/5403 5652/5188/5367 
f 5654/5192/5369 5690/5193/5405 5689/5191/5404 5653/5190/5368 
f 5655/5194/5370 5691/5195/5406 5690/5193/5405 5654/5192/5369 
f 5656/5196/5371 5692/5197/5407 5691/5195/5406 5655/5194/5370 
f 5657/5198/5372 5693/5199/5408 5692/5197/5407 5656/5196/5371 
f 5623/5131/5338 5659/5130/5374 5693/5199/5408 5657/5198/5372 
s 1
f 5658/5129/5373 5694/5200/5409 5695/5201/5410 5659/5130/5374 
f 5660/5133/5375 5696/5202/5411 5694/5200/5409 5658/5129/5373 
f 5661/5135/5376 5697/5203/5412 5696/5202/5411 5660/5133/5375 
f 5662/5137/5377 5698/5204/5413 5697/5203/5412 5661/5135/5376 
f 5663/5139/5378 5699/5205/5414 5698/5204/5413 5662/5137/5377 
f 5664/5141/5379 5700/5206/5415 5699/5205/5414 5663/5139/5378 
f 5665/5143/5380 5701/5207/5416 5700/5206/5415 5664/5141/5379 
f 5666/5145/5381 5702/5208/5417 5701/5207/5416 5665/5143/5380 
f 5667/5147/5382 5703/5209/5418 5702/5208/5417 5666/5145/5381 
f 5668/5149/5383 5704/5210/5419 5703/5209/5418 5667/5147/5382 
f 5669/5151/5384 5705/5211/5420 5704/5210/5419 5668/5149/5383 
f 5670/5153/5385 5706/5212/5421 5705/5211/5420 5669/5151/5384 
f 5671/5155/5386 5707/5213/5422 5706/5212/5421 5670/5153/5385 
f 5672/5157/5387 5708/5214/5423 5707/5213/5422 5671/5155/5386 
f 5673/5159/5388 5709/5215/5424 5708/5214/5423 5672/5157/5387 
f 5674/5161/5389 5710/5216/5425 5709/5215/5424 5673/5159/5388 
f 5675/5163/5390 5711/5217/5426 5710/5216/5425 5674/5161/5389 
f 5676/5165/5391 5712/5218/5427 5711/5217/5426 5675/5163/5390 
f 5677/5167/5392 5713/5219/5428 5712/5218/5427 5676/5165/5391 
f 5678/5169/5393 5714/5220/5429 5713/5219/5428 5677/5167/5392 
f 5679/5171/5394 5715/5221/5430 5714/5220/5429 5678/5169/5393 
f 5680/5173/5395 5716/5222/5431 5715/5221/5430 5679/5171/5394 
f 5681/5175/5396 5717/5223/5432 5716/5222/5431 5680/5173/5395 
f 5682/5177/5397 5718/5224/5433 5717/5223/5432 5681/5175/5396 
f 5683/5179/5398 5719/5225/5434 5718/5224/5433 5682/5177/5397 
f 5684/5181/5399 5720/5226/5435 5719/5225/5434 5683/5179/5398 
f 5685/5183/5400 5721/5227/5436 5720/5226/5435 5684/5181/5399 
f 5686/5185/5401 5722/5228/5437 5721/5227/5436 5685/5183/5400 
f 5687/5187/5402 5723/5229/5438 5722/5228/5437 5686/5185/5401 
f 5688/5189/5403 5724/5230/5439 5723/5229/5438 5687/5187/5402 
f 5689/5191/5404 5725/5231/5440 5724/5230/5439 5688/5189/5403 
f 5690/5193/5405 5726/5232/5441 5725/5231/5440 5689/5191/5404 
f 5691/5195/5406 5727/5233/5442 5726/5232/5441 5690/5193/5405 
f 5692/5197/5407 5728/5234/5443 5727/5233/5442 5691/5195/5406 
f 5693/5199/5408 5729/5235/5444 5728/5234/5443 5692/5197/5407 
f 5659/5130/5374 5695/5201/5410 5729/5235/5444 5693/5199/5408 
s 2
f 5694/5200/5409 5730/5236/5445 5731/5237/5446 5695/5201/5410 
f 5696/5202/5411 5732/5238/5447 5730/5236/5445 5694/5200/5409 
f 5697/5203/5412 5733/5239/5448 5732/5238/5447 5696/5202/5411 
f 5698/5204/5413 5734/5240/5449 5733/5239/5448 5697/5203/5412 
f 5699/5205/5414 5735/5241/5450 5734/5240/5449 5698/5204/5413 
f 5700/5206/5415 5736/5242/5451 5735/5241/5450 5699/5205/5414 
f 5701/5207/5416 5737/5243/5452 5736/5242/5451 5700/5206/5415 
f 5702/5208/5417 5738/5244/5453 5737/5243/5452 5701/5207/5416 
f 5703/5209/5418 5739/5245/5454 5738/5244/5453 5702/5208/5417 
f 5704/5210/5419 5740/5246/5455 5739/5245/5454 5703/5209/5418 
f 5705/5211/5420 5741/5247/5456 5740/5246/5455 5704/5210/5419 
f 5706/5212/5421 5742/5248/5457 5741/5247/5456 5705/5211/5420 
f 5707/5213/5422 5743/5249/5458 5742/5248/5457 5706/5212/5421 
f 5708/5214/5423 5744/5250/5459 5743/5249/5458 5707/5213/5422 
f 5709/5215/5424 5745/5251/5460 5744/5250/5459 5708/5214/5423 
f 5710/5216/5425 5746/5252/5461 5745/5251/5460 5709/5215/5424 
f 5711/5217/5426 5747/5253/5462 5746/5252/5461 5710/5216/5425 
f 5712/5218/5427 5748/5254/5463 5747/5253/5462 5711/5217/5426 
f 5713/5219/5428 5749/5255/5464 5748/5254/5463 5712/5218/5427 
f 5714/5220/5429 5750/5256/5465 5749/5255/5464 5713/5219/5428 
f 5715/5221/5430 5751/5257/5466 5750/5256/5465 5714/5220/5429 
f 5716/5222/5431 5752/5258/5467 5751/5257/5466 5715/5221/5430 
f 5717/5223/5432 5753/5259/5468 5752/5258/5467 5716/5222/5431 
f 5718/5224/5433 5754/5260/5469 5753/5259/5468 5717/5223/5432 
f 5719/5225/5434 5755/5261/5470 5754/5260/5469 5718/5224/5433 
f 5720/5226/5435 5756/5262/5471 5755/5261/5470 5719/5225/5434 
f 5721/5227/5436 5757/5263/5472 5756/5262/5471 5720/5226/5435 
f 5722/5228/5437 5758/5264/5473 5757/5263/5472 5721/5227/5436 
f 5723/5229/5438 5759/5265/5474 5758/5264/5473 5722/5228/5437 
f 5724/5230/5439 5760/5266/5475 5759/5265/5474 5723/5229/5438 
f 5725/5231/5440 5761/5267/5476 5760/5266/5475 5724/5230/5439 
f 5726/5232/5441 5762/5268/5477 5761/5267/5476 5725/5231/5440 
f 5727/5233/5442 5763/5269/5478 5762/5268/5477 5726/5232/5441 
f 5728/5234/5443 5764/5270/5479 5763/5269/5478 5727/5233/5442 
f 5729/5235/5444 5765/5271/5480 5764/5270/5479 5728/5234/5443 
f 5695/5201/5410 5731/5237/5446 5765/5271/5480 5729/5235/5444 
s 1
f 5730/5236/5445 5766/5272/5481 5767/5273/5482 5731/5237/5446 
f 5732/5238/5447 5768/5274/5483 5766/5272/5481 5730/5236/5445 
f 5733/5239/5448 5769/5275/5484 5768/5274/5483 5732/5238/5447 
f 5734/5240/5449 5770/5276/5485 5769/5275/5484 5733/5239/5448 
f 5735/5241/5450 5771/5277/5486 5770/5276/5485 5734/5240/5449 
f 5736/5242/5451 5772/5278/5487 5771/5277/5486 5735/5241/5450 
f 5737/5243/5452 5773/5279/5488 5772/5278/5487 5736/5242/5451 
f 5738/5244/5453 5774/5280/5489 5773/5279/5488 5737/5243/5452 
f 5739/5245/5454 5775/5281/5490 5774/5280/5489 5738/5244/5453 
f 5740/5246/5455 5776/5282/5491 5775/5281/5490 5739/5245/5454 
f 5741/5247/5456 5777/5283/5492 5776/5282/5491 5740/5246/5455 
f 5742/5248/5457 5778/5284/5493 5777/5283/5492 5741/5247/5456 
f 5743/5249/5458 5779/5285/5494 5778/5284/5493 5742/5248/5457 
f 5744/5250/5459 5780/5286/5495 5779/5285/5494 5743/5249/5458 
f 5745/5251/5460 5781/5287/5496 5780/5286/5495 5744/5250/5459 
f 5746/5252/5461 5782/5288/5497 5781/5287/5496 5745/5251/5460 
f 5747/5253/5462 5783/5289/5498 5782/5288/5497 5746/5252/5461 
f 5748/5254/5463 5784/5290/5499 5783/5289/5498 5747/5253/5462 
f 5749/5255/5464 5785/5291/5500 5784/5290/5499 5748/5254/5463 
f 5750/5256/5465 5786/5292/5501 5785/5291/5500 5749/5255/5464 
f 5751/5257/5466 5787/5293/5502 5786/5292/5501 5750/5256/5465 
f 5752/5258/5467 5788/5294/5503 5787/5293/5502 5751/5257/5466 
f 5753/5259/5468 5789/5295/5504 5788/5294/5503 5752/5258/5467 
f 5754/5260/5469 5790/5296/5505 5789/5295/5504 5753/5259/5468 
f 5755/5261/5470 5791/5297/5506 5790/5296/5505 5754/5260/5469 
f 5756/5262/5471 5792/5298/5507 5791/5297/5506 5755/5261/5470 
f 5757/5263/5472 5793/5299/5508 5792/5298/5507 5756/5262/5471 
f 5758/5264/5473 5794/5300/5509 5793/5299/5508 5757/5263/5472 
f 5759/5265/5474 5795/5301/5510 5794/5300/5509 5758/5264/5473 
f 5760/5266/5475 5796/5302/5511 5795/5301/5510 5759/5265/5474 
f 5761/5267/5476 5797/5303/5512 5796/5302/5511 5760/5266/5475 
f 5762/5268/5477 5798/5304/5513 5797/5303/5512 5761/5267/5476 
f 5763/5269/5478 5799/5305/5514 5798/5304/5513 5762/5268/5477 
f 5764/5270/5479 5800/5306/5515 5799/5305/5514 5763/5269/5478 
f 5765/5271/5480 5801/5307/5516 5800/5306/5515 5764/5270/5479 
f 5731/5237/5446 5767/5273/5482 5801/5307/5516 5765/5271/5480 
f 5766/5272/5481 5802/5308/5517 5803/5309/5518 5767/5273/5482 
f 5768/5274/5483 5804/5310/5519 5802/5308/5517 5766/5272/5481 
f 5769/5275/5484 5805/5311/5520 5804/5310/5519 5768/5274/5483 
f 5770/5276/5485 5806/5312/5521 5805/5311/5520 5769/5275/5484 
f 5771/5277/5486 5807/5313/5522 5806/5312/5521 5770/5276/5485 
f 5772/5278/5487 5808/5314/5523 5807/5313/5522 5771/5277/5486 
f 5773/5279/5488 5809/5315/5524 5808/5314/5523 5772/5278/5487 
f 5774/5280/5489 5810/5316/5525 5809/5315/5524 5773/5279/5488 
f 5775/5281/5490 5811/5317/5526 5810/5316/5525 5774/5280/5489 
f 5776/5282/5491 5812/5318/5527 5811/5317/5526 5775/5281/5490 
f 5777/5283/5492 5813/5319/5528 5812/5318/5527 5776/5282/5491 
f 5778/5284/5493 5814/5320/5529 5813/5319/5528 5777/5283/5492 
f 5779/5285/5494 5815/5321/5530 5814/5320/5529 5778/5284/5493 
f 5780/5286/5495 5816/5322/5531 5815/5321/5530 5779/5285/5494 
f 5781/5287/5496 5817/5323/5532 5816/5322/5531 5780/5286/5495 
f 5782/5288/5497 5818/5324/5533 5817/5323/5532 5781/5287/5496 
f 5783/5289/5498 5819/5325/5534 5818/5324/5533 5782/5288/5497 
f 5784/5290/5499 5820/5326/5535 5819/5325/5534 5783/5289/5498 
f 5785/5291/5500 5821/5327/5536 5820/5326/5535 5784/5290/5499 
f 5786/5292/5501 5822/5328/5537 5821/5327/5536 5785/5291/5500 
f 5787/5293/5502 5823/5329/5538 5822/5328/5537 5786/5292/5501 
f 5788/5294/5503 5824/5330/5539 5823/5329/5538 5787/5293/5502 
f 5789/5295/5504 5825/5331/5540 5824/5330/5539 5788/5294/5503 
f 5790/5296/5505 5826/5332/5541 5825/5331/5540 5789/5295/5504 
f 5791/5297/5506 5827/5333/5542 5826/5332/5541 5790/5296/5505 
f 5792/5298/5507 5828/5334/5543 5827/5333/5542 5791/5297/5506 
f 5793/5299/5508 5829/5335/5544 5828/5334/5543 5792/5298/5507 
f 5794/5300/5509 5830/5336/5545 5829/5335/5544 5793/5299/5508 
f 5795/5301/5510 5831/5337/5546 5830/5336/5545 5794/5300/5509 
f 5796/5302/5511 5832/5338/5547 5831/5337/5546 5795/5301/5510 
f 5797/5303/5512 5833/5339/5548 5832/5338/5547 5796/5302/5511 
f 5798/5304/5513 5834/5340/5549 5833/5339/5548 5797/5303/5512 
f 5799/5305/5514 5835/5341/5550 5834/5340/5549 5798/5304/5513 
f 5800/5306/5515 5836/5342/5551 5835/5341/5550 5799/5305/5514 
f 5801/5307/5516 5837/5343/5552 5836/5342/5551 5800/5306/5515 
f 5767/5273/5482 5803/5309/5518 5837/5343/5552 5801/5307/5516 
f 5803/5309/5518 5802/5308/5517 5838/5344/5553 
f 5802/5308/5517 5804/5310/5519 5838/5344/5553 
f 5804/5310/5519 5805/5311/5520 5838/5344/5553 
f 5805/5311/5520 5806/5312/5521 5838/5344/5553 
f 5806/5312/5521 5807/5313/5522 5838/5344/5553 
f 5807/5313/5522 5808/5314/5523 5838/5344/5553 
f 5808/5314/5523 5809/5315/5524 5838/5344/5553 
f 5809/5315/5524 5810/5316/5525 5838/5344/5553 
f 5810/5316/5525 5811/5317/5526 5838/5344/5553 
f 5811/5317/5526 5812/5318/5527 5838/5344/5553 
f 5812/5318/5527 5813/5319/5528 5838/5344/5553 
f 5813/5319/5528 5814/5320/5529 5838/5344/5553 
f 5814/5320/5529 5815/5321/5530 5838/5344/5553 
f 5815/5321/5530 5816/5322/5531 5838/5344/5553 
f 5816/5322/5531 5817/5323/5532 5838/5344/5553 
f 5817/5323/5532 5818/5324/5533 5838/5344/5553 
f 5818/5324/5533 5819/5325/5534 5838/5344/5553 
f 5819/5325/5534 5820/5326/5535 5838/5344/5553 
f 5820/5326/5535 5821/5327/5536 5838/5344/5553 
f 5821/5327/5536 5822/5328/5537 5838/5344/5553 
f 5822/5328/5537 5823/5329/5538 5838/5344/5553 
f 5823/5329/5538 5824/5330/5539 5838/5344/5553 
f 5824/5330/5539 5825/5331/5540 5838/5344/5553 
f 5825/5331/5540 5826/5332/5541 5838/5344/5553 
f 5826/5332/5541 5827/5333/5542 5838/5344/5553 
f 5827/5333/5542 5828/5334/5543 5838/5344/5553 
f 5828/5334/5543 5829/5335/5544 5838/5344/5553 
f 5829/5335/5544 5830/5336/5545 5838/5344/5553 
f 5830/5336/5545 5831/5337/5546 5838/5344/5553 
f 5831/5337/5546 5832/5338/5547 5838/5344/5553 
f 5832/5338/5547 5833/5339/5548 5838/5344/5553 
f 5833/5339/5548 5834/5340/5549 5838/5344/5553 
f 5834/5340/5549 5835/5341/5550 5838/5344/5553 
f 5835/5341/5550 5836/5342/5551 5838/5344/5553 
f 5836/5342/5551 5837/5343/5552 5838/5344/5553 
f 5837/5343/5552 5803/5309/5518 5838/5344/5553 
f 5481/4946/5196 5839/5345/5554 5840/5346/5555 5478/4943/5193 
f 5548/5015/5263 5841/5347/5556 5839/5345/5554 5481/4946/5196 
f 5546/5013/5261 5842/5348/5557 5841/5347/5556 5548/5015/5263 
f 5544/5011/5259 5843/5349/5558 5842/5348/5557 5546/5013/5261 
f 5542/5009/5257 5844/5350/5559 5843/5349/5558 5544/5011/5259 
f 5540/5007/5255 5845/5351/5560 5844/5350/5559 5542/5009/5257 
f 5538/5005/5253 5846/5352/5561 5845/5351/5560 5540/5007/5255 
f 5536/5003/5251 5847/5353/5562 5846/5352/5561 5538/5005/5253 
f 5534/5001/5249 5848/5354/5563 5847/5353/5562 5536/5003/5251 
f 5532/4999/5247 5849/5355/5564 5848/5354/5563 5534/5001/5249 
f 5530/4997/5245 5850/5356/5565 5849/5355/5564 5532/4999/5247 
f 5528/4995/5243 5851/5357/5566 5850/5356/5565 5530/4997/5245 
f 5526/4993/5241 5852/5358/5567 5851/5357/5566 5528/4995/5243 
f 5524/4991/5239 5853/5359/5568 5852/5358/5567 5526/4993/5241 
f 5522/4989/5237 5854/5360/5569 5853/5359/5568 5524/4991/5239 
f 5520/4987/5235 5855/5361/5570 5854/5360/5569 5522/4989/5237 
f 5518/4983/5233 5856/5362/5571 5855/5361/5570 5520/4987/5235 
f 5516/4986/5231 5857/5363/5572 5856/5362/5571 5518/4983/5233 
f 5514/4979/5229 5858/5364/5573 5857/5365/5572 5516/4981/5231 
f 5512/4977/5227 5859/5366/5574 5858/5364/5573 5514/4979/5229 
f 5510/4975/5225 5860/5367/5575 5859/5366/5574 5512/4977/5227 
f 5508/4973/5223 5861/5368/5576 5860/5367/5575 5510/4975/5225 
f 5506/4971/5221 5862/5369/5577 5861/5368/5576 5508/4973/5223 
f 5504/4969/5219 5863/5370/5578 5862/5369/5577 5506/4971/5221 
f 5502/4967/5217 5864/5371/5579 5863/5370/5578 5504/4969/5219 
f 5500/4965/5215 5865/5372/5580 5864/5371/5579 5502/4967/5217 
f 5498/4963/5213 5866/5373/5581 5865/5372/5580 5500/4965/5215 
f 5496/4961/5211 5867/5374/5582 5866/5373/5581 5498/4963/5213 
f 5494/4959/5209 5868/5375/5583 5867/5374/5582 5496/4961/5211 
f 5492/4957/5207 5869/5376/5584 5868/5375/5583 5494/4959/5209 
f 5490/4955/5205 5870/5377/5585 5869/5376/5584 5492/4957/5207 
f 5488/4953/5203 5871/5378/5586 5870/5377/5585 5490/4955/5205 
f 5486/4951/5201 5872/5379/5587 5871/5378/5586 5488/4953/5203 
f 5484/4949/5199 5873/5380/5588 5872/5379/5587 5486/4951/5201 
f 5482/4947/5197 5874/5381/5589 5873/5380/5588 5484/4949/5199 
f 5478/4943/5193 5840/5346/5555 5874/5381/5589 5482/4947/5197 
s 2
f 5839/5345/5554 5875/5382/5590 5876/5383/5591 5840/5346/5555 
f 5841/5347/5556 5877/5384/5592 5875/5382/5590 5839/5345/5554 
f 5842/5348/5557 5878/5385/5593 5877/5384/5592 5841/5347/5556 
f 5843/5349/5558 5879/5386/5594 5878/5385/5593 5842/5348/5557 
f 5844/5350/5559 5880/5387/5595 5879/5386/5594 5843/5349/5558 
f 5845/5351/5560 5881/5388/5596 5880/5387/5595 5844/5350/5559 
f 5846/5352/5561 5882/5389/5597 5881/5388/5596 5845/5351/5560 
f 5847/5353/5562 5883/5390/5598 5882/5389/5597 5846/5352/5561 
f 5848/5354/5563 5884/5391/5599 5883/5390/5598 5847/5353/5562 
f 5849/5355/5564 5885/5392/5600 5884/5391/5599 5848/5354/5563 
f 5850/5356/5565 5886/5393/5601 5885/5392/5600 5849/5355/5564 
f 5851/5357/5566 5887/5394/5602 5886/5393/5601 5850/5356/5565 
f 5852/5358/5567 5888/5395/5603 5887/5394/5602 5851/5357/5566 
f 5853/5359/5568 5889/5396/5604 5888/5395/5603 5852/5358/5567 
f 5854/5360/5569 5890/5397/5605 5889/5396/5604 5853/5359/5568 
f 5855/5361/5570 5891/5398/5606 5890/5397/5605 5854/5360/5569 
f 5856/5362/5571 5892/5399/5607 5891/5398/5606 5855/5361/5570 
f 5857/5363/5572 5893/5400/5608 5892/5399/5607 5856/5362/5571 
f 5858/5364/5573 5894/5401/5609 5893/5402/5608 5857/5365/5572 
f 5859/5366/5574 5895/5403/5610 5894/5401/5609 5858/5364/5573 
f 5860/5367/5575 5896/5404/5611 5895/5403/5610 5859/5366/5574 
f 5861/5368/5576 5897/5405/5612 5896/5404/5611 5860/5367/5575 
f 5862/5369/5577 5898/5406/5613 5897/5405/5612 5861/5368/5576 
f 5863/5370/5578 5899/5407/5614 5898/5406/5613 5862/5369/5577 
f 5864/5371/5579 5900/5408/5615 5899/5407/5614 5863/5370/5578 
f 5865/5372/5580 5901/5409/5616 5900/5408/5615 5864/5371/5579 
f 5866/5373/5581 5902/5410/5617 5901/5409/5616 5865/5372/5580 
f 5867/5374/5582 5903/5411/5618 5902/5410/5617 5866/5373/5581 
f 5868/5375/5583 5904/5412/5619 5903/5411/5618 5867/5374/5582 
f 5869/5376/5584 5905/5413/5620 5904/5412/5619 5868/5375/5583 
f 5870/5377/5585 5906/5414/5621 5905/5413/5620 5869/5376/5584 
f 5871/5378/5586 5907/5415/5622 5906/5414/5621 5870/5377/5585 
f 5872/5379/5587 5908/5416/5623 5907/5415/5622 5871/5378/5586 
f 5873/5380/5588 5909/5417/5624 5908/5416/5623 5872/5379/5587 
f 5874/5381/5589 5910/5418/5625 5909/5417/5624 5873/5380/5588 
f 5840/5346/5555 5876/5383/5591 5910/5418/5625 5874/5381/5589 
s 1
f 5875/5382/5590 5911/5419/5626 5912/5420/5627 5876/5383/5591 
f 5877/5384/5592 5913/5421/5628 5911/5419/5626 5875/5382/5590 
f 5878/5385/5593 5914/5422/5629 5913/5421/5628 5877/5384/5592 
f 5879/5386/5594 5915/5423/5630 5914/5422/5629 5878/5385/5593 
f 5880/5387/5595 5916/5424/5631 5915/5423/5630 5879/5386/5594 
f 5881/5388/5596 5917/5425/5632 5916/5424/5631 5880/5387/5595 
f 5882/5389/5597 5918/5426/5633 5917/5425/5632 5881/5388/5596 
f 5883/5390/5598 5919/5427/5634 5918/5426/5633 5882/5389/5597 
f 5884/5391/5599 5920/5428/5635 5919/5427/5634 5883/5390/5598 
f 5885/5392/5600 5921/5429/5636 5920/5428/5635 5884/5391/5599 
f 5886/5393/5601 5922/5430/5637 5921/5429/5636 5885/5392/5600 
f 5887/5394/5602 5923/5431/5638 5922/5430/5637 5886/5393/5601 
f 5888/5395/5603 5924/5432/5639 5923/5431/5638 5887/5394/5602 
f 5889/5396/5604 5925/5433/5640 5924/5432/5639 5888/5395/5603 
f 5890/5397/5605 5926/5434/5641 5925/5433/5640 5889/5396/5604 
f 5891/5398/5606 5927/5435/5642 5926/5434/5641 5890/5397/5605 
f 5892/5399/5607 5928/5436/5643 5927/5435/5642 5891/5398/5606 
f 5893/5400/5608 5929/5437/5644 5928/5436/5643 5892/5399/5607 
f 5894/5401/5609 5930/5438/5645 5929/5439/5644 5893/5402/5608 
f 5895/5403/5610 5931/5440/5646 5930/5438/5645 5894/5401/5609 
f 5896/5404/5611 5932/5441/5647 5931/5440/5646 5895/5403/5610 
f 5897/5405/5612 5933/5442/5648 5932/5441/5647 5896/5404/5611 
f 5898/5406/5613 5934/5443/5649 5933/5442/5648 5897/5405/5612 
f 5899/5407/5614 5935/5444/5650 5934/5443/5649 5898/5406/5613 
f 5900/5408/5615 5936/5445/5651 5935/5444/5650 5899/5407/5614 
f 5901/5409/5616 5937/5446/5652 5936/5445/5651 5900/5408/5615 
f 5902/5410/5617 5938/5447/5653 5937/5446/5652 5901/5409/5616 
f 5903/5411/5618 5939/5448/5654 5938/5447/5653 5902/5410/5617 
f 5904/5412/5619 5940/5449/5655 5939/5448/5654 5903/5411/5618 
f 5905/5413/5620 5941/5450/5656 5940/5449/5655 5904/5412/5619 
f 5906/5414/5621 5942/5451/5657 5941/5450/5656 5905/5413/5620 
f 5907/5415/5622 5943/5452/5658 5942/5451/5657 5906/5414/5621 
f 5908/5416/5623 5944/5453/5659 5943/5452/5658 5907/5415/5622 
f 5909/5417/5624 5945/5454/5660 5944/5453/5659 5908/5416/5623 
f 5910/5418/5625 5946/5455/5661 5945/5454/5660 5909/5417/5624 
f 5876/5383/5591 5912/5420/5627 5946/5455/5661 5910/5418/5625 
f 5911/5419/5626 5947/5456/5662 5948/5457/5663 5912/5420/5627 
f 5913/5421/5628 5949/5458/5664 5947/5456/5662 5911/5419/5626 
f 5914/5422/5629 5950/5459/5665 5949/5458/5664 5913/5421/5628 
f 5915/5423/5630 5951/5460/5666 5950/5459/5665 5914/5422/5629 
f 5916/5424/5631 5952/5461/5667 5951/5460/5666 5915/5423/5630 
f 5917/5425/5632 5953/5462/5668 5952/5461/5667 5916/5424/5631 
f 5918/5426/5633 5954/5463/5669 5953/5462/5668 5917/5425/5632 
f 5919/5427/5634 5955/5464/5670 5954/5463/5669 5918/5426/5633 
f 5920/5428/5635 5956/5465/5671 5955/5464/5670 5919/5427/5634 
f 5921/5429/5636 5957/5466/5672 5956/5465/5671 5920/5428/5635 
f 5922/5430/5637 5958/5467/5673 5957/5466/5672 5921/5429/5636 
f 5923/5431/5638 5959/5468/5674 5958/5467/5673 5922/5430/5637 
f 5924/5432/5639 5960/5469/5675 5959/5468/5674 5923/5431/5638 
f 5925/5433/5640 5961/5470/5676 5960/5469/5675 5924/5432/5639 
f 5926/5434/5641 5962/5471/5677 5961/5470/5676 5925/5433/5640 
f 5927/5435/5642 5963/5472/5678 5962/5471/5677 5926/5434/5641 
f 5928/5436/5643 5964/5473/5679 5963/5472/5678 5927/5435/5642 
f 5929/5437/5644 5965/5474/5680 5964/5473/5679 5928/5436/5643 
f 5930/5438/5645 5966/5475/5681 5965/5476/5680 5929/5439/5644 
f 5931/5440/5646 5967/5477/5682 5966/5475/5681 5930/5438/5645 
f 5932/5441/5647 5968/5478/5683 5967/5477/5682 5931/5440/5646 
f 5933/5442/5648 5969/5479/5684 5968/5478/5683 5932/5441/5647 
f 5934/5443/5649 5970/5480/5685 5969/5479/5684 5933/5442/5648 
f 5935/5444/5650 5971/5481/5686 5970/5480/5685 5934/5443/5649 
f 5936/5445/5651 5972/5482/5687 5971/5481/5686 5935/5444/5650 
f 5937/5446/5652 5973/5483/5688 5972/5482/5687 5936/5445/5651 
f 5938/5447/5653 5974/5484/5689 5973/5483/5688 5937/5446/5652 
f 5939/5448/5654 5975/5485/5690 5974/5484/5689 5938/5447/5653 
f 5940/5449/5655 5976/5486/5691 5975/5485/5690 5939/5448/5654 
f 5941/5450/5656 5977/5487/5692 5976/5486/5691 5940/5449/5655 
f 5942/5451/5657 5978/5488/5693 5977/5487/5692 5941/5450/5656 
f 5943/5452/5658 5979/5489/5694 5978/5488/5693 5942/5451/5657 
f 5944/5453/5659 5980/5490/5695 5979/5489/5694 5943/5452/5658 
f 5945/5454/5660 5981/5491/5696 5980/5490/5695 5944/5453/5659 
f 5946/5455/5661 5982/5492/5697 5981/5491/5696 5945/5454/5660 
f 5912/5420/5627 5948/5457/5663 5982/5492/5697 5946/5455/5661 
s 2
f 5947/5456/5662 5983/5493/5698 5984/5494/5699 5948/5457/5663 
f 5949/5458/5664 5985/5495/5700 5983/5493/5698 5947/5456/5662 
f 5950/5459/5665 5986/5496/5701 5985/5495/5700 5949/5458/5664 
f 5951/5460/5666 5987/5497/5702 5986/5496/5701 5950/5459/5665 
f 5952/5461/5667 5988/5498/5703 5987/5497/5702 5951/5460/5666 
f 5953/5462/5668 5989/5499/5704 5988/5498/5703 5952/5461/5667 
f 5954/5463/5669 5990/5500/5705 5989/5499/5704 5953/5462/5668 
f 5955/5464/5670 5991/5501/5706 5990/5500/5705 5954/5463/5669 
f 5956/5465/5671 5992/5502/5707 5991/5501/5706 5955/5464/5670 
f 5957/5466/5672 5993/5503/5708 5992/5502/5707 5956/5465/5671 
f 5958/5467/5673 5994/5504/5709 5993/5503/5708 5957/5466/5672 
f 5959/5468/5674 5995/5505/5710 5994/5504/5709 5958/5467/5673 
f 5960/5469/5675 5996/5506/5711 5995/5505/5710 5959/5468/5674 
f 5961/5470/5676 5997/5507/5712 5996/5506/5711 5960/5469/5675 
f 5962/5471/5677 5998/5508/5713 5997/5507/5712 5961/5470/5676 
f 5963/5472/5678 5999/5509/5714 5998/5508/5713 5962/5471/5677 
f 5964/5473/5679 6000/5510/5715 5999/5509/5714 5963/5472/5678 
f 5965/5474/5680 6001/5511/5716 6000/5510/5715 5964/5473/5679 
f 5966/5475/5681 6002/5512/5717 6001/5513/5716 5965/5476/5680 
f 5967/5477/5682 6003/5514/5718 6002/5512/5717 5966/5475/5681 
f 5968/5478/5683 6004/5515/5719 6003/5514/5718 5967/5477/5682 
f 5969/5479/5684 6005/5516/5720 6004/5515/5719 5968/5478/5683 
f 5970/5480/5685 6006/5517/5721 6005/5516/5720 5969/5479/5684 
f 5971/5481/5686 6007/5518/5722 6006/5517/5721 5970/5480/5685 
f 5972/5482/5687 6008/5519/5723 6007/5518/5722 5971/5481/5686 
f 5973/5483/5688 6009/5520/5724 6008/5519/5723 5972/5482/5687 
f 5974/5484/5689 6010/5521/5725 6009/5520/5724 5973/5483/5688 
f 5975/5485/5690 6011/5522/5726 6010/5521/5725 5974/5484/5689 
f 5976/5486/5691 6012/5523/5727 6011/5522/5726 5975/5485/5690 
f 5977/5487/5692 6013/5524/5728 6012/5523/5727 5976/5486/5691 
f 5978/5488/5693 6014/5525/5729 6013/5524/5728 5977/5487/5692 
f 5979/5489/5694 6015/5526/5730 6014/5525/5729 5978/5488/5693 
f 5980/5490/5695 6016/5527/5731 6015/5526/5730 5979/5489/5694 
f 5981/5491/5696 6017/5528/5732 6016/5527/5731 5980/5490/5695 
f 5982/5492/5697 6018/5529/5733 6017/5528/5732 5981/5491/5696 
f 5948/5457/5663 5984/5494/5699 6018/5529/5733 5982/5492/5697 
s 1
f 5983/5530/5698 6019/5531/5734 6020/5532/5735 5984/5533/5699 
f 5985/5534/5700 6021/5535/5736 6019/5531/5734 5983/5530/5698 
f 5986/5536/5701 6022/5537/5737 6021/5535/5736 5985/5534/5700 
f 5987/5538/5702 6023/5539/5738 6022/5537/5737 5986/5536/5701 
f 5988/5540/5703 6024/5541/5739 6023/5539/5738 5987/5538/5702 
f 5989/5542/5704 6025/5543/5740 6024/5541/5739 5988/5540/5703 
f 5990/5544/5705 6026/5545/5741 6025/5543/5740 5989/5542/5704 
f 5991/5546/5706 6027/5547/5742 6026/5545/5741 5990/5544/5705 
f 5992/5548/5707 6028/5549/5743 6027/5547/5742 5991/5546/5706 
f 5993/5550/5708 6029/5551/5744 6028/5549/5743 5992/5548/5707 
f 5994/5552/5709 6030/5553/5745 6029/5551/5744 5993/5550/5708 
f 5995/5554/5710 6031/5555/5746 6030/5553/5745 5994/5552/5709 
f 5996/5556/5711 6032/5557/5747 6031/5555/5746 5995/5554/5710 
f 5997/5558/5712 6033/5559/5748 6032/5557/5747 5996/5556/5711 
f 5998/5560/5713 6034/5561/5749 6033/5559/5748 5997/5558/5712 
f 5999/5562/5714 6035/5563/5750 6034/5561/5749 5998/5560/5713 
f 6000/5564/5715 6036/5565/5751 6035/5563/5750 5999/5562/5714 
f 6001/5566/5716 6037/5567/5752 6036/5565/5751 6000/5564/5715 
f 6002/5568/5717 6038/5569/5753 6037/5567/5752 6001/5566/5716 
f 6003/5570/5718 6039/5571/5754 6038/5569/5753 6002/5568/5717 
f 6004/5572/5719 6040/5573/5755 6039/5571/5754 6003/5570/5718 
f 6005/5574/5720 6041/5575/5756 6040/5573/5755 6004/5572/5719 
f 6006/5576/5721 6042/5577/5757 6041/5575/5756 6005/5574/5720 
f 6007/5578/5722 6043/5579/5758 6042/5577/5757 6006/5576/5721 
f 6008/5580/5723 6044/5581/5759 6043/5579/5758 6007/5578/5722 
f 6009/5582/5724 6045/5583/5760 6044/5581/5759 6008/5580/5723 
f 6010/5584/5725 6046/5585/5761 6045/5583/5760 6009/5582/5724 
f 6011/5586/5726 6047/5587/5762 6046/5585/5761 6010/5584/5725 
f 6012/5588/5727 6048/5589/5763 6047/5587/5762 6011/5586/5726 
f 6013/5590/5728 6049/5591/5764 6048/5589/5763 6012/5588/5727 
f 6014/5592/5729 6050/5593/5765 6049/5591/5764 6013/5590/5728 
f 6015/5594/5730 6051/5595/5766 6050/5593/5765 6014/5592/5729 
f 6016/5596/5731 6052/5597/5767 6051/5595/5766 6015/5594/5730 
f 6017/5598/5732 6053/5599/5768 6052/5597/5767 6016/5596/5731 
f 6018/5600/5733 6054/5601/5769 6053/5599/5768 6017/5598/5732 
f 5984/5533/5699 6020/5532/5735 6054/5601/5769 6018/5600/5733 
s 2
f 6019/5531/5734 6055/5602/5770 6056/5603/5771 6020/5532/5735 
f 6021/5535/5736 6057/5604/5772 6055/5602/5770 6019/5531/5734 
f 6022/5537/5737 6058/5605/5773 6057/5604/5772 6021/5535/5736 
f 6023/5539/5738 6059/5606/5774 6058/5605/5773 6022/5537/5737 
f 6024/5541/5739 6060/5607/5775 6059/5606/5774 6023/5539/5738 
f 6025/5543/5740 6061/5608/5776 6060/5607/5775 6024/5541/5739 
f 6026/5545/5741 6062/5609/5777 6061/5608/5776 6025/5543/5740 
f 6027/5547/5742 6063/5610/5778 6062/5609/5777 6026/5545/5741 
f 6028/5549/5743 6064/5611/5779 6063/5610/5778 6027/5547/5742 
f 6029/5551/5744 6065/5612/5780 6064/5611/5779 6028/5549/5743 
f 6030/5553/5745 6066/5613/5781 6065/5612/5780 6029/5551/5744 
f 6031/5555/5746 6067/5614/5782 6066/5613/5781 6030/5553/5745 
f 6032/5557/5747 6068/5615/5783 6067/5614/5782 6031/5555/5746 
f 6033/5559/5748 6069/5616/5784 6068/5615/5783 6032/5557/5747 
f 6034/5561/5749 6070/5617/5785 6069/5616/5784 6033/5559/5748 
f 6035/5563/5750 6071/5618/5786 6070/5617/5785 6034/5561/5749 
f 6036/5565/5751 6072/5619/5787 6071/5618/5786 6035/5563/5750 
f 6037/5567/5752 6073/5620/5788 6072/5619/5787 6036/5565/5751 
f 6038/5569/5753 6074/5621/5789 6073/5620/5788 6037/5567/5752 
f 6039/5571/5754 6075/5622/5790 6074/5621/5789 6038/5569/5753 
f 6040/5573/5755 6076/5623/5791 6075/5622/5790 6039/5571/5754 
f 6041/5575/5756 6077/5624/5792 6076/5623/5791 6040/5573/5755 
f 6042/5577/5757 6078/5625/5793 6077/5624/5792 6041/5575/5756 
f 6043/5579/5758 6079/5626/5794 6078/5625/5793 6042/5577/5757 
f 6044/5581/5759 6080/5627/5795 6079/5626/5794 6043/5579/5758 
f 6045/5583/5760 6081/5628/5796 6080/5627/5795 6044/5581/5759 
f 6046/5585/5761 6082/5629/5797 6081/5628/5796 6045/5583/5760 
f 6047/5587/5762 6083/5630/5798 6082/5629/5797 6046/5585/5761 
f 6048/5589/5763 6084/5631/5799 6083/5630/5798 6047/5587/5762 
f 6049/5591/5764 6085/5632/5800 6084/5631/5799 6048/5589/5763 
f 6050/5593/5765 6086/5633/5801 6085/5632/5800 6049/5591/5764 
f 6051/5595/5766 6087/5634/5802 6086/5633/5801 6050/5593/5765 
f 6052/5597/5767 6088/5635/5803 6087/5634/5802 6051/5595/5766 
f 6053/5599/5768 6089/5636/5804 6088/5635/5803 6052/5597/5767 
f 6054/5601/5769 6090/5637/5805 6089/5636/5804 6053/5599/5768 
f 6020/5532/5735 6056/5603/5771 6090/5637/5805 6054/5601/5769 
s 1
f 6055/5602/5770 6091/5638/5806 6092/5639/5807 6056/5603/5771 
f 6057/5604/5772 6093/5640/5808 6091/5638/5806 6055/5602/5770 
f 6058/5605/5773 6094/5641/5809 6093/5640/5808 6057/5604/5772 
f 6059/5606/5774 6095/5642/5810 6094/5641/5809 6058/5605/5773 
f 6060/5607/5775 6096/5643/5811 6095/5642/5810 6059/5606/5774 
f 6061/5608/5776 6097/5644/5812 6096/5643/5811 6060/5607/5775 
f 6062/5609/5777 6098/5645/5813 6097/5644/5812 6061/5608/5776 
f 6063/5610/5778 6099/5646/5814 6098/5645/5813 6062/5609/5777 
f 6064/5611/5779 6100/5647/5815 6099/5646/5814 6063/5610/5778 
f 6065/5612/5780 6101/5648/5816 6100/5647/5815 6064/5611/5779 
f 6066/5613/5781 6102/5649/5817 6101/5648/5816 6065/5612/5780 
f 6067/5614/5782 6103/5650/5818 6102/5649/5817 6066/5613/5781 
f 6068/5615/5783 6104/5651/5819 6103/5650/5818 6067/5614/5782 
f 6069/5616/5784 6105/5652/5820 6104/5651/5819 6068/5615/5783 
f 6070/5617/5785 6106/5653/5821 6105/5652/5820 6069/5616/5784 
f 6071/5618/5786 6107/5654/5822 6106/5653/5821 6070/5617/5785 
f 6072/5619/5787 6108/5655/5823 6107/5654/5822 6071/5618/5786 
f 6073/5620/5788 6109/5656/5824 6108/5655/5823 6072/5619/5787 
f 6074/5621/5789 6110/5657/5825 6109/5656/5824 6073/5620/5788 
f 6075/5622/5790 6111/5658/5826 6110/5657/5825 6074/5621/5789 
f 6076/5623/5791 6112/5659/5827 6111/5658/5826 6075/5622/5790 
f 6077/5624/5792 6113/5660/5828 6112/5659/5827 6076/5623/5791 
f 6078/5625/5793 6114/5661/5829 6113/5660/5828 6077/5624/5792 
f 6079/5626/5794 6115/5662/5830 6114/5661/5829 6078/5625/5793 
f 6080/5627/5795 6116/5663/5831 6115/5662/5830 6079/5626/5794 
f 6081/5628/5796 6117/5664/5832 6116/5663/5831 6080/5627/5795 
f 6082/5629/5797 6118/5665/5833 6117/5664/5832 6081/5628/5796 
f 6083/5630/5798 6119/5666/5834 6118/5665/5833 6082/5629/5797 
f 6084/5631/5799 6120/5667/5835 6119/5666/5834 6083/5630/5798 
f 6085/5632/5800 6121/5668/5836 6120/5667/5835 6084/5631/5799 
f 6086/5633/5801 6122/5669/5837 6121/5668/5836 6085/5632/5800 
f 6087/5634/5802 6123/5670/5838 6122/5669/5837 6086/5633/5801 
f 6088/5635/5803 6124/5671/5839 6123/5670/5838 6087/5634/5802 
f 6089/5636/5804 6125/5672/5840 6124/5671/5839 6088/5635/5803 
f 6090/5637/5805 6126/5673/5841 6125/5672/5840 6089/5636/5804 
f 6056/5603/5771 6092/5639/5807 6126/5673/5841 6090/5637/5805 
s 2
f 6091/5638/5806 6127/5674/5842 6128/5675/5843 6092/5639/5807 
f 6093/5640/5808 6129/5676/5844 6127/5674/5842 6091/5638/5806 
f 6094/5641/5809 6130/5677/5845 6129/5676/5844 6093/5640/5808 
f 6095/5642/5810 6131/5678/5846 6130/5677/5845 6094/5641/5809 
f 6096/5643/5811 6132/5679/5847 6131/5678/5846 6095/5642/5810 
f 6097/5644/5812 6133/5680/5848 6132/5679/5847 6096/5643/5811 
f 6098/5645/5813 6134/5681/5849 6133/5680/5848 6097/5644/5812 
f 6099/5646/5814 6135/5682/5850 6134/5681/5849 6098/5645/5813 
f 6100/5647/5815 6136/5683/5851 6135/5682/5850 6099/5646/5814 
f 6101/5648/5816 6137/5684/5852 6136/5683/5851 6100/5647/5815 
f 6102/5649/5817 6138/5685/5853 6137/5684/5852 6101/5648/5816 
f 6103/5650/5818 6139/5686/5854 6138/5685/5853 6102/5649/5817 
f 6104/5651/5819 6140/5687/5855 6139/5686/5854 6103/5650/5818 
f 6105/5652/5820 6141/5688/5856 6140/5687/5855 6104/5651/5819 
f 6106/5653/5821 6142/5689/5857 6141/5688/5856 6105/5652/5820 
f 6107/5654/5822 6143/5690/5858 6142/5689/5857 6106/5653/5821 
f 6108/5655/5823 6144/5691/5859 6143/5690/5858 6107/5654/5822 
f 6109/5656/5824 6145/5692/5860 6144/5691/5859 6108/5655/5823 
f 6110/5657/5825 6146/5693/5861 6145/5692/5860 6109/5656/5824 
f 6111/5658/5826 6147/5694/5862 6146/5693/5861 6110/5657/5825 
f 6112/5659/5827 6148/5695/5863 6147/5694/5862 6111/5658/5826 
f 6113/5660/5828 6149/5696/5864 6148/5695/5863 6112/5659/5827 
f 6114/5661/5829 6150/5697/5865 6149/5696/5864 6113/5660/5828 
f 6115/5662/5830 6151/5698/5866 6150/5697/5865 6114/5661/5829 
f 6116/5663/5831 6152/5699/5867 6151/5698/5866 6115/5662/5830 
f 6117/5664/5832 6153/5700/5868 6152/5699/5867 6116/5663/5831 
f 6118/5665/5833 6154/5701/5869 6153/5700/5868 6117/5664/5832 
f 6119/5666/5834 6155/5702/5870 6154/5701/5869 6118/5665/5833 
f 6120/5667/5835 6156/5703/5871 6155/5702/5870 6119/5666/5834 
f 6121/5668/5836 6157/5704/5872 6156/5703/5871 6120/5667/5835 
f 6122/5669/5837 6158/5705/5873 6157/5704/5872 6121/5668/5836 
f 6123/5670/5838 6159/5706/5874 6158/5705/5873 6122/5669/5837 
f 6124/5671/5839 6160/5707/5875 6159/5706/5874 6123/5670/5838 
f 6125/5672/5840 6161/5708/5876 6160/5707/5875 6124/5671/5839 
f 6126/5673/5841 6162/5709/5877 6161/5708/5876 6125/5672/5840 
f 6092/5639/5807 6128/5675/5843 6162/5709/5877 6126/5673/5841 
f 6127/5674/5842 6163/5710/5878 6164/5711/5879 6128/5675/5843 
f 6129/5676/5844 6165/5712/5880 6163/5710/5878 6127/5674/5842 
f 6130/5677/5845 6166/5713/5881 6165/5712/5880 6129/5676/5844 
f 6131/5678/5846 6167/5714/5882 6166/5713/5881 6130/5677/5845 
f 6132/5679/5847 6168/5715/5883 6167/5714/5882 6131/5678/5846 
f 6133/5680/5848 6169/5716/5884 6168/5715/5883 6132/5679/5847 
f 6134/5681/5849 6170/5717/5885 6169/5716/5884 6133/5680/5848 
f 6135/5682/5850 6171/5718/5886 6170/5717/5885 6134/5681/5849 
f 6136/5683/5851 6172/5719/5887 6171/5718/5886 6135/5682/5850 
f 6137/5684/5852 6173/5720/5888 6172/5719/5887 6136/5683/5851 
f 6138/5685/5853 6174/5721/5889 6173/5720/5888 6137/5684/5852 
f 6139/5686/5854 6175/5722/5890 6174/5721/5889 6138/5685/5853 
f 6140/5687/5855 6176/5723/5891 6175/5722/5890 6139/5686/5854 
f 6141/5688/5856 6177/5724/5892 6176/5723/5891 6140/5687/5855 
f 6142/5689/5857 6178/5725/5893 6177/5724/5892 6141/5688/5856 
f 6143/5690/5858 6179/5726/5894 6178/5725/5893 6142/5689/5857 
f 6144/5691/5859 6180/5727/5895 6179/5726/5894 6143/5690/5858 
f 6145/5692/5860 6181/5728/5896 6180/5727/5895 6144/5691/5859 
f 6146/5693/5861 6182/5729/5897 6181/5728/5896 6145/5692/5860 
f 6147/5694/5862 6183/5730/5898 6182/5729/5897 6146/5693/5861 
f 6148/5695/5863 6184/5731/5899 6183/5730/5898 6147/5694/5862 
f 6149/5696/5864 6185/5732/5900 6184/5731/5899 6148/5695/5863 
f 6150/5697/5865 6186/5733/5901 6185/5732/5900 6149/5696/5864 
f 6151/5698/5866 6187/5734/5902 6186/5733/5901 6150/5697/5865 
f 6152/5699/5867 6188/5735/5903 6187/5734/5902 6151/5698/5866 
f 6153/5700/5868 6189/5736/5904 6188/5735/5903 6152/5699/5867 
f 6154/5701/5869 6190/5737/5905 6189/5736/5904 6153/5700/5868 
f 6155/5702/5870 6191/5738/5906 6190/5737/5905 6154/5701/5869 
f 6156/5703/5871 6192/5739/5907 6191/5738/5906 6155/5702/5870 
f 6157/5704/5872 6193/5740/5908 6192/5739/5907 6156/5703/5871 
f 6158/5705/5873 6194/5741/5909 6193/5740/5908 6157/5704/5872 
f 6159/5706/5874 6195/5742/5910 6194/5741/5909 6158/5705/5873 
f 6160/5707/5875 6196/5743/5911 6195/5742/5910 6159/5706/5874 
f 6161/5708/5876 6197/5744/5912 6196/5743/5911 6160/5707/5875 
f 6162/5709/5877 6198/5745/5913 6197/5744/5912 6161/5708/5876 
f 6128/5675/5843 6164/5711/5879 6198/5745/5913 6162/5709/5877 
s 1
f 6163/5710/5878 6199/5746/5914 6200/5747/5915 6164/5711/5879 
f 6165/5712/5880 6201/5748/5916 6199/5746/5914 6163/5710/5878 
f 6166/5713/5881 6202/5749/5917 6201/5748/5916 6165/5712/5880 
f 6167/5714/5882 6203/5750/5918 6202/5749/5917 6166/5713/5881 
f 6168/5715/5883 6204/5751/5919 6203/5750/5918 6167/5714/5882 
f 6169/5716/5884 6205/5752/5920 6204/5751/5919 6168/5715/5883 
f 6170/5717/5885 6206/5753/5921 6205/5752/5920 6169/5716/5884 
f 6171/5718/5886 6207/5754/5922 6206/5753/5921 6170/5717/5885 
f 6172/5719/5887 6208/5755/5923 6207/5754/5922 6171/5718/5886 
f 6173/5720/5888 6209/5756/5924 6208/5755/5923 6172/5719/5887 
f 6174/5721/5889 6210/5757/5925 6209/5756/5924 6173/5720/5888 
f 6175/5722/5890 6211/5758/5926 6210/5757/5925 6174/5721/5889 
f 6176/5723/5891 6212/5759/5927 6211/5758/5926 6175/5722/5890 
f 6177/5724/5892 6213/5760/5928 6212/5759/5927 6176/5723/5891 
f 6178/5725/5893 6214/5761/5929 6213/5760/5928 6177/5724/5892 
f 6179/5726/5894 6215/5762/5930 6214/5761/5929 6178/5725/5893 
f 6180/5727/5895 6216/5763/5931 6215/5762/5930 6179/5726/5894 
f 6181/5728/5896 6217/5764/5932 6216/5763/5931 6180/5727/5895 
f 6182/5729/5897 6218/5765/5933 6217/5764/5932 6181/5728/5896 
f 6183/5730/5898 6219/5766/5934 6218/5765/5933 6182/5729/5897 
f 6184/5731/5899 6220/5767/5935 6219/5766/5934 6183/5730/5898 
f 6185/5732/5900 6221/5768/5936 6220/5767/5935 6184/5731/5899 
f 6186/5733/5901 6222/5769/5937 6221/5768/5936 6185/5732/5900 
f 6187/5734/5902 6223/5770/5938 6222/5769/5937 6186/5733/5901 
f 6188/5735/5903 6224/5771/5939 6223/5770/5938 6187/5734/5902 
f 6189/5736/5904 6225/5772/5940 6224/5771/5939 6188/5735/5903 
f 6190/5737/5905 6226/5773/5941 6225/5772/5940 6189/5736/5904 
f 6191/5738/5906 6227/5774/5942 6226/5773/5941 6190/5737/5905 
f 6192/5739/5907 6228/5775/5943 6227/5774/5942 6191/5738/5906 
f 6193/5740/5908 6229/5776/5944 6228/5775/5943 6192/5739/5907 
f 6194/5741/5909 6230/5777/5945 6229/5776/5944 6193/5740/5908 
f 6195/5742/5910 6231/5778/5946 6230/5777/5945 6194/5741/5909 
f 6196/5743/5911 6232/5779/5947 6231/5778/5946 6195/5742/5910 
f 6197/5744/5912 6233/5780/5948 6232/5779/5947 6196/5743/5911 
f 6198/5745/5913 6234/5781/5949 6233/5780/5948 6197/5744/5912 
f 6164/5711/5879 6200/5747/5915 6234/5781/5949 6198/5745/5913 
f 6200/5747/5915 6199/5746/5914 6235/5782/5950 
f 6199/5746/5914 6201/5748/5916 6235/5782/5950 
f 6201/5748/5916 6202/5749/5917 6235/5782/5950 
f 6202/5749/5917 6203/5750/5918 6235/5782/5950 
f 6203/5750/5918 6204/5751/5919 6235/5782/5950 
f 6204/5751/5919 6205/5752/5920 6235/5782/5950 
f 6205/5752/5920 6206/5753/5921 6235/5782/5950 
f 6206/5753/5921 6207/5754/5922 6235/5782/5950 
f 6207/5754/5922 6208/5755/5923 6235/5782/5950 
f 6208/5755/5923 6209/5756/5924 6235/5782/5950 
f 6209/5756/5924 6210/5757/5925 6235/5782/5950 
f 6210/5757/5925 6211/5758/5926 6235/5782/5950 
f 6211/5758/5926 6212/5759/5927 6235/5782/5950 
f 6212/5759/5927 6213/5760/5928 6235/5782/5950 
f 6213/5760/5928 6214/5761/5929 6235/5782/5950 
f 6214/5761/5929 6215/5762/5930 6235/5782/5950 
f 6215/5762/5930 6216/5763/5931 6235/5782/5950 
f 6216/5763/5931 6217/5764/5932 6235/5782/5950 
f 6217/5764/5932 6218/5765/5933 6235/5782/5950 
f 6218/5765/5933 6219/5766/5934 6235/5782/5950 
f 6219/5766/5934 6220/5767/5935 6235/5782/5950 
f 6220/5767/5935 6221/5768/5936 6235/5782/5950 
f 6221/5768/5936 6222/5769/5937 6235/5782/5950 
f 6222/5769/5937 6223/5770/5938 6235/5782/5950 
f 6223/5770/5938 6224/5771/5939 6235/5782/5950 
f 6224/5771/5939 6225/5772/5940 6235/5782/5950 
f 6225/5772/5940 6226/5773/5941 6235/5782/5950 
f 6226/5773/5941 6227/5774/5942 6235/5782/5950 
f 6227/5774/5942 6228/5775/5943 6235/5782/5950 
f 6228/5775/5943 6229/5776/5944 6235/5782/5950 
f 6229/5776/5944 6230/5777/5945 6235/5782/5950 
f 6230/5777/5945 6231/5778/5946 6235/5782/5950 
f 6231/5778/5946 6232/5779/5947 6235/5782/5950 
f 6232/5779/5947 6233/5780/5948 6235/5782/5950 
f 6233/5780/5948 6234/5781/5949 6235/5782/5950 
f 6234/5781/5949 6200/5747/5915 6235/5782/5950 
f 6236/4943/5951 6237/4946/5952 6238/4945/5953 6239/4944/5954 
f 6240/4947/5955 6236/4943/5951 6239/4944/5954 6241/4948/5956 
f 6242/4949/5957 6240/4947/5955 6241/4948/5956 6243/4950/5958 
f 6244/4951/5959 6242/4949/5957 6243/4950/5958 6245/4952/5960 
f 6246/4953/5961 6244/4951/5959 6245/4952/5960 6247/4954/5962 
f 6248/4955/5963 6246/4953/5961 6247/4954/5962 6249/4956/5964 
f 6250/4957/5965 6248/4955/5963 6249/4956/5964 6251/4958/5966 
f 6252/4959/5967 6250/4957/5965 6251/4958/5966 6253/4960/5968 
f 6254/4961/5969 6252/4959/5967 6253/4960/5968 6255/4962/5970 
f 6256/4963/5971 6254/4961/5969 6255/4962/5970 6257/4964/5972 
f 6258/4965/5973 6256/4963/5971 6257/4964/5972 6259/4966/5974 
f 6260/4967/5975 6258/4965/5973 6259/4966/5974 6261/4968/5976 
f 6262/4969/5977 6260/4967/5975 6261/4968/5976 6263/4970/5978 
f 6264/4971/5979 6262/4969/5977 6263/4970/5978 6265/4972/5980 
f 6266/4973/5981 6264/4971/5979 6265/4972/5980 6267/4974/5982 
f 6268/4975/5983 6266/4973/5981 6267/4974/5982 6269/4976/5984 
f 6270/4977/5985 6268/4975/5983 6269/4976/5984 6271/4978/5986 
f 6272/4979/5987 6270/4977/5985 6271/4978/5986 6273/4980/5988 
f 6274/4981/5989 6272/4979/5987 6273/4980/5988 6275/4982/5990 
f 6276/4983/5991 6274/4986/5989 6275/4985/5990 6277/4984/5992 
f 6278/4987/5993 6276/4983/5991 6277/4984/5992 6279/4988/5994 
f 6280/4989/5995 6278/4987/5993 6279/4988/5994 6281/4990/5996 
f 6282/4991/5997 6280/4989/5995 6281/4990/5996 6283/4992/5998 
f 6284/4993/5999 6282/4991/5997 6283/4992/5998 6285/4994/6000 
f 6286/4995/6001 6284/4993/5999 6285/4994/6000 6287/4996/6002 
f 6288/4997/6003 6286/4995/6001 6287/4996/6002 6289/4998/6004 
f 6290/4999/6005 6288/4997/6003 6289/4998/6004 6291/5000/6006 
f 6292/5001/6007 6290/4999/6005 6291/5000/6006 6293/5002/6008 
f 6294/5003/6009 6292/5001/6007 6293/5002/6008 6295/5004/6010 
f 6296/5005/6011 6294/5003/6009 6295/5004/6010 6297/5006/6012 
f 6298/5007/6013 6296/5005/6011 6297/5006/6012 6299/5008/6014 
f 6300/5009/6015 6298/5007/6013 6299/5008/6014 6301/5010/6016 
f 6302/5011/6017 6300/5009/6015 6301/5010/6016 6303/5012/6018 
f 6304/5013/6019 6302/5011/6017 6303/5012/6018 6305/5014/6020 
f 6306/5015/6021 6304/5013/6019 6305/5014/6020 6307/5016/6022 
f 6237/4946/5952 6306/5015/6021 6307/5016/6022 6238/4945/5953 
s 2
f 6239/4944/5954 6238/4945/5953 6308/5018/6023 6309/5017/6024 
f 6241/4948/5956 6239/4944/5954 6309/5017/6024 6310/5019/6025 
f 6243/4950/5958 6241/4948/5956 6310/5019/6025 6311/5020/6026 
f 6245/4952/5960 6243/4950/5958 6311/5020/6026 6312/5021/6027 
f 6247/4954/5962 6245/4952/5960 6312/5021/6027 6313/5022/6028 
f 6249/4956/5964 6247/4954/5962 6313/5022/6028 6314/5023/6029 
f 6251/4958/5966 6249/4956/5964 6314/5023/6029 6315/5024/6030 
f 6253/4960/5968 6251/4958/5966 6315/5024/6030 6316/5025/6031 
f 6255/4962/5970 6253/4960/5968 6316/5025/6031 6317/5026/6032 
f 6257/4964/5972 6255/4962/5970 6317/5026/6032 6318/5027/6033 
f 6259/4966/5974 6257/4964/5972 6318/5027/6033 6319/5028/6034 
f 6261/4968/5976 6259/4966/5974 6319/5028/6034 6320/5029/6035 
f 6263/4970/5978 6261/4968/5976 6320/5029/6035 6321/5030/6036 
f 6265/4972/5980 6263/4970/5978 6321/5030/6036 6322/5031/6037 
f 6267/4974/5982 6265/4972/5980 6322/5031/6037 6323/5032/6038 
f 6269/4976/5984 6267/4974/5982 6323/5032/6038 6324/5033/6039 
f 6271/4978/5986 6269/4976/5984 6324/5033/6039 6325/5034/6040 
f 6273/4980/5988 6271/4978/5986 6325/5034/6040 6326/5035/6041 
f 6275/4982/5990 6273/4980/5988 6326/5035/6041 6327/5036/6042 
f 6277/4984/5992 6275/4985/5990 6327/5038/6042 6328/5037/6043 
f 6279/4988/5994 6277/4984/5992 6328/5037/6043 6329/5039/6044 
f 6281/4990/5996 6279/4988/5994 6329/5039/6044 6330/5040/6045 
f 6283/4992/5998 6281/4990/5996 6330/5040/6045 6331/5041/6046 
f 6285/4994/6000 6283/4992/5998 6331/5041/6046 6332/5042/6047 
f 6287/4996/6002 6285/4994/6000 6332/5042/6047 6333/5043/6048 
f 6289/4998/6004 6287/4996/6002 6333/5043/6048 6334/5044/6049 
f 6291/5000/6006 6289/4998/6004 6334/5044/6049 6335/5045/6050 
f 6293/5002/6008 6291/5000/6006 6335/5045/6050 6336/5046/6051 
f 6295/5004/6010 6293/5002/6008 6336/5046/6051 6337/5047/6052 
f 6297/5006/6012 6295/5004/6010 6337/5047/6052 6338/5048/6053 
f 6299/5008/6014 6297/5006/6012 6338/5048/6053 6339/5049/6054 
f 6301/5010/6016 6299/5008/6014 6339/5049/6054 6340/5050/6055 
f 6303/5012/6018 6301/5010/6016 6340/5050/6055 6341/5051/6056 
f 6305/5014/6020 6303/5012/6018 6341/5051/6056 6342/5052/6057 
f 6307/5016/6022 6305/5014/6020 6342/5052/6057 6343/5053/6058 
f 6238/4945/5953 6307/5016/6022 6343/5053/6058 6308/5018/6023 
s 1
f 6309/5017/6024 6308/5018/6023 6344/5055/6059 6345/5054/6060 
f 6310/5019/6025 6309/5017/6024 6345/5054/6060 6346/5056/6061 
f 6311/5020/6026 6310/5019/6025 6346/5056/6061 6347/5057/6062 
f 6312/5021/6027 6311/5020/6026 6347/5057/6062 6348/5058/6063 
f 6313/5022/6028 6312/5021/6027 6348/5058/6063 6349/5059/6064 
f 6314/5023/6029 6313/5022/6028 6349/5059/6064 6350/5060/6065 
f 6315/5024/6030 6314/5023/6029 6350/5060/6065 6351/5061/6066 
f 6316/5025/6031 6315/5024/6030 6351/5061/6066 6352/5062/6067 
f 6317/5026/6032 6316/5025/6031 6352/5062/6067 6353/5063/6068 
f 6318/5027/6033 6317/5026/6032 6353/5063/6068 6354/5064/6069 
f 6319/5028/6034 6318/5027/6033 6354/5064/6069 6355/5065/6070 
f 6320/5029/6035 6319/5028/6034 6355/5065/6070 6356/5066/6071 
f 6321/5030/6036 6320/5029/6035 6356/5066/6071 6357/5067/6072 
f 6322/5031/6037 6321/5030/6036 6357/5067/6072 6358/5068/6073 
f 6323/5032/6038 6322/5031/6037 6358/5068/6073 6359/5069/6074 
f 6324/5033/6039 6323/5032/6038 6359/5069/6074 6360/5070/6075 
f 6325/5034/6040 6324/5033/6039 6360/5070/6075 6361/5071/6076 
f 6326/5035/6041 6325/5034/6040 6361/5071/6076 6362/5072/6077 
f 6327/5036/6042 6326/5035/6041 6362/5072/6077 6363/5073/6078 
f 6328/5037/6043 6327/5038/6042 6363/5075/6078 6364/5074/6079 
f 6329/5039/6044 6328/5037/6043 6364/5074/6079 6365/5076/6080 
f 6330/5040/6045 6329/5039/6044 6365/5076/6080 6366/5077/6081 
f 6331/5041/6046 6330/5040/6045 6366/5077/6081 6367/5078/6082 
f 6332/5042/6047 6331/5041/6046 6367/5078/6082 6368/5079/6083 
f 6333/5043/6048 6332/5042/6047 6368/5079/6083 6369/5080/6084 
f 6334/5044/6049 6333/5043/6048 6369/5080/6084 6370/5081/6085 
f 6335/5045/6050 6334/5044/6049 6370/5081/6085 6371/5082/6086 
f 6336/5046/6051 6335/5045/6050 6371/5082/6086 6372/5083/6087 
f 6337/5047/6052 6336/5046/6051 6372/5083/6087 6373/5084/6088 
f 6338/5048/6053 6337/5047/6052 6373/5084/6088 6374/5085/6089 
f 6339/5049/6054 6338/5048/6053 6374/5085/6089 6375/5086/6090 
f 6340/5050/6055 6339/5049/6054 6375/5086/6090 6376/5087/6091 
f 6341/5051/6056 6340/5050/6055 6376/5087/6091 6377/5088/6092 
f 6342/5052/6057 6341/5051/6056 6377/5088/6092 6378/5089/6093 
f 6343/5053/6058 6342/5052/6057 6378/5089/6093 6379/5090/6094 
f 6308/5018/6023 6343/5053/6058 6379/5090/6094 6344/5055/6059 
f 6345/5054/6060 6344/5055/6059 6380/5092/6095 6381/5091/6096 
f 6346/5056/6061 6345/5054/6060 6381/5091/6096 6382/5093/6097 
f 6347/5057/6062 6346/5056/6061 6382/5093/6097 6383/5094/6098 
f 6348/5058/6063 6347/5057/6062 6383/5094/6098 6384/5095/6099 
f 6349/5059/6064 6348/5058/6063 6384/5095/6099 6385/5096/6100 
f 6350/5060/6065 6349/5059/6064 6385/5096/6100 6386/5097/6101 
f 6351/5061/6066 6350/5060/6065 6386/5097/6101 6387/5098/6102 
f 6352/5062/6067 6351/5061/6066 6387/5098/6102 6388/5099/6103 
f 6353/5063/6068 6352/5062/6067 6388/5099/6103 6389/5100/6104 
f 6354/5064/6069 6353/5063/6068 6389/5100/6104 6390/5101/6105 
f 6355/5065/6070 6354/5064/6069 6390/5101/6105 6391/5102/6106 
f 6356/5066/6071 6355/5065/6070 6391/5102/6106 6392/5103/6107 
f 6357/5067/6072 6356/5066/6071 6392/5103/6107 6393/5104/6108 
f 6358/5068/6073 6357/5067/6072 6393/5104/6108 6394/5105/6109 
f 6359/5069/6074 6358/5068/6073 6394/5105/6109 6395/5106/6110 
f 6360/5070/6075 6359/5069/6074 6395/5106/6110 6396/5107/6111 
f 6361/5071/6076 6360/5070/6075 6396/5107/6111 6397/5108/6112 
f 6362/5072/6077 6361/5071/6076 6397/5108/6112 6398/5109/6113 
f 6363/5073/6078 6362/5072/6077 6398/5109/6113 6399/5110/6114 
f 6364/5074/6079 6363/5075/6078 6399/5112/6114 6400/5111/6115 
f 6365/5076/6080 6364/5074/6079 6400/5111/6115 6401/5113/6116 
f 6366/5077/6081 6365/5076/6080 6401/5113/6116 6402/5114/6117 
f 6367/5078/6082 6366/5077/6081 6402/5114/6117 6403/5115/6118 
f 6368/5079/6083 6367/5078/6082 6403/5115/6118 6404/5116/6119 
f 6369/5080/6084 6368/5079/6083 6404/5116/6119 6405/5117/6120 
f 6370/5081/6085 6369/5080/6084 6405/5117/6120 6406/5118/6121 
f 6371/5082/6086 6370/5081/6085 6406/5118/6121 6407/5119/6122 
f 6372/5083/6087 6371/5082/6086 6407/5119/6122 6408/5120/6123 
f 6373/5084/6088 6372/5083/6087 6408/5120/6123 6409/5121/6124 
f 6374/5085/6089 6373/5084/6088 6409/5121/6124 6410/5122/6125 
f 6375/5086/6090 6374/5085/6089 6410/5122/6125 6411/5123/6126 
f 6376/5087/6091 6375/5086/6090 6411/5123/6126 6412/5124/6127 
f 6377/5088/6092 6376/5087/6091 6412/5124/6127 6413/5125/6128 
f 6378/5089/6093 6377/5088/6092 6413/5125/6128 6414/5126/6129 
f 6379/5090/6094 6378/5089/6093 6414/5126/6129 6415/5127/6130 
f 6344/5055/6059 6379/5090/6094 6415/5127/6130 6380/5092/6095 
s 2
f 6381/5128/6096 6380/5131/6095 6416/5130/6131 6417/5129/6132 
f 6382/5132/6097 6381/5128/6096 6417/5129/6132 6418/5133/6133 
f 6383/5134/6098 6382/5132/6097 6418/5133/6133 6419/5135/6134 
f 6384/5136/6099 6383/5134/6098 6419/5135/6134 6420/5137/6135 
f 6385/5138/6100 6384/5136/6099 6420/5137/6135 6421/5139/6136 
f 6386/5140/6101 6385/5138/6100 6421/5139/6136 6422/5141/6137 
f 6387/5142/6102 6386/5140/6101 6422/5141/6137 6423/5143/6138 
f 6388/5144/6103 6387/5142/6102 6423/5143/6138 6424/5145/6139 
f 6389/5146/6104 6388/5144/6103 6424/5145/6139 6425/5147/6140 
f 6390/5148/6105 6389/5146/6104 6425/5147/6140 6426/5149/6141 
f 6391/5150/6106 6390/5148/6105 6426/5149/6141 6427/5151/6142 
f 6392/5152/6107 6391/5150/6106 6427/5151/6142 6428/5153/6143 
f 6393/5154/6108 6392/5152/6107 6428/5153/6143 6429/5155/6144 
f 6394/5156/6109 6393/5154/6108 6429/5155/6144 6430/5157/6145 
f 6395/5158/6110 6394/5156/6109 6430/5157/6145 6431/5159/6146 
f 6396/5160/6111 6395/5158/6110 6431/5159/6146 6432/5161/6147 
f 6397/5162/6112 6396/5160/6111 6432/5161/6147 6433/5163/6148 
f 6398/5164/6113 6397/5162/6112 6433/5163/6148 6434/5165/6149 
f 6399/5166/6114 6398/5164/6113 6434/5165/6149 6435/5167/6150 
f 6400/5168/6115 6399/5166/6114 6435/5167/6150 6436/5169/6151 
f 6401/5170/6116 6400/5168/6115 6436/5169/6151 6437/5171/6152 
f 6402/5172/6117 6401/5170/6116 6437/5171/6152 6438/5173/6153 
f 6403/5174/6118 6402/5172/6117 6438/5173/6153 6439/5175/6154 
f 6404/5176/6119 6403/5174/6118 6439/5175/6154 6440/5177/6155 
f 6405/5178/6120 6404/5176/6119 6440/5177/6155 6441/5179/6156 
f 6406/5180/6121 6405/5178/6120 6441/5179/6156 6442/5181/6157 
f 6407/5182/6122 6406/5180/6121 6442/5181/6157 6443/5183/6158 
f 6408/5184/6123 6407/5182/6122 6443/5183/6158 6444/5185/6159 
f 6409/5186/6124 6408/5184/6123 6444/5185/6159 6445/5187/6160 
f 6410/5188/6125 6409/5186/6124 6445/5187/6160 6446/5189/6161 
f 6411/5190/6126 6410/5188/6125 6446/5189/6161 6447/5191/6162 
f 6412/5192/6127 6411/5190/6126 6447/5191/6162 6448/5193/6163 
f 6413/5194/6128 6412/5192/6127 6448/5193/6163 6449/5195/6164 
f 6414/5196/6129 6413/5194/6128 6449/5195/6164 6450/5197/6165 
f 6415/5198/6130 6414/5196/6129 6450/5197/6165 6451/5199/6166 
f 6380/5131/6095 6415/5198/6130 6451/5199/6166 6416/5130/6131 
s 1
f 6417/5129/6132 6416/5130/6131 6452/5201/6167 6453/5200/6168 
f 6418/5133/6133 6417/5129/6132 6453/5200/6168 6454/5202/6169 
f 6419/5135/6134 6418/5133/6133 6454/5202/6169 6455/5203/6170 
f 6420/5137/6135 6419/5135/6134 6455/5203/6170 6456/5204/6171 
f 6421/5139/6136 6420/5137/6135 6456/5204/6171 6457/5205/6172 
f 6422/5141/6137 6421/5139/6136 6457/5205/6172 6458/5206/6173 
f 6423/5143/6138 6422/5141/6137 6458/5206/6173 6459/5207/6174 
f 6424/5145/6139 6423/5143/6138 6459/5207/6174 6460/5208/6175 
f 6425/5147/6140 6424/5145/6139 6460/5208/6175 6461/5209/6176 
f 6426/5149/6141 6425/5147/6140 6461/5209/6176 6462/5210/6177 
f 6427/5151/6142 6426/5149/6141 6462/5210/6177 6463/5211/6178 
f 6428/5153/6143 6427/5151/6142 6463/5211/6178 6464/5212/6179 
f 6429/5155/6144 6428/5153/6143 6464/5212/6179 6465/5213/6180 
f 6430/5157/6145 6429/5155/6144 6465/5213/6180 6466/5214/6181 
f 6431/5159/6146 6430/5157/6145 6466/5214/6181 6467/5215/6182 
f 6432/5161/6147 6431/5159/6146 6467/5215/6182 6468/5216/6183 
f 6433/5163/6148 6432/5161/6147 6468/5216/6183 6469/5217/6184 
f 6434/5165/6149 6433/5163/6148 6469/5217/6184 6470/5218/6185 
f 6435/5167/6150 6434/5165/6149 6470/5218/6185 6471/5219/6186 
f 6436/5169/6151 6435/5167/6150 6471/5219/6186 6472/5220/6187 
f 6437/5171/6152 6436/5169/6151 6472/5220/6187 6473/5221/6188 
f 6438/5173/6153 6437/5171/6152 6473/5221/6188 6474/5222/6189 
f 6439/5175/6154 6438/5173/6153 6474/5222/6189 6475/5223/6190 
f 6440/5177/6155 6439/5175/6154 6475/5223/6190 6476/5224/6191 
f 6441/5179/6156 6440/5177/6155 6476/5224/6191 6477/5225/6192 
f 6442/5181/6157 6441/5179/6156 6477/5225/6192 6478/5226/6193 
f 6443/5183/6158 6442/5181/6157 6478/5226/6193 6479/5227/6194 
f 6444/5185/6159 6443/5183/6158 6479/5227/6194 6480/5228/6195 
f 6445/5187/6160 6444/5185/6159 6480/5228/6195 6481/5229/6196 
f 6446/5189/6161 6445/5187/6160 6481/5229/6196 6482/5230/6197 
f 6447/5191/6162 6446/5189/6161 6482/5230/6197 6483/5231/6198 
f 6448/5193/6163 6447/5191/6162 6483/5231/6198 6484/5232/6199 
f 6449/5195/6164 6448/5193/6163 6484/5232/6199 6485/5233/6200 
f 6450/5197/6165 6449/5195/6164 6485/5233/6200 6486/5234/6201 
f 6451/5199/6166 6450/5197/6165 6486/5234/6201 6487/5235/6202 
f 6416/5130/6131 6451/5199/6166 6487/5235/6202 6452/5201/6167 
s 2
f 6453/5200/6168 6452/5201/6167 6488/5237/6203 6489/5236/6204 
f 6454/5202/6169 6453/5200/6168 6489/5236/6204 6490/5238/6205 
f 6455/5203/6170 6454/5202/6169 6490/5238/6205 6491/5239/6206 
f 6456/5204/6171 6455/5203/6170 6491/5239/6206 6492/5240/6207 
f 6457/5205/6172 6456/5204/6171 6492/5240/6207 6493/5241/6208 
f 6458/5206/6173 6457/5205/6172 6493/5241/6208 6494/5242/6209 
f 6459/5207/6174 6458/5206/6173 6494/5242/6209 6495/5243/6210 
f 6460/5208/6175 6459/5207/6174 6495/5243/6210 6496/5244/6211 
f 6461/5209/6176 6460/5208/6175 6496/5244/6211 6497/5245/6212 
f 6462/5210/6177 6461/5209/6176 6497/5245/6212 6498/5246/6213 
f 6463/5211/6178 6462/5210/6177 6498/5246/6213 6499/5247/6214 
f 6464/5212/6179 6463/5211/6178 6499/5247/6214 6500/5248/6215 
f 6465/5213/6180 6464/5212/6179 6500/5248/6215 6501/5249/6216 
f 6466/5214/6181 6465/5213/6180 6501/5249/6216 6502/5250/6217 
f 6467/5215/6182 6466/5214/6181 6502/5250/6217 6503/5251/6218 
f 6468/5216/6183 6467/5215/6182 6503/5251/6218 6504/5252/6219 
f 6469/5217/6184 6468/5216/6183 6504/5252/6219 6505/5253/6220 
f 6470/5218/6185 6469/5217/6184 6505/5253/6220 6506/5254/6221 
f 6471/5219/6186 6470/5218/6185 6506/5254/6221 6507/5255/6222 
f 6472/5220/6187 6471/5219/6186 6507/5255/6222 6508/5256/6223 
f 6473/5221/6188 6472/5220/6187 6508/5256/6223 6509/5257/6224 
f 6474/5222/6189 6473/5221/6188 6509/5257/6224 6510/5258/6225 
f 6475/5223/6190 6474/5222/6189 6510/5258/6225 6511/5259/6226 
f 6476/5224/6191 6475/5223/6190 6511/5259/6226 6512/5260/6227 
f 6477/5225/6192 6476/5224/6191 6512/5260/6227 6513/5261/6228 
f 6478/5226/6193 6477/5225/6192 6513/5261/6228 6514/5262/6229 
f 6479/5227/6194 6478/5226/6193 6514/5262/6229 6515/5263/6230 
f 6480/5228/6195 6479/5227/6194 6515/5263/6230 6516/5264/6231 
f 6481/5229/6196 6480/5228/6195 6516/5264/6231 6517/5265/6232 
f 6482/5230/6197 6481/5229/6196 6517/5265/6232 6518/5266/6233 
f 6483/5231/6198 6482/5230/6197 6518/5266/6233 6519/5267/6234 
f 6484/5232/6199 6483/5231/6198 6519/5267/6234 6520/5268/6235 
f 6485/5233/6200 6484/5232/6199 6520/5268/6235 6521/5269/6236 
f 6486/5234/6201 6485/5233/6200 6521/5269/6236 6522/5270/6237 
f 6487/5235/6202 6486/5234/6201 6522/5270/6237 6523/5271/6238 
f 6452/5201/6167 6487/5235/6202 6523/5271/6238 6488/5237/6203 
s 1
f 6489/5236/6204 6488/5237/6203 6524/5273/6239 6525/5272/6240 
f 6490/5238/6205 6489/5236/6204 6525/5272/6240 6526/5274/6241 
f 6491/5239/6206 6490/5238/6205 6526/5274/6241 6527/5275/6242 
f 6492/5240/6207 6491/5239/6206 6527/5275/6242 6528/5276/6243 
f 6493/5241/6208 6492/5240/6207 6528/5276/6243 6529/5277/6244 
f 6494/5242/6209 6493/5241/6208 6529/5277/6244 6530/5278/6245 
f 6495/5243/6210 6494/5242/6209 6530/5278/6245 6531/5279/6246 
f 6496/5244/6211 6495/5243/6210 6531/5279/6246 6532/5280/6247 
f 6497/5245/6212 6496/5244/6211 6532/5280/6247 6533/5281/6248 
f 6498/5246/6213 6497/5245/6212 6533/5281/6248 6534/5282/6249 
f 6499/5247/6214 6498/5246/6213 6534/5282/6249 6535/5283/6250 
f 6500/5248/6215 6499/5247/6214 6535/5283/6250 6536/5284/6251 
f 6501/5249/6216 6500/5248/6215 6536/5284/6251 6537/5285/6252 
f 6502/5250/6217 6501/5249/6216 6537/5285/6252 6538/5286/6253 
f 6503/5251/6218 6502/5250/6217 6538/5286/6253 6539/5287/6254 
f 6504/5252/6219 6503/5251/6218 6539/5287/6254 6540/5288/6255 
f 6505/5253/6220 6504/5252/6219 6540/5288/6255 6541/5289/6256 
f 6506/5254/6221 6505/5253/6220 6541/5289/6256 6542/5290/6257 
f 6507/5255/6222 6506/5254/6221 6542/5290/6257 6543/5291/6258 
f 6508/5256/6223 6507/5255/6222 6543/5291/6258 6544/5292/6259 
f 6509/5257/6224 6508/5256/6223 6544/5292/6259 6545/5293/6260 
f 6510/5258/6225 6509/5257/6224 6545/5293/6260 6546/5294/6261 
f 6511/5259/6226 6510/5258/6225 6546/5294/6261 6547/5295/6262 
f 6512/5260/6227 6511/5259/6226 6547/5295/6262 6548/5296/6263 
f 6513/5261/6228 6512/5260/6227 6548/5296/6263 6549/5297/6264 
f 6514/5262/6229 6513/5261/6228 6549/5297/6264 6550/5298/6265 
f 6515/5263/6230 6514/5262/6229 6550/5298/6265 6551/5299/6266 
f 6516/5264/6231 6515/5263/6230 6551/5299/6266 6552/5300/6267 
f 6517/5265/6232 6516/5264/6231 6552/5300/6267 6553/5301/6268 
f 6518/5266/6233 6517/5265/6232 6553/5301/6268 6554/5302/6269 
f 6519/5267/6234 6518/5266/6233 6554/5302/6269 6555/5303/6270 
f 6520/5268/6235 6519/5267/6234 6555/5303/6270 6556/5304/6271 
f 6521/5269/6236 6520/5268/6235 6556/5304/6271 6557/5305/6272 
f 6522/5270/6237 6521/5269/6236 6557/5305/6272 6558/5306/6273 
f 6523/5271/6238 6522/5270/6237 6558/5306/6273 6559/5307/6274 
f 6488/5237/6203 6523/5271/6238 6559/5307/6274 6524/5273/6239 
f 6525/5272/6240 6524/5273/6239 6560/5309/6275 6561/5308/6276 
f 6526/5274/6241 6525/5272/6240 6561/5308/6276 6562/5310/6277 
f 6527/5275/6242 6526/5274/6241 6562/5310/6277 6563/5311/6278 
f 6528/5276/6243 6527/5275/6242 6563/5311/6278 6564/5312/6279 
f 6529/5277/6244 6528/5276/6243 6564/5312/6279 6565/5313/6280 
f 6530/5278/6245 6529/5277/6244 6565/5313/6280 6566/5314/6281 
f 6531/5279/6246 6530/5278/6245 6566/5314/6281 6567/5315/6282 
f 6532/5280/6247 6531/5279/6246 6567/5315/6282 6568/5316/6283 
f 6533/5281/6248 6532/5280/6247 6568/5316/6283 6569/5317/6284 
f 6534/5282/6249 6533/5281/6248 6569/5317/6284 6570/5318/6285 
f 6535/5283/6250 6534/5282/6249 6570/5318/6285 6571/5319/6286 
f 6536/5284/6251 6535/5283/6250 6571/5319/6286 6572/5320/6287 
f 6537/5285/6252 6536/5284/6251 6572/5320/6287 6573/5321/6288 
f 6538/5286/6253 6537/5285/6252 6573/5321/6288 6574/5322/6289 
f 6539/5287/6254 6538/5286/6253 6574/5322/6289 6575/5323/6290 
f 6540/5288/6255 6539/5287/6254 6575/5323/6290 6576/5324/6291 
f 6541/5289/6256 6540/5288/6255 6576/5324/6291 6577/5325/6292 
f 6542/5290/6257 6541/5289/6256 6577/5325/6292 6578/5326/6293 
f 6543/5291/6258 6542/5290/6257 6578/5326/6293 6579/5327/6294 
f 6544/5292/6259 6543/5291/6258 6579/5327/6294 6580/5328/6295 
f 6545/5293/6260 6544/5292/6259 6580/5328/6295 6581/5329/6296 
f 6546/5294/6261 6545/5293/6260 6581/5329/6296 6582/5330/6297 
f 6547/5295/6262 6546/5294/6261 6582/5330/6297 6583/5331/6298 
f 6548/5296/6263 6547/5295/6262 6583/5331/6298 6584/5332/6299 
f 6549/5297/6264 6548/5296/6263 6584/5332/6299 6585/5333/6300 
f 6550/5298/6265 6549/5297/6264 6585/5333/6300 6586/5334/6301 
f 6551/5299/6266 6550/5298/6265 6586/5334/6301 6587/5335/6302 
f 6552/5300/6267 6551/5299/6266 6587/5335/6302 6588/5336/6303 
f 6553/5301/6268 6552/5300/6267 6588/5336/6303 6589/5337/6304 
f 6554/5302/6269 6553/5301/6268 6589/5337/6304 6590/5338/6305 
f 6555/5303/6270 6554/5302/6269 6590/5338/6305 6591/5339/6306 
f 6556/5304/6271 6555/5303/6270 6591/5339/6306 6592/5340/6307 
f 6557/5305/6272 6556/5304/6271 6592/5340/6307 6593/5341/6308 
f 6558/5306/6273 6557/5305/6272 6593/5341/6308 6594/5342/6309 
f 6559/5307/6274 6558/5306/6273 6594/5342/6309 6595/5343/6310 
f 6524/5273/6239 6559/5307/6274 6595/5343/6310 6560/5309/6275 
f 6560/5309/6275 6596/5344/5950 6561/5308/6276 
f 6561/5308/6276 6596/5344/5950 6562/5310/6277 
f 6562/5310/6277 6596/5344/5950 6563/5311/6278 
f 6563/5311/6278 6596/5344/5950 6564/5312/6279 
f 6564/5312/6279 6596/5344/5950 6565/5313/6280 
f 6565/5313/6280 6596/5344/5950 6566/5314/6281 
f 6566/5314/6281 6596/5344/5950 6567/5315/6282 
f 6567/5315/6282 6596/5344/5950 6568/5316/6283 
f 6568/5316/6283 6596/5344/5950 6569/5317/6284 
f 6569/5317/6284 6596/5344/5950 6570/5318/6285 
f 6570/5318/6285 6596/5344/5950 6571/5319/6286 
f 6571/5319/6286 6596/5344/5950 6572/5320/6287 
f 6572/5320/6287 6596/5344/5950 6573/5321/6288 
f 6573/5321/6288 6596/5344/5950 6574/5322/6289 
f 6574/5322/6289 6596/5344/5950 6575/5323/6290 
f 6575/5323/6290 6596/5344/5950 6576/5324/6291 
f 6576/5324/6291 6596/5344/5950 6577/5325/6292 
f 6577/5325/6292 6596/5344/5950 6578/5326/6293 
f 6578/5326/6293 6596/5344/5950 6579/5327/6294 
f 6579/5327/6294 6596/5344/5950 6580/5328/6295 
f 6580/5328/6295 6596/5344/5950 6581/5329/6296 
f 6581/5329/6296 6596/5344/5950 6582/5330/6297 
f 6582/5330/6297 6596/5344/5950 6583/5331/6298 
f 6583/5331/6298 6596/5344/5950 6584/5332/6299 
f 6584/5332/6299 6596/5344/5950 6585/5333/6300 
f 6585/5333/6300 6596/5344/5950 6586/5334/6301 
f 6586/5334/6301 6596/5344/5950 6587/5335/6302 
f 6587/5335/6302 6596/5344/5950 6588/5336/6303 
f 6588/5336/6303 6596/5344/5950 6589/5337/6304 
f 6589/5337/6304 6596/5344/5950 6590/5338/6305 
f 6590/5338/6305 6596/5344/5950 6591/5339/6306 
f 6591/5339/6306 6596/5344/5950 6592/5340/6307 
f 6592/5340/6307 6596/5344/5950 6593/5341/6308 
f 6593/5341/6308 6596/5344/5950 6594/5342/6309 
f 6594/5342/6309 6596/5344/5950 6595/5343/6310 
f 6595/5343/6310 6596/5344/5950 6560/5309/6275 
f 6237/4946/5952 6236/4943/5951 6597/5346/6311 6598/5345/6312 
f 6306/5015/6021 6237/4946/5952 6598/5345/6312 6599/5347/6313 
f 6304/5013/6019 6306/5015/6021 6599/5347/6313 6600/5348/6314 
f 6302/5011/6017 6304/5013/6019 6600/5348/6314 6601/5349/6315 
f 6300/5009/6015 6302/5011/6017 6601/5349/6315 6602/5350/6316 
f 6298/5007/6013 6300/5009/6015 6602/5350/6316 6603/5351/6317 
f 6296/5005/6011 6298/5007/6013 6603/5351/6317 6604/5352/6318 
f 6294/5003/6009 6296/5005/6011 6604/5352/6318 6605/5353/6319 
f 6292/5001/6007 6294/5003/6009 6605/5353/6319 6606/5354/6320 
f 6290/4999/6005 6292/5001/6007 6606/5354/6320 6607/5355/6321 
f 6288/4997/6003 6290/4999/6005 6607/5355/6321 6608/5356/6322 
f 6286/4995/6001 6288/4997/6003 6608/5356/6322 6609/5357/6323 
f 6284/4993/5999 6286/4995/6001 6609/5357/6323 6610/5358/6324 
f 6282/4991/5997 6284/4993/5999 6610/5358/6324 6611/5359/6325 
f 6280/4989/5995 6282/4991/5997 6611/5359/6325 6612/5360/6326 
f 6278/4987/5993 6280/4989/5995 6612/5360/6326 6613/5361/6327 
f 6276/4983/5991 6278/4987/5993 6613/5361/6327 6614/5362/6328 
f 6274/4986/5989 6276/4983/5991 6614/5362/6328 6615/5363/6329 
f 6272/4979/5987 6274/4981/5989 6615/5365/6329 6616/5364/6330 
f 6270/4977/5985 6272/4979/5987 6616/5364/6330 6617/5366/6331 
f 6268/4975/5983 6270/4977/5985 6617/5366/6331 6618/5367/6332 
f 6266/4973/5981 6268/4975/5983 6618/5367/6332 6619/5368/6333 
f 6264/4971/5979 6266/4973/5981 6619/5368/6333 6620/5369/6334 
f 6262/4969/5977 6264/4971/5979 6620/5369/6334 6621/5370/6335 
f 6260/4967/5975 6262/4969/5977 6621/5370/6335 6622/5371/6336 
f 6258/4965/5973 6260/4967/5975 6622/5371/6336 6623/5372/6337 
f 6256/4963/5971 6258/4965/5973 6623/5372/6337 6624/5373/6338 
f 6254/4961/5969 6256/4963/5971 6624/5373/6338 6625/5374/6339 
f 6252/4959/5967 6254/4961/5969 6625/5374/6339 6626/5375/6340 
f 6250/4957/5965 6252/4959/5967 6626/5375/6340 6627/5376/6341 
f 6248/4955/5963 6250/4957/5965 6627/5376/6341 6628/5377/6342 
f 6246/4953/5961 6248/4955/5963 6628/5377/6342 6629/5378/6343 
f 6244/4951/5959 6246/4953/5961 6629/5378/6343 6630/5379/6344 
f 6242/4949/5957 6244/4951/5959 6630/5379/6344 6631/5380/6345 
f 6240/4947/5955 6242/4949/5957 6631/5380/6345 6632/5381/6346 
f 6236/4943/5951 6240/4947/5955 6632/5381/6346 6597/5346/6311 
s 2
f 6598/5345/6312 6597/5346/6311 6633/5383/6347 6634/5382/6348 
f 6599/5347/6313 6598/5345/6312 6634/5382/6348 6635/5384/6349 
f 6600/5348/6314 6599/5347/6313 6635/5384/6349 6636/5385/6350 
f 6601/5349/6315 6600/5348/6314 6636/5385/6350 6637/5386/6351 
f 6602/5350/6316 6601/5349/6315 6637/5386/6351 6638/5387/6352 
f 6603/5351/6317 6602/5350/6316 6638/5387/6352 6639/5388/6353 
f 6604/5352/6318 6603/5351/6317 6639/5388/6353 6640/5389/6354 
f 6605/5353/6319 6604/5352/6318 6640/5389/6354 6641/5390/6355 
f 6606/5354/6320 6605/5353/6319 6641/5390/6355 6642/5391/6356 
f 6607/5355/6321 6606/5354/6320 6642/5391/6356 6643/5392/6357 
f 6608/5356/6322 6607/5355/6321 6643/5392/6357 6644/5393/6358 
f 6609/5357/6323 6608/5356/6322 6644/5393/6358 6645/5394/6359 
f 6610/5358/6324 6609/5357/6323 6645/5394/6359 6646/5395/6360 
f 6611/5359/6325 6610/5358/6324 6646/5395/6360 6647/5396/6361 
f 6612/5360/6326 6611/5359/6325 6647/5396/6361 6648/5397/6362 
f 6613/5361/6327 6612/5360/6326 6648/5397/6362 6649/5398/6363 
f 6614/5362/6328 6613/5361/6327 6649/5398/6363 6650/5399/6364 
f 6615/5363/6329 6614/5362/6328 6650/5399/6364 6651/5400/6365 
f 6616/5364/6330 6615/5365/6329 6651/5402/6365 6652/5401/6366 
f 6617/5366/6331 6616/5364/6330 6652/5401/6366 6653/5403/6367 
f 6618/5367/6332 6617/5366/6331 6653/5403/6367 6654/5404/6368 
f 6619/5368/6333 6618/5367/6332 6654/5404/6368 6655/5405/6369 
f 6620/5369/6334 6619/5368/6333 6655/5405/6369 6656/5406/6370 
f 6621/5370/6335 6620/5369/6334 6656/5406/6370 6657/5407/6371 
f 6622/5371/6336 6621/5370/6335 6657/5407/6371 6658/5408/6372 
f 6623/5372/6337 6622/5371/6336 6658/5408/6372 6659/5409/6373 
f 6624/5373/6338 6623/5372/6337 6659/5409/6373 6660/5410/6374 
f 6625/5374/6339 6624/5373/6338 6660/5410/6374 6661/5411/6375 
f 6626/5375/6340 6625/5374/6339 6661/5411/6375 6662/5412/6376 
f 6627/5376/6341 6626/5375/6340 6662/5412/6376 6663/5413/6377 
f 6628/5377/6342 6627/5376/6341 6663/5413/6377 6664/5414/6378 
f 6629/5378/6343 6628/5377/6342 6664/5414/6378 6665/5415/6379 
f 6630/5379/6344 6629/5378/6343 6665/5415/6379 6666/5416/6380 
f 6631/5380/6345 6630/5379/6344 6666/5416/6380 6667/5417/6381 
f 6632/5381/6346 6631/5380/6345 6667/5417/6381 6668/5418/6382 
f 6597/5346/6311 6632/5381/6346 6668/5418/6382 6633/5383/6347 
s 1
f 6634/5382/6348 6633/5383/6347 6669/5420/6383 6670/5419/6384 
f 6635/5384/6349 6634/5382/6348 6670/5419/6384 6671/5421/6385 
f 6636/5385/6350 6635/5384/6349 6671/5421/6385 6672/5422/6386 
f 6637/5386/6351 6636/5385/6350 6672/5422/6386 6673/5423/6387 
f 6638/5387/6352 6637/5386/6351 6673/5423/6387 6674/5424/6388 
f 6639/5388/6353 6638/5387/6352 6674/5424/6388 6675/5425/6389 
f 6640/5389/6354 6639/5388/6353 6675/5425/6389 6676/5426/6390 
f 6641/5390/6355 6640/5389/6354 6676/5426/6390 6677/5427/6391 
f 6642/5391/6356 6641/5390/6355 6677/5427/6391 6678/5428/6392 
f 6643/5392/6357 6642/5391/6356 6678/5428/6392 6679/5429/6393 
f 6644/5393/6358 6643/5392/6357 6679/5429/6393 6680/5430/6394 
f 6645/5394/6359 6644/5393/6358 6680/5430/6394 6681/5431/6395 
f 6646/5395/6360 6645/5394/6359 6681/5431/6395 6682/5432/6396 
f 6647/5396/6361 6646/5395/6360 6682/5432/6396 6683/5433/6397 
f 6648/5397/6362 6647/5396/6361 6683/5433/6397 6684/5434/6398 
f 6649/5398/6363 6648/5397/6362 6684/5434/6398 6685/5435/6399 
f 6650/5399/6364 6649/5398/6363 6685/5435/6399 6686/5436/6400 
f 6651/5400/6365 6650/5399/6364 6686/5436/6400 6687/5437/6401 
f 6652/5401/6366 6651/5402/6365 6687/5439/6401 6688/5438/6402 
f 6653/5403/6367 6652/5401/6366 6688/5438/6402 6689/5440/6403 
f 6654/5404/6368 6653/5403/6367 6689/5440/6403 6690/5441/6404 
f 6655/5405/6369 6654/5404/6368 6690/5441/6404 6691/5442/6405 
f 6656/5406/6370 6655/5405/6369 6691/5442/6405 6692/5443/6406 
f 6657/5407/6371 6656/5406/6370 6692/5443/6406 6693/5444/6407 
f 6658/5408/6372 6657/5407/6371 6693/5444/6407 6694/5445/6408 
f 6659/5409/6373 6658/5408/6372 6694/5445/6408 6695/5446/6409 
f 6660/5410/6374 6659/5409/6373 6695/5446/6409 6696/5447/6410 
f 6661/5411/6375 6660/5410/6374 6696/5447/6410 6697/5448/6411 
f 6662/5412/6376 6661/5411/6375 6697/5448/6411 6698/5449/6412 
f 6663/5413/6377 6662/5412/6376 6698/5449/6412 6699/5450/6413 
f 6664/5414/6378 6663/5413/6377 6699/5450/6413 6700/5451/6414 
f 6665/5415/6379 6664/5414/6378 6700/5451/6414 6701/5452/6415 
f 6666/5416/6380 6665/5415/6379 6701/5452/6415 6702/5453/6416 
f 6667/5417/6381 6666/5416/6380 6702/5453/6416 6703/5454/6417 
f 6668/5418/6382 6667/5417/6381 6703/5454/6417 6704/5455/6418 
f 6633/5383/6347 6668/5418/6382 6704/5455/6418 6669/5420/6383 
f 6670/5419/6384 6669/5420/6383 6705/5457/6419 6706/5456/6420 
f 6671/5421/6385 6670/5419/6384 6706/5456/6420 6707/5458/6421 
f 6672/5422/6386 6671/5421/6385 6707/5458/6421 6708/5459/6422 
f 6673/5423/6387 6672/5422/6386 6708/5459/6422 6709/5460/6423 
f 6674/5424/6388 6673/5423/6387 6709/5460/6423 6710/5461/6424 
f 6675/5425/6389 6674/5424/6388 6710/5461/6424 6711/5462/6425 
f 6676/5426/6390 6675/5425/6389 6711/5462/6425 6712/5463/6426 
f 6677/5427/6391 6676/5426/6390 6712/5463/6426 6713/5464/6427 
f 6678/5428/6392 6677/5427/6391 6713/5464/6427 6714/5465/6428 
f 6679/5429/6393 6678/5428/6392 6714/5465/6428 6715/5466/6429 
f 6680/5430/6394 6679/5429/6393 6715/5466/6429 6716/5467/6430 
f 6681/5431/6395 6680/5430/6394 6716/5467/6430 6717/5468/6431 
f 6682/5432/6396 6681/5431/6395 6717/5468/6431 6718/5469/6432 
f 6683/5433/6397 6682/5432/6396 6718/5469/6432 6719/5470/6433 
f 6684/5434/6398 6683/5433/6397 6719/5470/6433 6720/5471/6434 
f 6685/5435/6399 6684/5434/6398 6720/5471/6434 6721/5472/6435 
f 6686/5436/6400 6685/5435/6399 6721/5472/6435 6722/5473/6436 
f 6687/5437/6401 6686/5436/6400 6722/5473/6436 6723/5474/6437 
f 6688/5438/6402 6687/5439/6401 6723/5476/6437 6724/5475/6438 
f 6689/5440/6403 6688/5438/6402 6724/5475/6438 6725/5477/6439 
f 6690/5441/6404 6689/5440/6403 6725/5477/6439 6726/5478/6440 
f 6691/5442/6405 6690/5441/6404 6726/5478/6440 6727/5479/6441 
f 6692/5443/6406 6691/5442/6405 6727/5479/6441 6728/5480/6442 
f 6693/5444/6407 6692/5443/6406 6728/5480/6442 6729/5481/6443 
f 6694/5445/6408 6693/5444/6407 6729/5481/6443 6730/5482/6444 
f 6695/5446/6409 6694/5445/6408 6730/5482/6444 6731/5483/6445 
f 6696/5447/6410 6695/5446/6409 6731/5483/6445 6732/5484/6446 
f 6697/5448/6411 6696/5447/6410 6732/5484/6446 6733/5485/6447 
f 6698/5449/6412 6697/5448/6411 6733/5485/6447 6734/5486/6448 
f 6699/5450/6413 6698/5449/6412 6734/5486/6448 6735/5487/6449 
f 6700/5451/6414 6699/5450/6413 6735/5487/6449 6736/5488/6450 
f 6701/5452/6415 6700/5451/6414 6736/5488/6450 6737/5489/6451 
f 6702/5453/6416 6701/5452/6415 6737/5489/6451 6738/5490/6452 
f 6703/5454/6417 6702/5453/6416 6738/5490/6452 6739/5491/6453 
f 6704/5455/6418 6703/5454/6417 6739/5491/6453 6740/5492/6454 
f 6669/5420/6383 6704/5455/6418 6740/5492/6454 6705/5457/6419 
s 2
f 6706/5456/6420 6705/5457/6419 6741/5494/6455 6742/5493/6456 
f 6707/5458/6421 6706/5456/6420 6742/5493/6456 6743/5495/6457 
f 6708/5459/6422 6707/5458/6421 6743/5495/6457 6744/5496/6458 
f 6709/5460/6423 6708/5459/6422 6744/5496/6458 6745/5497/6459 
f 6710/5461/6424 6709/5460/6423 6745/5497/6459 6746/5498/6460 
f 6711/5462/6425 6710/5461/6424 6746/5498/6460 6747/5499/6461 
f 6712/5463/6426 6711/5462/6425 6747/5499/6461 6748/5500/6462 
f 6713/5464/6427 6712/5463/6426 6748/5500/6462 6749/5501/6463 
f 6714/5465/6428 6713/5464/6427 6749/5501/6463 6750/5502/6464 
f 6715/5466/6429 6714/5465/6428 6750/5502/6464 6751/5503/6465 
f 6716/5467/6430 6715/5466/6429 6751/5503/6465 6752/5504/6466 
f 6717/5468/6431 6716/5467/6430 6752/5504/6466 6753/5505/6467 
f 6718/5469/6432 6717/5468/6431 6753/5505/6467 6754/5506/6468 
f 6719/5470/6433 6718/5469/6432 6754/5506/6468 6755/5507/6469 
f 6720/5471/6434 6719/5470/6433 6755/5507/6469 6756/5508/6470 
f 6721/5472/6435 6720/5471/6434 6756/5508/6470 6757/5509/6471 
f 6722/5473/6436 6721/5472/6435 6757/5509/6471 6758/5510/6472 
f 6723/5474/6437 6722/5473/6436 6758/5510/6472 6759/5511/6473 
f 6724/5475/6438 6723/5476/6437 6759/5513/6473 6760/5512/6474 
f 6725/5477/6439 6724/5475/6438 6760/5512/6474 6761/5514/6475 
f 6726/5478/6440 6725/5477/6439 6761/5514/6475 6762/5515/6476 
f 6727/5479/6441 6726/5478/6440 6762/5515/6476 6763/5516/6477 
f 6728/5480/6442 6727/5479/6441 6763/5516/6477 6764/5517/6478 
f 6729/5481/6443 6728/5480/6442 6764/5517/6478 6765/5518/6479 
f 6730/5482/6444 6729/5481/6443 6765/5518/6479 6766/5519/6480 
f 6731/5483/6445 6730/5482/6444 6766/5519/6480 6767/5520/6481 
f 6732/5484/6446 6731/5483/6445 6767/5520/6481 6768/5521/6482 
f 6733/5485/6447 6732/5484/6446 6768/5521/6482 6769/5522/6483 
f 6734/5486/6448 6733/5485/6447 6769/5522/6483 6770/5523/6484 
f 6735/5487/6449 6734/5486/6448 6770/5523/6484 6771/5524/6485 
f 6736/5488/6450 6735/5487/6449 6771/5524/6485 6772/5525/6486 
f 6737/5489/6451 6736/5488/6450 6772/5525/6486 6773/5526/6487 
f 6738/5490/6452 6737/5489/6451 6773/5526/6487 6774/5527/6488 
f 6739/5491/6453 6738/5490/6452 6774/5527/6488 6775/5528/6489 
f 6740/5492/6454 6739/5491/6453 6775/5528/6489 6776/5529/6490 
f 6705/5457/6419 6740/5492/6454 6776/5529/6490 6741/5494/6455 
s 1
f 6742/5530/6456 6741/5533/6455 6777/5532/6491 6778/5531/6492 
f 6743/5534/6457 6742/5530/6456 6778/5531/6492 6779/5535/6493 
f 6744/5536/6458 6743/5534/6457 6779/5535/6493 6780/5537/6494 
f 6745/5538/6459 6744/5536/6458 6780/5537/6494 6781/5539/6495 
f 6746/5540/6460 6745/5538/6459 6781/5539/6495 6782/5541/6496 
f 6747/5542/6461 6746/5540/6460 6782/5541/6496 6783/5543/6497 
f 6748/5544/6462 6747/5542/6461 6783/5543/6497 6784/5545/6498 
f 6749/5546/6463 6748/5544/6462 6784/5545/6498 6785/5547/6499 
f 6750/5548/6464 6749/5546/6463 6785/5547/6499 6786/5549/6500 
f 6751/5550/6465 6750/5548/6464 6786/5549/6500 6787/5551/6501 
f 6752/5552/6466 6751/5550/6465 6787/5551/6501 6788/5553/6502 
f 6753/5554/6467 6752/5552/6466 6788/5553/6502 6789/5555/6503 
f 6754/5556/6468 6753/5554/6467 6789/5555/6503 6790/5557/6504 
f 6755/5558/6469 6754/5556/6468 6790/5557/6504 6791/5559/6505 
f 6756/5560/6470 6755/5558/6469 6791/5559/6505 6792/5561/6506 
f 6757/5562/6471 6756/5560/6470 6792/5561/6506 6793/5563/6507 
f 6758/5564/6472 6757/5562/6471 6793/5563/6507 6794/5565/6508 
f 6759/5566/6473 6758/5564/6472 6794/5565/6508 6795/5567/6509 
f 6760/5568/6474 6759/5566/6473 6795/5567/6509 6796/5569/6510 
f 6761/5570/6475 6760/5568/6474 6796/5569/6510 6797/5571/6511 
f 6762/5572/6476 6761/5570/6475 6797/5571/6511 6798/5573/6512 
f 6763/5574/6477 6762/5572/6476 6798/5573/6512 6799/5575/6513 
f 6764/5576/6478 6763/5574/6477 6799/5575/6513 6800/5577/6514 
f 6765/5578/6479 6764/5576/6478 6800/5577/6514 6801/5579/6515 
f 6766/5580/6480 6765/5578/6479 6801/5579/6515 6802/5581/6516 
f 6767/5582/6481 6766/5580/6480 6802/5581/6516 6803/5583/6517 
f 6768/5584/6482 6767/5582/6481 6803/5583/6517 6804/5585/6518 
f 6769/5586/6483 6768/5584/6482 6804/5585/6518 6805/5587/6519 
f 6770/5588/6484 6769/5586/6483 6805/5587/6519 6806/5589/6520 
f 6771/5590/6485 6770/5588/6484 6806/5589/6520 6807/5591/6521 
f 6772/5592/6486 6771/5590/6485 6807/5591/6521 6808/5593/6522 
f 6773/5594/6487 6772/5592/6486 6808/5593/6522 6809/5595/6523 
f 6774/5596/6488 6773/5594/6487 6809/5595/6523 6810/5597/6524 
f 6775/5598/6489 6774/5596/6488 6810/5597/6524 6811/5599/6525 
f 6776/5600/6490 6775/5598/6489 6811/5599/6525 6812/5601/6526 
f 6741/5533/6455 6776/5600/6490 6812/5601/6526 6777/5532/6491 
s 2
f 6778/5531/6492 6777/5532/6491 6813/5603/6527 6814/5602/6528 
f 6779/5535/6493 6778/5531/6492 6814/5602/6528 6815/5604/6529 
f 6780/5537/6494 6779/5535/6493 6815/5604/6529 6816/5605/6530 
f 6781/5539/6495 6780/5537/6494 6816/5605/6530 6817/5606/6531 
f 6782/5541/6496 6781/5539/6495 6817/5606/6531 6818/5607/6532 
f 6783/5543/6497 6782/5541/6496 6818/5607/6532 6819/5608/6533 
f 6784/5545/6498 6783/5543/6497 6819/5608/6533 6820/5609/6534 
f 6785/5547/6499 6784/5545/6498 6820/5609/6534 6821/5610/6535 
f 6786/5549/6500 6785/5547/6499 6821/5610/6535 6822/5611/6536 
f 6787/5551/6501 6786/5549/6500 6822/5611/6536 6823/5612/6537 
f 6788/5553/6502 6787/5551/6501 6823/5612/6537 6824/5613/6538 
f 6789/5555/6503 6788/5553/6502 6824/5613/6538 6825/5614/6539 
f 6790/5557/6504 6789/5555/6503 6825/5614/6539 6826/5615/6540 
f 6791/5559/6505 6790/5557/6504 6826/5615/6540 6827/5616/6541 
f 6792/5561/6506 6791/5559/6505 6827/5616/6541 6828/5617/6542 
f 6793/5563/6507 6792/5561/6506 6828/5617/6542 6829/5618/6543 
f 6794/5565/6508 6793/5563/6507 6829/5618/6543 6830/5619/6544 
f 6795/5567/6509 6794/5565/6508 6830/5619/6544 6831/5620/6545 
f 6796/5569/6510 6795/5567/6509 6831/5620/6545 6832/5621/6546 
f 6797/5571/6511 6796/5569/6510 6832/5621/6546 6833/5622/6547 
f 6798/5573/6512 6797/5571/6511 6833/5622/6547 6834/5623/6548 
f 6799/5575/6513 6798/5573/6512 6834/5623/6548 6835/5624/6549 
f 6800/5577/6514 6799/5575/6513 6835/5624/6549 6836/5625/6550 
f 6801/5579/6515 6800/5577/6514 6836/5625/6550 6837/5626/6551 
f 6802/5581/6516 6801/5579/6515 6837/5626/6551 6838/5627/6552 
f 6803/5583/6517 6802/5581/6516 6838/5627/6552 6839/5628/6553 
f 6804/5585/6518 6803/5583/6517 6839/5628/6553 6840/5629/6554 
f 6805/5587/6519 6804/5585/6518 6840/5629/6554 6841/5630/6555 
f 6806/5589/6520 6805/5587/6519 6841/5630/6555 6842/5631/6556 
f 6807/5591/6521 6806/5589/6520 6842/5631/6556 6843/5632/6557 
f 6808/5593/6522 6807/5591/6521 6843/5632/6557 6844/5633/6558 
f 6809/5595/6523 6808/5593/6522 6844/5633/6558 6845/5634/6559 
f 6810/5597/6524 6809/5595/6523 6845/5634/6559 6846/5635/6560 
f 6811/5599/6525 6810/5597/6524 6846/5635/6560 6847/5636/6561 
f 6812/5601/6526 6811/5599/6525 6847/5636/6561 6848/5637/6562 
f 6777/5532/6491 6812/5601/6526 6848/5637/6562 6813/5603/6527 
s 1
f 6814/5602/6528 6813/5603/6527 6849/5639/6563 6850/5638/6564 
f 6815/5604/6529 6814/5602/6528 6850/5638/6564 6851/5640/6565 
f 6816/5605/6530 6815/5604/6529 6851/5640/6565 6852/5641/6566 
f 6817/5606/6531 6816/5605/6530 6852/5641/6566 6853/5642/6567 
f 6818/5607/6532 6817/5606/6531 6853/5642/6567 6854/5643/6568 
f 6819/5608/6533 6818/5607/6532 6854/5643/6568 6855/5644/6569 
f 6820/5609/6534 6819/5608/6533 6855/5644/6569 6856/5645/6570 
f 6821/5610/6535 6820/5609/6534 6856/5645/6570 6857/5646/6571 
f 6822/5611/6536 6821/5610/6535 6857/5646/6571 6858/5647/6572 
f 6823/5612/6537 6822/5611/6536 6858/5647/6572 6859/5648/6573 
f 6824/5613/6538 6823/5612/6537 6859/5648/6573 6860/5649/6574 
f 6825/5614/6539 6824/5613/6538 6860/5649/6574 6861/5650/6575 
f 6826/5615/6540 6825/5614/6539 6861/5650/6575 6862/5651/6576 
f 6827/5616/6541 6826/5615/6540 6862/5651/6576 6863/5652/6577 
f 6828/5617/6542 6827/5616/6541 6863/5652/6577 6864/5653/6578 
f 6829/5618/6543 6828/5617/6542 6864/5653/6578 6865/5654/6579 
f 6830/5619/6544 6829/5618/6543 6865/5654/6579 6866/5655/6580 
f 6831/5620/6545 6830/5619/6544 6866/5655/6580 6867/5656/6581 
f 6832/5621/6546 6831/5620/6545 6867/5656/6581 6868/5657/6582 
f 6833/5622/6547 6832/5621/6546 6868/5657/6582 6869/5658/6583 
f 6834/5623/6548 6833/5622/6547 6869/5658/6583 6870/5659/6584 
f 6835/5624/6549 6834/5623/6548 6870/5659/6584 6871/5660/6585 
f 6836/5625/6550 6835/5624/6549 6871/5660/6585 6872/5661/6586 
f 6837/5626/6551 6836/5625/6550 6872/5661/6586 6873/5662/6587 
f 6838/5627/6552 6837/5626/6551 6873/5662/6587 6874/5663/6588 
f 6839/5628/6553 6838/5627/6552 6874/5663/6588 6875/5664/6589 
f 6840/5629/6554 6839/5628/6553 6875/5664/6589 6876/5665/6590 
f 6841/5630/6555 6840/5629/6554 6876/5665/6590 6877/5666/6591 
f 6842/5631/6556 6841/5630/6555 6877/5666/6591 6878/5667/6592 
f 6843/5632/6557 6842/5631/6556 6878/5667/6592 6879/5668/6593 
f 6844/5633/6558 6843/5632/6557 6879/5668/6593 6880/5669/6594 
f 6845/5634/6559 6844/5633/6558 6880/5669/6594 6881/5670/6595 
f 6846/5635/6560 6845/5634/6559 6881/5670/6595 6882/5671/6596 
f 6847/5636/6561 6846/5635/6560 6882/5671/6596 6883/5672/6597 
f 6848/5637/6562 6847/5636/6561 6883/5672/6597 6884/5673/6598 
f 6813/5603/6527 6848/5637/6562 6884/5673/6598 6849/5639/6563 
s 2
f 6850/5638/6564 6849/5639/6563 6885/5675/6599 6886/5674/6600 
f 6851/5640/6565 6850/5638/6564 6886/5674/6600 6887/5676/6601 
f 6852/5641/6566 6851/5640/6565 6887/5676/6601 6888/5677/6602 
f 6853/5642/6567 6852/5641/6566 6888/5677/6602 6889/5678/6603 
f 6854/5643/6568 6853/5642/6567 6889/5678/6603 6890/5679/6604 
f 6855/5644/6569 6854/5643/6568 6890/5679/6604 6891/5680/6605 
f 6856/5645/6570 6855/5644/6569 6891/5680/6605 6892/5681/6606 
f 6857/5646/6571 6856/5645/6570 6892/5681/6606 6893/5682/6607 
f 6858/5647/6572 6857/5646/6571 6893/5682/6607 6894/5683/6608 
f 6859/5648/6573 6858/5647/6572 6894/5683/6608 6895/5684/6609 
f 6860/5649/6574 6859/5648/6573 6895/5684/6609 6896/5685/6610 
f 6861/5650/6575 6860/5649/6574 6896/5685/6610 6897/5686/6611 
f 6862/5651/6576 6861/5650/6575 6897/5686/6611 6898/5687/6612 
f 6863/5652/6577 6862/5651/6576 6898/5687/6612 6899/5688/6613 
f 6864/5653/6578 6863/5652/6577 6899/5688/6613 6900/5689/6614 
f 6865/5654/6579 6864/5653/6578 6900/5689/6614 6901/5690/6615 
f 6866/5655/6580 6865/5654/6579 6901/5690/6615 6902/5691/6616 
f 6867/5656/6581 6866/5655/6580 6902/5691/6616 6903/5692/6617 
f 6868/5657/6582 6867/5656/6581 6903/5692/6617 6904/5693/6618 
f 6869/5658/6583 6868/5657/6582 6904/5693/6618 6905/5694/6619 
f 6870/5659/6584 6869/5658/6583 6905/5694/6619 6906/5695/6620 
f 6871/5660/6585 6870/5659/6584 6906/5695/6620 6907/5696/6621 
f 6872/5661/6586 6871/5660/6585 6907/5696/6621 6908/5697/6622 
f 6873/5662/6587 6872/5661/6586 6908/5697/6622 6909/5698/6623 
f 6874/5663/6588 6873/5662/6587 6909/5698/6623 6910/5699/6624 
f 6875/5664/6589 6874/5663/6588 6910/5699/6624 6911/5700/6625 
f 6876/5665/6590 6875/5664/6589 6911/5700/6625 6912/5701/6626 
f 6877/5666/6591 6876/5665/6590 6912/5701/6626 6913/5702/6627 
f 6878/5667/6592 6877/5666/6591 6913/5702/6627 6914/5703/6628 
f 6879/5668/6593 6878/5667/6592 6914/5703/6628 6915/5704/6629 
f 6880/5669/6594 6879/5668/6593 6915/5704/6629 6916/5705/6630 
f 6881/5670/6595 6880/5669/6594 6916/5705/6630 6917/5706/6631 
f 6882/5671/6596 6881/5670/6595 6917/5706/6631 6918/5707/6632 
f 6883/5672/6597 6882/5671/6596 6918/5707/6632 6919/5708/6633 
f 6884/5673/6598 6883/5672/6597 6919/5708/6633 6920/5709/6634 
f 6849/5639/6563 6884/5673/6598 6920/5709/6634 6885/5675/6599 
f 6886/5674/6600 6885/5675/6599 6921/5711/6635 6922/5710/6636 
f 6887/5676/6601 6886/5674/6600 6922/5710/6636 6923/5712/6637 
f 6888/5677/6602 6887/5676/6601 6923/5712/6637 6924/5713/6638 
f 6889/5678/6603 6888/5677/6602 6924/5713/6638 6925/5714/6639 
f 6890/5679/6604 6889/5678/6603 6925/5714/6639 6926/5715/6640 
f 6891/5680/6605 6890/5679/6604 6926/5715/6640 6927/5716/6641 
f 6892/5681/6606 6891/5680/6605 6927/5716/6641 6928/5717/6642 
f 6893/5682/6607 6892/5681/6606 6928/5717/6642 6929/5718/6643 
f 6894/5683/6608 6893/5682/6607 6929/5718/6643 6930/5719/6644 
f 6895/5684/6609 6894/5683/6608 6930/5719/6644 6931/5720/6645 
f 6896/5685/6610 6895/5684/6609 6931/5720/6645 6932/5721/6646 
f 6897/5686/6611 6896/5685/6610 6932/5721/6646 6933/5722/6647 
f 6898/5687/6612 6897/5686/6611 6933/5722/6647 6934/5723/6648 
f 6899/5688/6613 6898/5687/6612 6934/5723/6648 6935/5724/6649 
f 6900/5689/6614 6899/5688/6613 6935/5724/6649 6936/5725/6650 
f 6901/5690/6615 6900/5689/6614 6936/5725/6650 6937/5726/6651 
f 6902/5691/6616 6901/5690/6615 6937/5726/6651 6938/5727/6652 
f 6903/5692/6617 6902/5691/6616 6938/5727/6652 6939/5728/6653 
f 6904/5693/6618 6903/5692/6617 6939/5728/6653 6940/5729/6654 
f 6905/5694/6619 6904/5693/6618 6940/5729/6654 6941/5730/6655 
f 6906/5695/6620 6905/5694/6619 6941/5730/6655 6942/5731/6656 
f 6907/5696/6621 6906/5695/6620 6942/5731/6656 6943/5732/6657 
f 6908/5697/6622 6907/5696/6621 6943/5732/6657 6944/5733/6658 
f 6909/5698/6623 6908/5697/6622 6944/5733/6658 6945/5734/6659 
f 6910/5699/6624 6909/5698/6623 6945/5734/6659 6946/5735/6660 
f 6911/5700/6625 6910/5699/6624 6946/5735/6660 6947/5736/6661 
f 6912/5701/6626 6911/5700/6625 6947/5736/6661 6948/5737/6662 
f 6913/5702/6627 6912/5701/6626 6948/5737/6662 6949/5738/6663 
f 6914/5703/6628 6913/5702/6627 6949/5738/6663 6950/5739/6664 
f 6915/5704/6629 6914/5703/6628 6950/5739/6664 6951/5740/6665 
f 6916/5705/6630 6915/5704/6629 6951/5740/6665 6952/5741/6666 
f 6917/5706/6631 6916/5705/6630 6952/5741/6666 6953/5742/6667 
f 6918/5707/6632 6917/5706/6631 6953/5742/6667 6954/5743/6668 
f 6919/5708/6633 6918/5707/6632 6954/5743/6668 6955/5744/6669 
f 6920/5709/6634 6919/5708/6633 6955/5744/6669 6956/5745/6670 
f 6885/5675/6599 6920/5709/6634 6956/5745/6670 6921/5711/6635 
s 1
f 6922/5710/6636 6921/5711/6635 6957/5747/6671 6958/5746/6672 
f 6923/5712/6637 6922/5710/6636 6958/5746/6672 6959/5748/6673 
f 6924/5713/6638 6923/5712/6637 6959/5748/6673 6960/5749/6674 
f 6925/5714/6639 6924/5713/6638 6960/5749/6674 6961/5750/6675 
f 6926/5715/6640 6925/5714/6639 6961/5750/6675 6962/5751/6676 
f 6927/5716/6641 6926/5715/6640 6962/5751/6676 6963/5752/6677 
f 6928/5717/6642 6927/5716/6641 6963/5752/6677 6964/5753/6678 
f 6929/5718/6643 6928/5717/6642 6964/5753/6678 6965/5754/6679 
f 6930/5719/6644 6929/5718/6643 6965/5754/6679 6966/5755/6680 
f 6931/5720/6645 6930/5719/6644 6966/5755/6680 6967/5756/6681 
f 6932/5721/6646 6931/5720/6645 6967/5756/6681 6968/5757/6682 
f 6933/5722/6647 6932/5721/6646 6968/5757/6682 6969/5758/6683 
f 6934/5723/6648 6933/5722/6647 6969/5758/6683 6970/5759/6684 
f 6935/5724/6649 6934/5723/6648 6970/5759/6684 6971/5760/6685 
f 6936/5725/6650 6935/5724/6649 6971/5760/6685 6972/5761/6686 
f 6937/5726/6651 6936/5725/6650 6972/5761/6686 6973/5762/6687 
f 6938/5727/6652 6937/5726/6651 6973/5762/6687 6974/5763/6688 
f 6939/5728/6653 6938/5727/6652 6974/5763/6688 6975/5764/6689 
f 6940/5729/6654 6939/5728/6653 6975/5764/6689 6976/5765/6690 
f 6941/5730/6655 6940/5729/6654 6976/5765/6690 6977/5766/6691 
f 6942/5731/6656 6941/5730/6655 6977/5766/6691 6978/5767/6692 
f 6943/5732/6657 6942/5731/6656 6978/5767/6692 6979/5768/6693 
f 6944/5733/6658 6943/5732/6657 6979/5768/6693 6980/5769/6694 
f 6945/5734/6659 6944/5733/6658 6980/5769/6694 6981/5770/6695 
f 6946/5735/6660 6945/5734/6659 6981/5770/6695 6982/5771/6696 
f 6947/5736/6661 6946/5735/6660 6982/5771/6696 6983/5772/6697 
f 6948/5737/6662 6947/5736/6661 6983/5772/6697 6984/5773/6698 
f 6949/5738/6663 6948/5737/6662 6984/5773/6698 6985/5774/6699 
f 6950/5739/6664 6949/5738/6663 6985/5774/6699 6986/5775/6700 
f 6951/5740/6665 6950/5739/6664 6986/5775/6700 6987/5776/6701 
f 6952/5741/6666 6951/5740/6665 6987/5776/6701 6988/5777/6702 
f 6953/5742/6667 6952/5741/6666 6988/5777/6702 6989/5778/6703 
f 6954/5743/6668 6953/5742/6667 6989/5778/6703 6990/5779/6704 
f 6955/5744/6669 6954/5743/6668 6990/5779/6704 6991/5780/6705 
f 6956/5745/6670 6955/5744/6669 6991/5780/6705 6992/5781/6706 
f 6921/5711/6635 6956/5745/6670 6992/5781/6706 6957/5747/6671 
f 6957/5747/6671 6993/5782/5553 6958/5746/6672 
f 6958/5746/6672 6993/5782/5553 6959/5748/6673 
f 6959/5748/6673 6993/5782/5553 6960/5749/6674 
f 6960/5749/6674 6993/5782/5553 6961/5750/6675 
f 6961/5750/6675 6993/5782/5553 6962/5751/6676 
f 6962/5751/6676 6993/5782/5553 6963/5752/6677 
f 6963/5752/6677 6993/5782/5553 6964/5753/6678 
f 6964/5753/6678 6993/5782/5553 6965/5754/6679 
f 6965/5754/6679 6993/5782/5553 6966/5755/6680 
f 6966/5755/6680 6993/5782/5553 6967/5756/6681 
f 6967/5756/6681 6993/5782/5553 6968/5757/6682 
f 6968/5757/6682 6993/5782/5553 6969/5758/6683 
f 6969/5758/6683 6993/5782/5553 6970/5759/6684 
f 6970/5759/6684 6993/5782/5553 6971/5760/6685 
f 6971/5760/6685 6993/5782/5553 6972/5761/6686 
f 6972/5761/6686 6993/5782/5553 6973/5762/6687 
f 6973/5762/6687 6993/5782/5553 6974/5763/6688 
f 6974/5763/6688 6993/5782/5553 6975/5764/6689 
f 6975/5764/6689 6993/5782/5553 6976/5765/6690 
f 6976/5765/6690 6993/5782/5553 6977/5766/6691 
f 6977/5766/6691 6993/5782/5553 6978/5767/6692 
f 6978/5767/6692 6993/5782/5553 6979/5768/6693 
f 6979/5768/6693 6993/5782/5553 6980/5769/6694 
f 6980/5769/6694 6993/5782/5553 6981/5770/6695 
f 6981/5770/6695 6993/5782/5553 6982/5771/6696 
f 6982/5771/6696 6993/5782/5553 6983/5772/6697 
f 6983/5772/6697 6993/5782/5553 6984/5773/6698 
f 6984/5773/6698 6993/5782/5553 6985/5774/6699 
f 6985/5774/6699 6993/5782/5553 6986/5775/6700 
f 6986/5775/6700 6993/5782/5553 6987/5776/6701 
f 6987/5776/6701 6993/5782/5553 6988/5777/6702 
f 6988/5777/6702 6993/5782/5553 6989/5778/6703 
f 6989/5778/6703 6993/5782/5553 6990/5779/6704 
f 6990/5779/6704 6993/5782/5553 6991/5780/6705 
f 6991/5780/6705 6993/5782/5553 6992/5781/6706 
f 6992/5781/6706 6993/5782/5553 6957/5747/6671 
# 1440 polygons - 144 triangles

